ISO-10303-21;
HEADER;
FILE_DESCRIPTION(('KiCad electronic assembly'),'2;1');
FILE_NAME('ledcube.step','2026-07-24T20:13:32',('Pcbnew'),('Kicad'),
  'Open CASCADE STEP processor 7.9','KiCad to STEP converter','Unknown'
  );
FILE_SCHEMA(('AUTOMOTIVE_DESIGN { 1 0 10303 214 1 1 1 1 }'));
ENDSEC;
DATA;
#1 = APPLICATION_PROTOCOL_DEFINITION('international standard',
  'automotive_design',2000,#2);
#2 = APPLICATION_CONTEXT(
  'core data for automotive mechanical design processes');
#3 = SHAPE_DEFINITION_REPRESENTATION(#4,#10);
#4 = PRODUCT_DEFINITION_SHAPE('','',#5);
#5 = PRODUCT_DEFINITION('design','',#6,#9);
#6 = PRODUCT_DEFINITION_FORMATION('','',#7);
#7 = PRODUCT('ledcube 1','ledcube 1','',(#8));
#8 = PRODUCT_CONTEXT('',#2,'mechanical');
#9 = PRODUCT_DEFINITION_CONTEXT('part definition',#2,'design');
#10 = SHAPE_REPRESENTATION('',(#11,#15,#19,#23,#27,#31,#35,#39,#43,#47,
    #51,#55,#59,#63,#67,#71,#75,#79,#83,#87,#91,#95,#99,#103,#107,#111,
    #115,#119,#123,#127,#131,#135,#139,#143,#147,#151,#155,#159),#163);
#11 = AXIS2_PLACEMENT_3D('',#12,#13,#14);
#12 = CARTESIAN_POINT('',(0.,0.,0.));
#13 = DIRECTION('',(0.,0.,1.));
#14 = DIRECTION('',(1.,0.,-0.));
#15 = AXIS2_PLACEMENT_3D('',#16,#17,#18);
#16 = CARTESIAN_POINT('',(108.5,-79.,1.685));
#17 = DIRECTION('',(0.,0.,1.));
#18 = DIRECTION('',(-1.,1.224646799147E-16,0.));
#19 = AXIS2_PLACEMENT_3D('',#20,#21,#22);
#20 = CARTESIAN_POINT('',(85.675,-87.5,1.685));
#21 = DIRECTION('',(0.,0.,1.));
#22 = DIRECTION('',(-1.,1.224646799147E-16,0.));
#23 = AXIS2_PLACEMENT_3D('',#24,#25,#26);
#24 = CARTESIAN_POINT('',(97.54,-58.77,1.685));
#25 = DIRECTION('',(0.,0.,1.));
#26 = DIRECTION('',(1.,0.,0.));
#27 = AXIS2_PLACEMENT_3D('',#28,#29,#30);
#28 = CARTESIAN_POINT('',(97.,-74.5,1.685));
#29 = DIRECTION('',(0.,0.,1.));
#30 = DIRECTION('',(-1.,1.224646799147E-16,0.));
#31 = AXIS2_PLACEMENT_3D('',#32,#33,#34);
#32 = CARTESIAN_POINT('',(108.5,-86.,1.685));
#33 = DIRECTION('',(0.,0.,1.));
#34 = DIRECTION('',(-1.,1.224646799147E-16,0.));
#35 = AXIS2_PLACEMENT_3D('',#36,#37,#38);
#36 = CARTESIAN_POINT('',(85.5,-79.,1.685));
#37 = DIRECTION('',(0.,0.,1.));
#38 = DIRECTION('',(-1.,1.224646799147E-16,0.));
#39 = AXIS2_PLACEMENT_3D('',#40,#41,#42);
#40 = CARTESIAN_POINT('',(85.5,-72.5,1.685));
#41 = DIRECTION('',(0.,0.,1.));
#42 = DIRECTION('',(-1.,1.224646799147E-16,0.));
#43 = AXIS2_PLACEMENT_3D('',#44,#45,#46);
#44 = CARTESIAN_POINT('',(85.5,-77.,1.685));
#45 = DIRECTION('',(0.,0.,1.));
#46 = DIRECTION('',(-1.,1.224646799147E-16,0.));
#47 = AXIS2_PLACEMENT_3D('',#48,#49,#50);
#48 = CARTESIAN_POINT('',(97.,-79.,1.685));
#49 = DIRECTION('',(0.,0.,1.));
#50 = DIRECTION('',(-1.,1.224646799147E-16,0.));
#51 = AXIS2_PLACEMENT_3D('',#52,#53,#54);
#52 = CARTESIAN_POINT('',(108.675,-72.5,1.685));
#53 = DIRECTION('',(0.,0.,1.));
#54 = DIRECTION('',(-1.,1.224646799147E-16,0.));
#55 = AXIS2_PLACEMENT_3D('',#56,#57,#58);
#56 = CARTESIAN_POINT('',(114.195,-91.5125,1.685));
#57 = DIRECTION('',(-0.,0.,1.));
#58 = DIRECTION('',(1.110223024625E-16,-1.,0.));
#59 = AXIS2_PLACEMENT_3D('',#60,#61,#62);
#60 = CARTESIAN_POINT('',(97.,-86.,1.685));
#61 = DIRECTION('',(0.,0.,1.));
#62 = DIRECTION('',(-1.,1.224646799147E-16,0.));
#63 = AXIS2_PLACEMENT_3D('',#64,#65,#66);
#64 = CARTESIAN_POINT('',(108.5,-70.5,1.685));
#65 = DIRECTION('',(0.,0.,1.));
#66 = DIRECTION('',(-1.,1.224646799147E-16,0.));
#67 = AXIS2_PLACEMENT_3D('',#68,#69,#70);
#68 = CARTESIAN_POINT('',(85.325,-81.,1.685));
#69 = DIRECTION('',(0.,0.,1.));
#70 = DIRECTION('',(-1.,1.224646799147E-16,0.));
#71 = AXIS2_PLACEMENT_3D('',#72,#73,#74);
#72 = CARTESIAN_POINT('',(97.,-84.,1.685));
#73 = DIRECTION('',(0.,0.,1.));
#74 = DIRECTION('',(-1.,1.224646799147E-16,0.));
#75 = AXIS2_PLACEMENT_3D('',#76,#77,#78);
#76 = CARTESIAN_POINT('',(85.5,-74.5,1.685));
#77 = DIRECTION('',(0.,0.,1.));
#78 = DIRECTION('',(-1.,1.224646799147E-16,0.));
#79 = AXIS2_PLACEMENT_3D('',#80,#81,#82);
#80 = CARTESIAN_POINT('',(82.45,-90.875,1.685));
#81 = DIRECTION('',(0.,0.,1.));
#82 = DIRECTION('',(1.,0.,0.));
#83 = AXIS2_PLACEMENT_3D('',#84,#85,#86);
#84 = CARTESIAN_POINT('',(108.5,-83.5,1.685));
#85 = DIRECTION('',(0.,0.,1.));
#86 = DIRECTION('',(-1.,1.224646799147E-16,0.));
#87 = AXIS2_PLACEMENT_3D('',#88,#89,#90);
#88 = CARTESIAN_POINT('',(108.5,-88.,1.685));
#89 = DIRECTION('',(0.,0.,1.));
#90 = DIRECTION('',(-1.,1.224646799147E-16,0.));
#91 = AXIS2_PLACEMENT_3D('',#92,#93,#94);
#92 = CARTESIAN_POINT('',(120.54,-95.77,1.685));
#93 = DIRECTION('',(0.,0.,1.));
#94 = DIRECTION('',(1.,0.,0.));
#95 = AXIS2_PLACEMENT_3D('',#96,#97,#98);
#96 = CARTESIAN_POINT('',(85.5,-83.5,1.685));
#97 = DIRECTION('',(0.,0.,1.));
#98 = DIRECTION('',(-1.,1.224646799147E-16,0.));
#99 = AXIS2_PLACEMENT_3D('',#100,#101,#102);
#100 = CARTESIAN_POINT('',(97.,-70.5,1.685));
#101 = DIRECTION('',(0.,0.,1.));
#102 = DIRECTION('',(-1.,1.224646799147E-16,0.));
#103 = AXIS2_PLACEMENT_3D('',#104,#105,#106);
#104 = CARTESIAN_POINT('',(85.5,-85.5,1.685));
#105 = DIRECTION('',(0.,0.,1.));
#106 = DIRECTION('',(-1.,1.224646799147E-16,0.));
#107 = AXIS2_PLACEMENT_3D('',#108,#109,#110);
#108 = CARTESIAN_POINT('',(97.,-81.,1.685));
#109 = DIRECTION('',(0.,0.,1.));
#110 = DIRECTION('',(-1.,1.224646799147E-16,0.));
#111 = AXIS2_PLACEMENT_3D('',#112,#113,#114);
#112 = CARTESIAN_POINT('',(108.5,-74.,1.685));
#113 = DIRECTION('',(0.,0.,1.));
#114 = DIRECTION('',(-1.,1.224646799147E-16,0.));
#115 = AXIS2_PLACEMENT_3D('',#116,#117,#118);
#116 = CARTESIAN_POINT('',(106.195,-65.5125,1.685));
#117 = DIRECTION('',(-0.,0.,1.));
#118 = DIRECTION('',(1.110223024625E-16,-1.,0.));
#119 = AXIS2_PLACEMENT_3D('',#120,#121,#122);
#120 = CARTESIAN_POINT('',(97.,-72.5,1.685));
#121 = DIRECTION('',(0.,0.,1.));
#122 = DIRECTION('',(-1.,1.224646799147E-16,0.));
#123 = AXIS2_PLACEMENT_3D('',#124,#125,#126);
#124 = CARTESIAN_POINT('',(108.5,-81.,1.685));
#125 = DIRECTION('',(0.,0.,1.));
#126 = DIRECTION('',(-1.,1.224646799147E-16,0.));
#127 = AXIS2_PLACEMENT_3D('',#128,#129,#130);
#128 = CARTESIAN_POINT('',(91.195,-65.5125,1.685));
#129 = DIRECTION('',(-0.,0.,1.));
#130 = DIRECTION('',(1.110223024625E-16,-1.,0.));
#131 = AXIS2_PLACEMENT_3D('',#132,#133,#134);
#132 = CARTESIAN_POINT('',(97.,-87.5,1.685));
#133 = DIRECTION('',(0.,0.,1.));
#134 = DIRECTION('',(-1.,1.224646799147E-16,0.));
#135 = AXIS2_PLACEMENT_3D('',#136,#137,#138);
#136 = CARTESIAN_POINT('',(85.5,-70.5,1.685));
#137 = DIRECTION('',(0.,0.,1.));
#138 = DIRECTION('',(-1.,1.224646799147E-16,0.));
#139 = AXIS2_PLACEMENT_3D('',#140,#141,#142);
#140 = CARTESIAN_POINT('',(97.,-77.,1.685));
#141 = DIRECTION('',(0.,0.,1.));
#142 = DIRECTION('',(-1.,1.224646799147E-16,0.));
#143 = AXIS2_PLACEMENT_3D('',#144,#145,#146);
#144 = CARTESIAN_POINT('',(112.54,-58.77,1.685));
#145 = DIRECTION('',(0.,0.,1.));
#146 = DIRECTION('',(1.,0.,0.));
#147 = AXIS2_PLACEMENT_3D('',#148,#149,#150);
#148 = CARTESIAN_POINT('',(108.5,-77.,1.685));
#149 = DIRECTION('',(0.,0.,1.));
#150 = DIRECTION('',(-1.,1.224646799147E-16,0.));
#151 = AXIS2_PLACEMENT_3D('',#152,#153,#154);
#152 = CARTESIAN_POINT('',(89.5,-98.795,-8.5E-02));
#153 = DIRECTION('',(-1.224646799147E-16,-1.359631073447E-32,-1.));
#154 = DIRECTION('',(1.110223024625E-16,-1.,0.));
#155 = AXIS2_PLACEMENT_3D('',#156,#157,#158);
#156 = CARTESIAN_POINT('',(89.5,-95.,-8.5E-02));
#157 = DIRECTION('',(1.224646799147E-16,-1.359631073447E-32,-1.));
#158 = DIRECTION('',(1.110223024625E-16,1.,0.));
#159 = AXIS2_PLACEMENT_3D('',#160,#161,#162);
#160 = CARTESIAN_POINT('',(0.,0.,0.));
#161 = DIRECTION('',(0.,0.,1.));
#162 = DIRECTION('',(1.,0.,-0.));
#163 = ( GEOMETRIC_REPRESENTATION_CONTEXT(3) 
GLOBAL_UNCERTAINTY_ASSIGNED_CONTEXT((#167)) GLOBAL_UNIT_ASSIGNED_CONTEXT
((#164,#165,#166)) REPRESENTATION_CONTEXT('Context #1',
  '3D Context with UNIT and UNCERTAINTY') );
#164 = ( LENGTH_UNIT() NAMED_UNIT(*) SI_UNIT(.MILLI.,.METRE.) );
#165 = ( NAMED_UNIT(*) PLANE_ANGLE_UNIT() SI_UNIT($,.RADIAN.) );
#166 = ( NAMED_UNIT(*) SI_UNIT($,.STERADIAN.) SOLID_ANGLE_UNIT() );
#167 = UNCERTAINTY_MEASURE_WITH_UNIT(LENGTH_MEASURE(1.E-07),#164,
  'distance_accuracy_value','confusion accuracy');
#168 = PRODUCT_RELATED_PRODUCT_CATEGORY('part',$,(#7));
#169 = SHAPE_DEFINITION_REPRESENTATION(#170,#176);
#170 = PRODUCT_DEFINITION_SHAPE('','',#171);
#171 = PRODUCT_DEFINITION('design','',#172,#175);
#172 = PRODUCT_DEFINITION_FORMATION('','',#173);
#173 = PRODUCT('R_0603_1608Metric','R_0603_1608Metric','',(#174));
#174 = PRODUCT_CONTEXT('',#2,'mechanical');
#175 = PRODUCT_DEFINITION_CONTEXT('part definition',#2,'design');
#176 = SHAPE_REPRESENTATION('',(#11,#177),#181);
#177 = AXIS2_PLACEMENT_3D('',#178,#179,#180);
#178 = CARTESIAN_POINT('',(0.,0.,0.));
#179 = DIRECTION('',(0.,0.,1.));
#180 = DIRECTION('',(1.,0.,-0.));
#181 = ( GEOMETRIC_REPRESENTATION_CONTEXT(3) 
GLOBAL_UNCERTAINTY_ASSIGNED_CONTEXT((#185)) GLOBAL_UNIT_ASSIGNED_CONTEXT
((#182,#183,#184)) REPRESENTATION_CONTEXT('Context #1',
  '3D Context with UNIT and UNCERTAINTY') );
#182 = ( LENGTH_UNIT() NAMED_UNIT(*) SI_UNIT(.MILLI.,.METRE.) );
#183 = ( NAMED_UNIT(*) PLANE_ANGLE_UNIT() SI_UNIT($,.RADIAN.) );
#184 = ( NAMED_UNIT(*) SI_UNIT($,.STERADIAN.) SOLID_ANGLE_UNIT() );
#185 = UNCERTAINTY_MEASURE_WITH_UNIT(LENGTH_MEASURE(1.E-07),#182,
  'distance_accuracy_value','confusion accuracy');
#186 = CONTEXT_DEPENDENT_SHAPE_REPRESENTATION(#187,#189);
#187 = ( REPRESENTATION_RELATIONSHIP('','',#176,#10) 
REPRESENTATION_RELATIONSHIP_WITH_TRANSFORMATION(#188) 
SHAPE_REPRESENTATION_RELATIONSHIP() );
#188 = ITEM_DEFINED_TRANSFORMATION('','',#11,#15);
#189 = PRODUCT_DEFINITION_SHAPE('Placement','Placement of an item',#190
  );
#190 = NEXT_ASSEMBLY_USAGE_OCCURRENCE('2','R23','',#5,#171,$);
#191 = PRODUCT_RELATED_PRODUCT_CATEGORY('part',$,(#173));
#192 = SHAPE_DEFINITION_REPRESENTATION(#193,#199);
#193 = PRODUCT_DEFINITION_SHAPE('','',#194);
#194 = PRODUCT_DEFINITION('design','',#195,#198);
#195 = PRODUCT_DEFINITION_FORMATION('','',#196);
#196 = PRODUCT('R_0603_1608Metric','R_0603_1608Metric','',(#197));
#197 = PRODUCT_CONTEXT('',#2,'mechanical');
#198 = PRODUCT_DEFINITION_CONTEXT('part definition',#2,'design');
#199 = ADVANCED_BREP_SHAPE_REPRESENTATION('',(#11,#200),#990);
#200 = MANIFOLD_SOLID_BREP('',#201);
#201 = CLOSED_SHELL('',(#202,#242,#325,#350,#375,#442,#459,#476,#525,
    #542,#559,#608,#625,#694,#725,#749,#818,#842,#859,#876,#893,#910,
    #927,#944,#961,#978));
#202 = ADVANCED_FACE('',(#203),#237,.F.);
#203 = FACE_BOUND('',#204,.F.);
#204 = EDGE_LOOP('',(#205,#215,#223,#231));
#205 = ORIENTED_EDGE('',*,*,#206,.F.);
#206 = EDGE_CURVE('',#207,#209,#211,.T.);
#207 = VERTEX_POINT('',#208);
#208 = CARTESIAN_POINT('',(-0.8,-0.4,4.5E-02));
#209 = VERTEX_POINT('',#210);
#210 = CARTESIAN_POINT('',(-0.8,-0.4,0.405));
#211 = LINE('',#212,#213);
#212 = CARTESIAN_POINT('',(-0.8,-0.4,0.));
#213 = VECTOR('',#214,1.);
#214 = DIRECTION('',(0.,0.,1.));
#215 = ORIENTED_EDGE('',*,*,#216,.T.);
#216 = EDGE_CURVE('',#207,#217,#219,.T.);
#217 = VERTEX_POINT('',#218);
#218 = CARTESIAN_POINT('',(-0.8,0.4,4.5E-02));
#219 = LINE('',#220,#221);
#220 = CARTESIAN_POINT('',(-0.8,-0.4,4.5E-02));
#221 = VECTOR('',#222,1.);
#222 = DIRECTION('',(0.,1.,0.));
#223 = ORIENTED_EDGE('',*,*,#224,.T.);
#224 = EDGE_CURVE('',#217,#225,#227,.T.);
#225 = VERTEX_POINT('',#226);
#226 = CARTESIAN_POINT('',(-0.8,0.4,0.405));
#227 = LINE('',#228,#229);
#228 = CARTESIAN_POINT('',(-0.8,0.4,0.));
#229 = VECTOR('',#230,1.);
#230 = DIRECTION('',(0.,0.,1.));
#231 = ORIENTED_EDGE('',*,*,#232,.F.);
#232 = EDGE_CURVE('',#209,#225,#233,.T.);
#233 = LINE('',#234,#235);
#234 = CARTESIAN_POINT('',(-0.8,-0.4,0.405));
#235 = VECTOR('',#236,1.);
#236 = DIRECTION('',(0.,1.,0.));
#237 = PLANE('',#238);
#238 = AXIS2_PLACEMENT_3D('',#239,#240,#241);
#239 = CARTESIAN_POINT('',(-0.8,-0.4,0.));
#240 = DIRECTION('',(1.,0.,0.));
#241 = DIRECTION('',(0.,0.,1.));
#242 = ADVANCED_FACE('',(#243),#320,.F.);
#243 = FACE_BOUND('',#244,.F.);
#244 = EDGE_LOOP('',(#245,#255,#262,#263,#272,#280,#289,#297,#305,#313)
  );
#245 = ORIENTED_EDGE('',*,*,#246,.F.);
#246 = EDGE_CURVE('',#247,#249,#251,.T.);
#247 = VERTEX_POINT('',#248);
#248 = CARTESIAN_POINT('',(-0.755,-0.4,-2.775557561563E-17));
#249 = VERTEX_POINT('',#250);
#250 = CARTESIAN_POINT('',(-0.545,-0.4,-2.775557561563E-17));
#251 = LINE('',#252,#253);
#252 = CARTESIAN_POINT('',(-0.8,-0.4,0.));
#253 = VECTOR('',#254,1.);
#254 = DIRECTION('',(1.,0.,0.));
#255 = ORIENTED_EDGE('',*,*,#256,.F.);
#256 = EDGE_CURVE('',#207,#247,#257,.T.);
#257 = CIRCLE('',#258,4.5E-02);
#258 = AXIS2_PLACEMENT_3D('',#259,#260,#261);
#259 = CARTESIAN_POINT('',(-0.755,-0.4,4.5E-02));
#260 = DIRECTION('',(0.,-1.,0.));
#261 = DIRECTION('',(0.,0.,1.));
#262 = ORIENTED_EDGE('',*,*,#206,.T.);
#263 = ORIENTED_EDGE('',*,*,#264,.T.);
#264 = EDGE_CURVE('',#209,#265,#267,.T.);
#265 = VERTEX_POINT('',#266);
#266 = CARTESIAN_POINT('',(-0.755,-0.4,0.45));
#267 = CIRCLE('',#268,4.5E-02);
#268 = AXIS2_PLACEMENT_3D('',#269,#270,#271);
#269 = CARTESIAN_POINT('',(-0.755,-0.4,0.405));
#270 = DIRECTION('',(0.,1.,0.));
#271 = DIRECTION('',(0.,-0.,1.));
#272 = ORIENTED_EDGE('',*,*,#273,.T.);
#273 = EDGE_CURVE('',#265,#274,#276,.T.);
#274 = VERTEX_POINT('',#275);
#275 = CARTESIAN_POINT('',(-0.545,-0.4,0.45));
#276 = LINE('',#277,#278);
#277 = CARTESIAN_POINT('',(-0.8,-0.4,0.45));
#278 = VECTOR('',#279,1.);
#279 = DIRECTION('',(1.,0.,0.));
#280 = ORIENTED_EDGE('',*,*,#281,.F.);
#281 = EDGE_CURVE('',#282,#274,#284,.T.);
#282 = VERTEX_POINT('',#283);
#283 = CARTESIAN_POINT('',(-0.5,-0.4,0.405));
#284 = CIRCLE('',#285,4.5E-02);
#285 = AXIS2_PLACEMENT_3D('',#286,#287,#288);
#286 = CARTESIAN_POINT('',(-0.545,-0.4,0.405));
#287 = DIRECTION('',(0.,-1.,0.));
#288 = DIRECTION('',(0.,0.,1.));
#289 = ORIENTED_EDGE('',*,*,#290,.F.);
#290 = EDGE_CURVE('',#291,#282,#293,.T.);
#291 = VERTEX_POINT('',#292);
#292 = CARTESIAN_POINT('',(-0.755,-0.4,0.405));
#293 = LINE('',#294,#295);
#294 = CARTESIAN_POINT('',(-0.755,-0.4,0.405));
#295 = VECTOR('',#296,1.);
#296 = DIRECTION('',(1.,0.,0.));
#297 = ORIENTED_EDGE('',*,*,#298,.F.);
#298 = EDGE_CURVE('',#299,#291,#301,.T.);
#299 = VERTEX_POINT('',#300);
#300 = CARTESIAN_POINT('',(-0.755,-0.4,4.5E-02));
#301 = LINE('',#302,#303);
#302 = CARTESIAN_POINT('',(-0.755,-0.4,4.5E-02));
#303 = VECTOR('',#304,1.);
#304 = DIRECTION('',(0.,0.,1.));
#305 = ORIENTED_EDGE('',*,*,#306,.T.);
#306 = EDGE_CURVE('',#299,#307,#309,.T.);
#307 = VERTEX_POINT('',#308);
#308 = CARTESIAN_POINT('',(-0.5,-0.4,4.5E-02));
#309 = LINE('',#310,#311);
#310 = CARTESIAN_POINT('',(-0.755,-0.4,4.5E-02));
#311 = VECTOR('',#312,1.);
#312 = DIRECTION('',(1.,0.,0.));
#313 = ORIENTED_EDGE('',*,*,#314,.T.);
#314 = EDGE_CURVE('',#307,#249,#315,.T.);
#315 = CIRCLE('',#316,4.5E-02);
#316 = AXIS2_PLACEMENT_3D('',#317,#318,#319);
#317 = CARTESIAN_POINT('',(-0.545,-0.4,4.5E-02));
#318 = DIRECTION('',(0.,1.,0.));
#319 = DIRECTION('',(0.,-0.,1.));
#320 = PLANE('',#321);
#321 = AXIS2_PLACEMENT_3D('',#322,#323,#324);
#322 = CARTESIAN_POINT('',(-0.8,-0.4,0.));
#323 = DIRECTION('',(0.,1.,0.));
#324 = DIRECTION('',(0.,-0.,1.));
#325 = ADVANCED_FACE('',(#326),#345,.T.);
#326 = FACE_BOUND('',#327,.T.);
#327 = EDGE_LOOP('',(#328,#329,#338,#344));
#328 = ORIENTED_EDGE('',*,*,#216,.T.);
#329 = ORIENTED_EDGE('',*,*,#330,.T.);
#330 = EDGE_CURVE('',#217,#331,#333,.T.);
#331 = VERTEX_POINT('',#332);
#332 = CARTESIAN_POINT('',(-0.755,0.4,-2.775557561563E-17));
#333 = CIRCLE('',#334,4.5E-02);
#334 = AXIS2_PLACEMENT_3D('',#335,#336,#337);
#335 = CARTESIAN_POINT('',(-0.755,0.4,4.5E-02));
#336 = DIRECTION('',(0.,-1.,0.));
#337 = DIRECTION('',(0.,0.,1.));
#338 = ORIENTED_EDGE('',*,*,#339,.F.);
#339 = EDGE_CURVE('',#247,#331,#340,.T.);
#340 = LINE('',#341,#342);
#341 = CARTESIAN_POINT('',(-0.755,-0.4,-2.775557561563E-17));
#342 = VECTOR('',#343,1.);
#343 = DIRECTION('',(0.,1.,0.));
#344 = ORIENTED_EDGE('',*,*,#256,.F.);
#345 = CYLINDRICAL_SURFACE('',#346,4.5E-02);
#346 = AXIS2_PLACEMENT_3D('',#347,#348,#349);
#347 = CARTESIAN_POINT('',(-0.755,-0.4,4.5E-02));
#348 = DIRECTION('',(0.,1.,0.));
#349 = DIRECTION('',(-1.,0.,0.));
#350 = ADVANCED_FACE('',(#351),#370,.T.);
#351 = FACE_BOUND('',#352,.T.);
#352 = EDGE_LOOP('',(#353,#354,#362,#369));
#353 = ORIENTED_EDGE('',*,*,#264,.T.);
#354 = ORIENTED_EDGE('',*,*,#355,.T.);
#355 = EDGE_CURVE('',#265,#356,#358,.T.);
#356 = VERTEX_POINT('',#357);
#357 = CARTESIAN_POINT('',(-0.755,0.4,0.45));
#358 = LINE('',#359,#360);
#359 = CARTESIAN_POINT('',(-0.755,-0.4,0.45));
#360 = VECTOR('',#361,1.);
#361 = DIRECTION('',(0.,1.,0.));
#362 = ORIENTED_EDGE('',*,*,#363,.F.);
#363 = EDGE_CURVE('',#225,#356,#364,.T.);
#364 = CIRCLE('',#365,4.5E-02);
#365 = AXIS2_PLACEMENT_3D('',#366,#367,#368);
#366 = CARTESIAN_POINT('',(-0.755,0.4,0.405));
#367 = DIRECTION('',(0.,1.,0.));
#368 = DIRECTION('',(0.,-0.,1.));
#369 = ORIENTED_EDGE('',*,*,#232,.F.);
#370 = CYLINDRICAL_SURFACE('',#371,4.5E-02);
#371 = AXIS2_PLACEMENT_3D('',#372,#373,#374);
#372 = CARTESIAN_POINT('',(-0.755,-0.4,0.405));
#373 = DIRECTION('',(0.,1.,0.));
#374 = DIRECTION('',(-1.,0.,0.));
#375 = ADVANCED_FACE('',(#376),#437,.T.);
#376 = FACE_BOUND('',#377,.T.);
#377 = EDGE_LOOP('',(#378,#386,#387,#388,#389,#397,#406,#414,#422,#430)
  );
#378 = ORIENTED_EDGE('',*,*,#379,.F.);
#379 = EDGE_CURVE('',#331,#380,#382,.T.);
#380 = VERTEX_POINT('',#381);
#381 = CARTESIAN_POINT('',(-0.545,0.4,-2.775557561563E-17));
#382 = LINE('',#383,#384);
#383 = CARTESIAN_POINT('',(-0.8,0.4,0.));
#384 = VECTOR('',#385,1.);
#385 = DIRECTION('',(1.,0.,0.));
#386 = ORIENTED_EDGE('',*,*,#330,.F.);
#387 = ORIENTED_EDGE('',*,*,#224,.T.);
#388 = ORIENTED_EDGE('',*,*,#363,.T.);
#389 = ORIENTED_EDGE('',*,*,#390,.T.);
#390 = EDGE_CURVE('',#356,#391,#393,.T.);
#391 = VERTEX_POINT('',#392);
#392 = CARTESIAN_POINT('',(-0.545,0.4,0.45));
#393 = LINE('',#394,#395);
#394 = CARTESIAN_POINT('',(-0.8,0.4,0.45));
#395 = VECTOR('',#396,1.);
#396 = DIRECTION('',(1.,0.,0.));
#397 = ORIENTED_EDGE('',*,*,#398,.F.);
#398 = EDGE_CURVE('',#399,#391,#401,.T.);
#399 = VERTEX_POINT('',#400);
#400 = CARTESIAN_POINT('',(-0.5,0.4,0.405));
#401 = CIRCLE('',#402,4.5E-02);
#402 = AXIS2_PLACEMENT_3D('',#403,#404,#405);
#403 = CARTESIAN_POINT('',(-0.545,0.4,0.405));
#404 = DIRECTION('',(0.,-1.,0.));
#405 = DIRECTION('',(0.,0.,1.));
#406 = ORIENTED_EDGE('',*,*,#407,.F.);
#407 = EDGE_CURVE('',#408,#399,#410,.T.);
#408 = VERTEX_POINT('',#409);
#409 = CARTESIAN_POINT('',(-0.755,0.4,0.405));
#410 = LINE('',#411,#412);
#411 = CARTESIAN_POINT('',(-0.755,0.4,0.405));
#412 = VECTOR('',#413,1.);
#413 = DIRECTION('',(1.,0.,0.));
#414 = ORIENTED_EDGE('',*,*,#415,.F.);
#415 = EDGE_CURVE('',#416,#408,#418,.T.);
#416 = VERTEX_POINT('',#417);
#417 = CARTESIAN_POINT('',(-0.755,0.4,4.5E-02));
#418 = LINE('',#419,#420);
#419 = CARTESIAN_POINT('',(-0.755,0.4,4.5E-02));
#420 = VECTOR('',#421,1.);
#421 = DIRECTION('',(0.,0.,1.));
#422 = ORIENTED_EDGE('',*,*,#423,.T.);
#423 = EDGE_CURVE('',#416,#424,#426,.T.);
#424 = VERTEX_POINT('',#425);
#425 = CARTESIAN_POINT('',(-0.5,0.4,4.5E-02));
#426 = LINE('',#427,#428);
#427 = CARTESIAN_POINT('',(-0.755,0.4,4.5E-02));
#428 = VECTOR('',#429,1.);
#429 = DIRECTION('',(1.,0.,0.));
#430 = ORIENTED_EDGE('',*,*,#431,.T.);
#431 = EDGE_CURVE('',#424,#380,#432,.T.);
#432 = CIRCLE('',#433,4.5E-02);
#433 = AXIS2_PLACEMENT_3D('',#434,#435,#436);
#434 = CARTESIAN_POINT('',(-0.545,0.4,4.5E-02));
#435 = DIRECTION('',(0.,1.,0.));
#436 = DIRECTION('',(0.,-0.,1.));
#437 = PLANE('',#438);
#438 = AXIS2_PLACEMENT_3D('',#439,#440,#441);
#439 = CARTESIAN_POINT('',(-0.8,0.4,0.));
#440 = DIRECTION('',(0.,1.,0.));
#441 = DIRECTION('',(0.,-0.,1.));
#442 = ADVANCED_FACE('',(#443),#454,.F.);
#443 = FACE_BOUND('',#444,.F.);
#444 = EDGE_LOOP('',(#445,#446,#447,#448));
#445 = ORIENTED_EDGE('',*,*,#379,.F.);
#446 = ORIENTED_EDGE('',*,*,#339,.F.);
#447 = ORIENTED_EDGE('',*,*,#246,.T.);
#448 = ORIENTED_EDGE('',*,*,#449,.T.);
#449 = EDGE_CURVE('',#249,#380,#450,.T.);
#450 = LINE('',#451,#452);
#451 = CARTESIAN_POINT('',(-0.545,-0.4,-2.775557561563E-17));
#452 = VECTOR('',#453,1.);
#453 = DIRECTION('',(0.,1.,0.));
#454 = PLANE('',#455);
#455 = AXIS2_PLACEMENT_3D('',#456,#457,#458);
#456 = CARTESIAN_POINT('',(-0.8,-0.4,0.));
#457 = DIRECTION('',(0.,0.,1.));
#458 = DIRECTION('',(1.,0.,-0.));
#459 = ADVANCED_FACE('',(#460),#471,.T.);
#460 = FACE_BOUND('',#461,.T.);
#461 = EDGE_LOOP('',(#462,#463,#464,#465));
#462 = ORIENTED_EDGE('',*,*,#314,.T.);
#463 = ORIENTED_EDGE('',*,*,#449,.T.);
#464 = ORIENTED_EDGE('',*,*,#431,.F.);
#465 = ORIENTED_EDGE('',*,*,#466,.F.);
#466 = EDGE_CURVE('',#307,#424,#467,.T.);
#467 = LINE('',#468,#469);
#468 = CARTESIAN_POINT('',(-0.5,-0.4,4.5E-02));
#469 = VECTOR('',#470,1.);
#470 = DIRECTION('',(0.,1.,0.));
#471 = CYLINDRICAL_SURFACE('',#472,4.5E-02);
#472 = AXIS2_PLACEMENT_3D('',#473,#474,#475);
#473 = CARTESIAN_POINT('',(-0.545,-0.4,4.5E-02));
#474 = DIRECTION('',(0.,1.,0.));
#475 = DIRECTION('',(1.,0.,0.));
#476 = ADVANCED_FACE('',(#477),#520,.F.);
#477 = FACE_BOUND('',#478,.F.);
#478 = EDGE_LOOP('',(#479,#480,#481,#482,#490,#498,#506,#514));
#479 = ORIENTED_EDGE('',*,*,#306,.F.);
#480 = ORIENTED_EDGE('',*,*,#298,.T.);
#481 = ORIENTED_EDGE('',*,*,#290,.T.);
#482 = ORIENTED_EDGE('',*,*,#483,.T.);
#483 = EDGE_CURVE('',#282,#484,#486,.T.);
#484 = VERTEX_POINT('',#485);
#485 = CARTESIAN_POINT('',(0.5,-0.4,0.405));
#486 = LINE('',#487,#488);
#487 = CARTESIAN_POINT('',(-0.5,-0.4,0.405));
#488 = VECTOR('',#489,1.);
#489 = DIRECTION('',(1.,0.,0.));
#490 = ORIENTED_EDGE('',*,*,#491,.T.);
#491 = EDGE_CURVE('',#484,#492,#494,.T.);
#492 = VERTEX_POINT('',#493);
#493 = CARTESIAN_POINT('',(0.755,-0.4,0.405));
#494 = LINE('',#495,#496);
#495 = CARTESIAN_POINT('',(-0.755,-0.4,0.405));
#496 = VECTOR('',#497,1.);
#497 = DIRECTION('',(1.,0.,0.));
#498 = ORIENTED_EDGE('',*,*,#499,.F.);
#499 = EDGE_CURVE('',#500,#492,#502,.T.);
#500 = VERTEX_POINT('',#501);
#501 = CARTESIAN_POINT('',(0.755,-0.4,4.5E-02));
#502 = LINE('',#503,#504);
#503 = CARTESIAN_POINT('',(0.755,-0.4,4.5E-02));
#504 = VECTOR('',#505,1.);
#505 = DIRECTION('',(0.,0.,1.));
#506 = ORIENTED_EDGE('',*,*,#507,.F.);
#507 = EDGE_CURVE('',#508,#500,#510,.T.);
#508 = VERTEX_POINT('',#509);
#509 = CARTESIAN_POINT('',(0.5,-0.4,4.5E-02));
#510 = LINE('',#511,#512);
#511 = CARTESIAN_POINT('',(-0.755,-0.4,4.5E-02));
#512 = VECTOR('',#513,1.);
#513 = DIRECTION('',(1.,0.,0.));
#514 = ORIENTED_EDGE('',*,*,#515,.F.);
#515 = EDGE_CURVE('',#307,#508,#516,.T.);
#516 = LINE('',#517,#518);
#517 = CARTESIAN_POINT('',(-0.755,-0.4,4.5E-02));
#518 = VECTOR('',#519,1.);
#519 = DIRECTION('',(1.,0.,0.));
#520 = PLANE('',#521);
#521 = AXIS2_PLACEMENT_3D('',#522,#523,#524);
#522 = CARTESIAN_POINT('',(-0.755,-0.4,4.5E-02));
#523 = DIRECTION('',(0.,1.,0.));
#524 = DIRECTION('',(0.,-0.,1.));
#525 = ADVANCED_FACE('',(#526),#537,.T.);
#526 = FACE_BOUND('',#527,.T.);
#527 = EDGE_LOOP('',(#528,#529,#530,#531));
#528 = ORIENTED_EDGE('',*,*,#390,.F.);
#529 = ORIENTED_EDGE('',*,*,#355,.F.);
#530 = ORIENTED_EDGE('',*,*,#273,.T.);
#531 = ORIENTED_EDGE('',*,*,#532,.T.);
#532 = EDGE_CURVE('',#274,#391,#533,.T.);
#533 = LINE('',#534,#535);
#534 = CARTESIAN_POINT('',(-0.545,-0.4,0.45));
#535 = VECTOR('',#536,1.);
#536 = DIRECTION('',(0.,1.,0.));
#537 = PLANE('',#538);
#538 = AXIS2_PLACEMENT_3D('',#539,#540,#541);
#539 = CARTESIAN_POINT('',(-0.8,-0.4,0.45));
#540 = DIRECTION('',(0.,0.,1.));
#541 = DIRECTION('',(1.,0.,-0.));
#542 = ADVANCED_FACE('',(#543),#554,.T.);
#543 = FACE_BOUND('',#544,.T.);
#544 = EDGE_LOOP('',(#545,#551,#552,#553));
#545 = ORIENTED_EDGE('',*,*,#546,.T.);
#546 = EDGE_CURVE('',#282,#399,#547,.T.);
#547 = LINE('',#548,#549);
#548 = CARTESIAN_POINT('',(-0.5,-0.4,0.405));
#549 = VECTOR('',#550,1.);
#550 = DIRECTION('',(0.,1.,0.));
#551 = ORIENTED_EDGE('',*,*,#398,.T.);
#552 = ORIENTED_EDGE('',*,*,#532,.F.);
#553 = ORIENTED_EDGE('',*,*,#281,.F.);
#554 = CYLINDRICAL_SURFACE('',#555,4.5E-02);
#555 = AXIS2_PLACEMENT_3D('',#556,#557,#558);
#556 = CARTESIAN_POINT('',(-0.545,-0.4,0.405));
#557 = DIRECTION('',(0.,1.,0.));
#558 = DIRECTION('',(1.,0.,0.));
#559 = ADVANCED_FACE('',(#560),#603,.T.);
#560 = FACE_BOUND('',#561,.T.);
#561 = EDGE_LOOP('',(#562,#563,#564,#565,#573,#581,#589,#597));
#562 = ORIENTED_EDGE('',*,*,#423,.F.);
#563 = ORIENTED_EDGE('',*,*,#415,.T.);
#564 = ORIENTED_EDGE('',*,*,#407,.T.);
#565 = ORIENTED_EDGE('',*,*,#566,.T.);
#566 = EDGE_CURVE('',#399,#567,#569,.T.);
#567 = VERTEX_POINT('',#568);
#568 = CARTESIAN_POINT('',(0.5,0.4,0.405));
#569 = LINE('',#570,#571);
#570 = CARTESIAN_POINT('',(-0.5,0.4,0.405));
#571 = VECTOR('',#572,1.);
#572 = DIRECTION('',(1.,0.,0.));
#573 = ORIENTED_EDGE('',*,*,#574,.T.);
#574 = EDGE_CURVE('',#567,#575,#577,.T.);
#575 = VERTEX_POINT('',#576);
#576 = CARTESIAN_POINT('',(0.755,0.4,0.405));
#577 = LINE('',#578,#579);
#578 = CARTESIAN_POINT('',(-0.755,0.4,0.405));
#579 = VECTOR('',#580,1.);
#580 = DIRECTION('',(1.,0.,0.));
#581 = ORIENTED_EDGE('',*,*,#582,.F.);
#582 = EDGE_CURVE('',#583,#575,#585,.T.);
#583 = VERTEX_POINT('',#584);
#584 = CARTESIAN_POINT('',(0.755,0.4,4.5E-02));
#585 = LINE('',#586,#587);
#586 = CARTESIAN_POINT('',(0.755,0.4,4.5E-02));
#587 = VECTOR('',#588,1.);
#588 = DIRECTION('',(0.,0.,1.));
#589 = ORIENTED_EDGE('',*,*,#590,.F.);
#590 = EDGE_CURVE('',#591,#583,#593,.T.);
#591 = VERTEX_POINT('',#592);
#592 = CARTESIAN_POINT('',(0.5,0.4,4.5E-02));
#593 = LINE('',#594,#595);
#594 = CARTESIAN_POINT('',(-0.755,0.4,4.5E-02));
#595 = VECTOR('',#596,1.);
#596 = DIRECTION('',(1.,0.,0.));
#597 = ORIENTED_EDGE('',*,*,#598,.F.);
#598 = EDGE_CURVE('',#424,#591,#599,.T.);
#599 = LINE('',#600,#601);
#600 = CARTESIAN_POINT('',(-0.755,0.4,4.5E-02));
#601 = VECTOR('',#602,1.);
#602 = DIRECTION('',(1.,0.,0.));
#603 = PLANE('',#604);
#604 = AXIS2_PLACEMENT_3D('',#605,#606,#607);
#605 = CARTESIAN_POINT('',(-0.755,0.4,4.5E-02));
#606 = DIRECTION('',(0.,1.,0.));
#607 = DIRECTION('',(0.,-0.,1.));
#608 = ADVANCED_FACE('',(#609),#620,.F.);
#609 = FACE_BOUND('',#610,.F.);
#610 = EDGE_LOOP('',(#611,#612,#613,#619));
#611 = ORIENTED_EDGE('',*,*,#466,.F.);
#612 = ORIENTED_EDGE('',*,*,#515,.T.);
#613 = ORIENTED_EDGE('',*,*,#614,.T.);
#614 = EDGE_CURVE('',#508,#591,#615,.T.);
#615 = LINE('',#616,#617);
#616 = CARTESIAN_POINT('',(0.5,-0.4,4.5E-02));
#617 = VECTOR('',#618,1.);
#618 = DIRECTION('',(0.,1.,0.));
#619 = ORIENTED_EDGE('',*,*,#598,.F.);
#620 = PLANE('',#621);
#621 = AXIS2_PLACEMENT_3D('',#622,#623,#624);
#622 = CARTESIAN_POINT('',(-0.755,-0.4,4.5E-02));
#623 = DIRECTION('',(0.,0.,1.));
#624 = DIRECTION('',(1.,0.,-0.));
#625 = ADVANCED_FACE('',(#626),#689,.F.);
#626 = FACE_BOUND('',#627,.F.);
#627 = EDGE_LOOP('',(#628,#638,#645,#646,#647,#648,#657,#665,#674,#682)
  );
#628 = ORIENTED_EDGE('',*,*,#629,.F.);
#629 = EDGE_CURVE('',#630,#632,#634,.T.);
#630 = VERTEX_POINT('',#631);
#631 = CARTESIAN_POINT('',(0.545,-0.4,-2.775557561563E-17));
#632 = VERTEX_POINT('',#633);
#633 = CARTESIAN_POINT('',(0.755,-0.4,-2.775557561563E-17));
#634 = LINE('',#635,#636);
#635 = CARTESIAN_POINT('',(0.5,-0.4,0.));
#636 = VECTOR('',#637,1.);
#637 = DIRECTION('',(1.,0.,0.));
#638 = ORIENTED_EDGE('',*,*,#639,.F.);
#639 = EDGE_CURVE('',#508,#630,#640,.T.);
#640 = CIRCLE('',#641,4.5E-02);
#641 = AXIS2_PLACEMENT_3D('',#642,#643,#644);
#642 = CARTESIAN_POINT('',(0.545,-0.4,4.5E-02));
#643 = DIRECTION('',(0.,-1.,0.));
#644 = DIRECTION('',(0.,0.,1.));
#645 = ORIENTED_EDGE('',*,*,#507,.T.);
#646 = ORIENTED_EDGE('',*,*,#499,.T.);
#647 = ORIENTED_EDGE('',*,*,#491,.F.);
#648 = ORIENTED_EDGE('',*,*,#649,.T.);
#649 = EDGE_CURVE('',#484,#650,#652,.T.);
#650 = VERTEX_POINT('',#651);
#651 = CARTESIAN_POINT('',(0.545,-0.4,0.45));
#652 = CIRCLE('',#653,4.5E-02);
#653 = AXIS2_PLACEMENT_3D('',#654,#655,#656);
#654 = CARTESIAN_POINT('',(0.545,-0.4,0.405));
#655 = DIRECTION('',(0.,1.,0.));
#656 = DIRECTION('',(0.,-0.,1.));
#657 = ORIENTED_EDGE('',*,*,#658,.T.);
#658 = EDGE_CURVE('',#650,#659,#661,.T.);
#659 = VERTEX_POINT('',#660);
#660 = CARTESIAN_POINT('',(0.755,-0.4,0.45));
#661 = LINE('',#662,#663);
#662 = CARTESIAN_POINT('',(0.5,-0.4,0.45));
#663 = VECTOR('',#664,1.);
#664 = DIRECTION('',(1.,0.,0.));
#665 = ORIENTED_EDGE('',*,*,#666,.F.);
#666 = EDGE_CURVE('',#667,#659,#669,.T.);
#667 = VERTEX_POINT('',#668);
#668 = CARTESIAN_POINT('',(0.8,-0.4,0.405));
#669 = CIRCLE('',#670,4.5E-02);
#670 = AXIS2_PLACEMENT_3D('',#671,#672,#673);
#671 = CARTESIAN_POINT('',(0.755,-0.4,0.405));
#672 = DIRECTION('',(0.,-1.,0.));
#673 = DIRECTION('',(0.,0.,1.));
#674 = ORIENTED_EDGE('',*,*,#675,.F.);
#675 = EDGE_CURVE('',#676,#667,#678,.T.);
#676 = VERTEX_POINT('',#677);
#677 = CARTESIAN_POINT('',(0.8,-0.4,4.5E-02));
#678 = LINE('',#679,#680);
#679 = CARTESIAN_POINT('',(0.8,-0.4,0.));
#680 = VECTOR('',#681,1.);
#681 = DIRECTION('',(0.,0.,1.));
#682 = ORIENTED_EDGE('',*,*,#683,.T.);
#683 = EDGE_CURVE('',#676,#632,#684,.T.);
#684 = CIRCLE('',#685,4.5E-02);
#685 = AXIS2_PLACEMENT_3D('',#686,#687,#688);
#686 = CARTESIAN_POINT('',(0.755,-0.4,4.5E-02));
#687 = DIRECTION('',(0.,1.,0.));
#688 = DIRECTION('',(0.,-0.,1.));
#689 = PLANE('',#690);
#690 = AXIS2_PLACEMENT_3D('',#691,#692,#693);
#691 = CARTESIAN_POINT('',(0.5,-0.4,0.));
#692 = DIRECTION('',(0.,1.,0.));
#693 = DIRECTION('',(0.,-0.,1.));
#694 = ADVANCED_FACE('',(#695),#720,.F.);
#695 = FACE_BOUND('',#696,.F.);
#696 = EDGE_LOOP('',(#697,#698,#706,#714));
#697 = ORIENTED_EDGE('',*,*,#483,.F.);
#698 = ORIENTED_EDGE('',*,*,#699,.T.);
#699 = EDGE_CURVE('',#282,#700,#702,.T.);
#700 = VERTEX_POINT('',#701);
#701 = CARTESIAN_POINT('',(-0.5,-0.4,0.45));
#702 = LINE('',#703,#704);
#703 = CARTESIAN_POINT('',(-0.5,-0.4,0.405));
#704 = VECTOR('',#705,1.);
#705 = DIRECTION('',(0.,0.,1.));
#706 = ORIENTED_EDGE('',*,*,#707,.T.);
#707 = EDGE_CURVE('',#700,#708,#710,.T.);
#708 = VERTEX_POINT('',#709);
#709 = CARTESIAN_POINT('',(0.5,-0.4,0.45));
#710 = LINE('',#711,#712);
#711 = CARTESIAN_POINT('',(-0.5,-0.4,0.45));
#712 = VECTOR('',#713,1.);
#713 = DIRECTION('',(1.,0.,0.));
#714 = ORIENTED_EDGE('',*,*,#715,.F.);
#715 = EDGE_CURVE('',#484,#708,#716,.T.);
#716 = LINE('',#717,#718);
#717 = CARTESIAN_POINT('',(0.5,-0.4,0.405));
#718 = VECTOR('',#719,1.);
#719 = DIRECTION('',(0.,0.,1.));
#720 = PLANE('',#721);
#721 = AXIS2_PLACEMENT_3D('',#722,#723,#724);
#722 = CARTESIAN_POINT('',(-0.5,-0.4,0.405));
#723 = DIRECTION('',(0.,1.,0.));
#724 = DIRECTION('',(0.,-0.,1.));
#725 = ADVANCED_FACE('',(#726),#744,.F.);
#726 = FACE_BOUND('',#727,.F.);
#727 = EDGE_LOOP('',(#728,#729,#730,#738));
#728 = ORIENTED_EDGE('',*,*,#699,.F.);
#729 = ORIENTED_EDGE('',*,*,#546,.T.);
#730 = ORIENTED_EDGE('',*,*,#731,.T.);
#731 = EDGE_CURVE('',#399,#732,#734,.T.);
#732 = VERTEX_POINT('',#733);
#733 = CARTESIAN_POINT('',(-0.5,0.4,0.45));
#734 = LINE('',#735,#736);
#735 = CARTESIAN_POINT('',(-0.5,0.4,0.405));
#736 = VECTOR('',#737,1.);
#737 = DIRECTION('',(0.,0.,1.));
#738 = ORIENTED_EDGE('',*,*,#739,.F.);
#739 = EDGE_CURVE('',#700,#732,#740,.T.);
#740 = LINE('',#741,#742);
#741 = CARTESIAN_POINT('',(-0.5,-0.4,0.45));
#742 = VECTOR('',#743,1.);
#743 = DIRECTION('',(0.,1.,0.));
#744 = PLANE('',#745);
#745 = AXIS2_PLACEMENT_3D('',#746,#747,#748);
#746 = CARTESIAN_POINT('',(-0.5,-0.4,0.405));
#747 = DIRECTION('',(1.,0.,0.));
#748 = DIRECTION('',(0.,0.,1.));
#749 = ADVANCED_FACE('',(#750),#813,.T.);
#750 = FACE_BOUND('',#751,.T.);
#751 = EDGE_LOOP('',(#752,#762,#769,#770,#771,#772,#781,#789,#798,#806)
  );
#752 = ORIENTED_EDGE('',*,*,#753,.F.);
#753 = EDGE_CURVE('',#754,#756,#758,.T.);
#754 = VERTEX_POINT('',#755);
#755 = CARTESIAN_POINT('',(0.545,0.4,-2.775557561563E-17));
#756 = VERTEX_POINT('',#757);
#757 = CARTESIAN_POINT('',(0.755,0.4,-2.775557561563E-17));
#758 = LINE('',#759,#760);
#759 = CARTESIAN_POINT('',(0.5,0.4,0.));
#760 = VECTOR('',#761,1.);
#761 = DIRECTION('',(1.,0.,0.));
#762 = ORIENTED_EDGE('',*,*,#763,.F.);
#763 = EDGE_CURVE('',#591,#754,#764,.T.);
#764 = CIRCLE('',#765,4.5E-02);
#765 = AXIS2_PLACEMENT_3D('',#766,#767,#768);
#766 = CARTESIAN_POINT('',(0.545,0.4,4.5E-02));
#767 = DIRECTION('',(0.,-1.,0.));
#768 = DIRECTION('',(0.,0.,1.));
#769 = ORIENTED_EDGE('',*,*,#590,.T.);
#770 = ORIENTED_EDGE('',*,*,#582,.T.);
#771 = ORIENTED_EDGE('',*,*,#574,.F.);
#772 = ORIENTED_EDGE('',*,*,#773,.T.);
#773 = EDGE_CURVE('',#567,#774,#776,.T.);
#774 = VERTEX_POINT('',#775);
#775 = CARTESIAN_POINT('',(0.545,0.4,0.45));
#776 = CIRCLE('',#777,4.5E-02);
#777 = AXIS2_PLACEMENT_3D('',#778,#779,#780);
#778 = CARTESIAN_POINT('',(0.545,0.4,0.405));
#779 = DIRECTION('',(0.,1.,0.));
#780 = DIRECTION('',(0.,-0.,1.));
#781 = ORIENTED_EDGE('',*,*,#782,.T.);
#782 = EDGE_CURVE('',#774,#783,#785,.T.);
#783 = VERTEX_POINT('',#784);
#784 = CARTESIAN_POINT('',(0.755,0.4,0.45));
#785 = LINE('',#786,#787);
#786 = CARTESIAN_POINT('',(0.5,0.4,0.45));
#787 = VECTOR('',#788,1.);
#788 = DIRECTION('',(1.,0.,0.));
#789 = ORIENTED_EDGE('',*,*,#790,.F.);
#790 = EDGE_CURVE('',#791,#783,#793,.T.);
#791 = VERTEX_POINT('',#792);
#792 = CARTESIAN_POINT('',(0.8,0.4,0.405));
#793 = CIRCLE('',#794,4.5E-02);
#794 = AXIS2_PLACEMENT_3D('',#795,#796,#797);
#795 = CARTESIAN_POINT('',(0.755,0.4,0.405));
#796 = DIRECTION('',(0.,-1.,0.));
#797 = DIRECTION('',(0.,0.,1.));
#798 = ORIENTED_EDGE('',*,*,#799,.F.);
#799 = EDGE_CURVE('',#800,#791,#802,.T.);
#800 = VERTEX_POINT('',#801);
#801 = CARTESIAN_POINT('',(0.8,0.4,4.5E-02));
#802 = LINE('',#803,#804);
#803 = CARTESIAN_POINT('',(0.8,0.4,0.));
#804 = VECTOR('',#805,1.);
#805 = DIRECTION('',(0.,0.,1.));
#806 = ORIENTED_EDGE('',*,*,#807,.T.);
#807 = EDGE_CURVE('',#800,#756,#808,.T.);
#808 = CIRCLE('',#809,4.5E-02);
#809 = AXIS2_PLACEMENT_3D('',#810,#811,#812);
#810 = CARTESIAN_POINT('',(0.755,0.4,4.5E-02));
#811 = DIRECTION('',(0.,1.,0.));
#812 = DIRECTION('',(0.,-0.,1.));
#813 = PLANE('',#814);
#814 = AXIS2_PLACEMENT_3D('',#815,#816,#817);
#815 = CARTESIAN_POINT('',(0.5,0.4,0.));
#816 = DIRECTION('',(0.,1.,0.));
#817 = DIRECTION('',(0.,-0.,1.));
#818 = ADVANCED_FACE('',(#819),#837,.T.);
#819 = FACE_BOUND('',#820,.T.);
#820 = EDGE_LOOP('',(#821,#822,#823,#831));
#821 = ORIENTED_EDGE('',*,*,#566,.F.);
#822 = ORIENTED_EDGE('',*,*,#731,.T.);
#823 = ORIENTED_EDGE('',*,*,#824,.T.);
#824 = EDGE_CURVE('',#732,#825,#827,.T.);
#825 = VERTEX_POINT('',#826);
#826 = CARTESIAN_POINT('',(0.5,0.4,0.45));
#827 = LINE('',#828,#829);
#828 = CARTESIAN_POINT('',(-0.5,0.4,0.45));
#829 = VECTOR('',#830,1.);
#830 = DIRECTION('',(1.,0.,0.));
#831 = ORIENTED_EDGE('',*,*,#832,.F.);
#832 = EDGE_CURVE('',#567,#825,#833,.T.);
#833 = LINE('',#834,#835);
#834 = CARTESIAN_POINT('',(0.5,0.4,0.405));
#835 = VECTOR('',#836,1.);
#836 = DIRECTION('',(0.,0.,1.));
#837 = PLANE('',#838);
#838 = AXIS2_PLACEMENT_3D('',#839,#840,#841);
#839 = CARTESIAN_POINT('',(-0.5,0.4,0.405));
#840 = DIRECTION('',(0.,1.,0.));
#841 = DIRECTION('',(0.,-0.,1.));
#842 = ADVANCED_FACE('',(#843),#854,.T.);
#843 = FACE_BOUND('',#844,.T.);
#844 = EDGE_LOOP('',(#845,#846,#847,#853));
#845 = ORIENTED_EDGE('',*,*,#614,.T.);
#846 = ORIENTED_EDGE('',*,*,#763,.T.);
#847 = ORIENTED_EDGE('',*,*,#848,.F.);
#848 = EDGE_CURVE('',#630,#754,#849,.T.);
#849 = LINE('',#850,#851);
#850 = CARTESIAN_POINT('',(0.545,-0.4,-2.775557561563E-17));
#851 = VECTOR('',#852,1.);
#852 = DIRECTION('',(0.,1.,0.));
#853 = ORIENTED_EDGE('',*,*,#639,.F.);
#854 = CYLINDRICAL_SURFACE('',#855,4.5E-02);
#855 = AXIS2_PLACEMENT_3D('',#856,#857,#858);
#856 = CARTESIAN_POINT('',(0.545,-0.4,4.5E-02));
#857 = DIRECTION('',(0.,1.,0.));
#858 = DIRECTION('',(-1.,0.,0.));
#859 = ADVANCED_FACE('',(#860),#871,.F.);
#860 = FACE_BOUND('',#861,.F.);
#861 = EDGE_LOOP('',(#862,#863,#864,#865));
#862 = ORIENTED_EDGE('',*,*,#753,.F.);
#863 = ORIENTED_EDGE('',*,*,#848,.F.);
#864 = ORIENTED_EDGE('',*,*,#629,.T.);
#865 = ORIENTED_EDGE('',*,*,#866,.T.);
#866 = EDGE_CURVE('',#632,#756,#867,.T.);
#867 = LINE('',#868,#869);
#868 = CARTESIAN_POINT('',(0.755,-0.4,-2.775557561563E-17));
#869 = VECTOR('',#870,1.);
#870 = DIRECTION('',(0.,1.,0.));
#871 = PLANE('',#872);
#872 = AXIS2_PLACEMENT_3D('',#873,#874,#875);
#873 = CARTESIAN_POINT('',(0.5,-0.4,0.));
#874 = DIRECTION('',(0.,0.,1.));
#875 = DIRECTION('',(1.,0.,-0.));
#876 = ADVANCED_FACE('',(#877),#888,.T.);
#877 = FACE_BOUND('',#878,.T.);
#878 = EDGE_LOOP('',(#879,#880,#881,#882));
#879 = ORIENTED_EDGE('',*,*,#683,.T.);
#880 = ORIENTED_EDGE('',*,*,#866,.T.);
#881 = ORIENTED_EDGE('',*,*,#807,.F.);
#882 = ORIENTED_EDGE('',*,*,#883,.F.);
#883 = EDGE_CURVE('',#676,#800,#884,.T.);
#884 = LINE('',#885,#886);
#885 = CARTESIAN_POINT('',(0.8,-0.4,4.5E-02));
#886 = VECTOR('',#887,1.);
#887 = DIRECTION('',(0.,1.,0.));
#888 = CYLINDRICAL_SURFACE('',#889,4.5E-02);
#889 = AXIS2_PLACEMENT_3D('',#890,#891,#892);
#890 = CARTESIAN_POINT('',(0.755,-0.4,4.5E-02));
#891 = DIRECTION('',(0.,1.,0.));
#892 = DIRECTION('',(1.,0.,0.));
#893 = ADVANCED_FACE('',(#894),#905,.T.);
#894 = FACE_BOUND('',#895,.T.);
#895 = EDGE_LOOP('',(#896,#897,#898,#899));
#896 = ORIENTED_EDGE('',*,*,#675,.F.);
#897 = ORIENTED_EDGE('',*,*,#883,.T.);
#898 = ORIENTED_EDGE('',*,*,#799,.T.);
#899 = ORIENTED_EDGE('',*,*,#900,.F.);
#900 = EDGE_CURVE('',#667,#791,#901,.T.);
#901 = LINE('',#902,#903);
#902 = CARTESIAN_POINT('',(0.8,-0.4,0.405));
#903 = VECTOR('',#904,1.);
#904 = DIRECTION('',(0.,1.,0.));
#905 = PLANE('',#906);
#906 = AXIS2_PLACEMENT_3D('',#907,#908,#909);
#907 = CARTESIAN_POINT('',(0.8,-0.4,0.));
#908 = DIRECTION('',(1.,0.,0.));
#909 = DIRECTION('',(0.,0.,1.));
#910 = ADVANCED_FACE('',(#911),#922,.T.);
#911 = FACE_BOUND('',#912,.T.);
#912 = EDGE_LOOP('',(#913,#914,#915,#921));
#913 = ORIENTED_EDGE('',*,*,#900,.T.);
#914 = ORIENTED_EDGE('',*,*,#790,.T.);
#915 = ORIENTED_EDGE('',*,*,#916,.F.);
#916 = EDGE_CURVE('',#659,#783,#917,.T.);
#917 = LINE('',#918,#919);
#918 = CARTESIAN_POINT('',(0.755,-0.4,0.45));
#919 = VECTOR('',#920,1.);
#920 = DIRECTION('',(0.,1.,0.));
#921 = ORIENTED_EDGE('',*,*,#666,.F.);
#922 = CYLINDRICAL_SURFACE('',#923,4.5E-02);
#923 = AXIS2_PLACEMENT_3D('',#924,#925,#926);
#924 = CARTESIAN_POINT('',(0.755,-0.4,0.405));
#925 = DIRECTION('',(0.,1.,0.));
#926 = DIRECTION('',(1.,0.,0.));
#927 = ADVANCED_FACE('',(#928),#939,.T.);
#928 = FACE_BOUND('',#929,.T.);
#929 = EDGE_LOOP('',(#930,#931,#937,#938));
#930 = ORIENTED_EDGE('',*,*,#782,.F.);
#931 = ORIENTED_EDGE('',*,*,#932,.F.);
#932 = EDGE_CURVE('',#650,#774,#933,.T.);
#933 = LINE('',#934,#935);
#934 = CARTESIAN_POINT('',(0.545,-0.4,0.45));
#935 = VECTOR('',#936,1.);
#936 = DIRECTION('',(0.,1.,0.));
#937 = ORIENTED_EDGE('',*,*,#658,.T.);
#938 = ORIENTED_EDGE('',*,*,#916,.T.);
#939 = PLANE('',#940);
#940 = AXIS2_PLACEMENT_3D('',#941,#942,#943);
#941 = CARTESIAN_POINT('',(0.5,-0.4,0.45));
#942 = DIRECTION('',(0.,0.,1.));
#943 = DIRECTION('',(1.,0.,-0.));
#944 = ADVANCED_FACE('',(#945),#956,.T.);
#945 = FACE_BOUND('',#946,.T.);
#946 = EDGE_LOOP('',(#947,#948,#949,#950));
#947 = ORIENTED_EDGE('',*,*,#649,.T.);
#948 = ORIENTED_EDGE('',*,*,#932,.T.);
#949 = ORIENTED_EDGE('',*,*,#773,.F.);
#950 = ORIENTED_EDGE('',*,*,#951,.F.);
#951 = EDGE_CURVE('',#484,#567,#952,.T.);
#952 = LINE('',#953,#954);
#953 = CARTESIAN_POINT('',(0.5,-0.4,0.405));
#954 = VECTOR('',#955,1.);
#955 = DIRECTION('',(0.,1.,0.));
#956 = CYLINDRICAL_SURFACE('',#957,4.5E-02);
#957 = AXIS2_PLACEMENT_3D('',#958,#959,#960);
#958 = CARTESIAN_POINT('',(0.545,-0.4,0.405));
#959 = DIRECTION('',(0.,1.,0.));
#960 = DIRECTION('',(-1.,0.,0.));
#961 = ADVANCED_FACE('',(#962),#973,.T.);
#962 = FACE_BOUND('',#963,.T.);
#963 = EDGE_LOOP('',(#964,#965,#966,#967));
#964 = ORIENTED_EDGE('',*,*,#715,.F.);
#965 = ORIENTED_EDGE('',*,*,#951,.T.);
#966 = ORIENTED_EDGE('',*,*,#832,.T.);
#967 = ORIENTED_EDGE('',*,*,#968,.F.);
#968 = EDGE_CURVE('',#708,#825,#969,.T.);
#969 = LINE('',#970,#971);
#970 = CARTESIAN_POINT('',(0.5,-0.4,0.45));
#971 = VECTOR('',#972,1.);
#972 = DIRECTION('',(0.,1.,0.));
#973 = PLANE('',#974);
#974 = AXIS2_PLACEMENT_3D('',#975,#976,#977);
#975 = CARTESIAN_POINT('',(0.5,-0.4,0.405));
#976 = DIRECTION('',(1.,0.,0.));
#977 = DIRECTION('',(0.,0.,1.));
#978 = ADVANCED_FACE('',(#979),#985,.T.);
#979 = FACE_BOUND('',#980,.T.);
#980 = EDGE_LOOP('',(#981,#982,#983,#984));
#981 = ORIENTED_EDGE('',*,*,#739,.F.);
#982 = ORIENTED_EDGE('',*,*,#707,.T.);
#983 = ORIENTED_EDGE('',*,*,#968,.T.);
#984 = ORIENTED_EDGE('',*,*,#824,.F.);
#985 = PLANE('',#986);
#986 = AXIS2_PLACEMENT_3D('',#987,#988,#989);
#987 = CARTESIAN_POINT('',(-0.5,-0.4,0.45));
#988 = DIRECTION('',(0.,0.,1.));
#989 = DIRECTION('',(1.,0.,-0.));
#990 = ( GEOMETRIC_REPRESENTATION_CONTEXT(3) 
GLOBAL_UNCERTAINTY_ASSIGNED_CONTEXT((#994)) GLOBAL_UNIT_ASSIGNED_CONTEXT
((#991,#992,#993)) REPRESENTATION_CONTEXT('Context #1',
  '3D Context with UNIT and UNCERTAINTY') );
#991 = ( LENGTH_UNIT() NAMED_UNIT(*) SI_UNIT(.MILLI.,.METRE.) );
#992 = ( NAMED_UNIT(*) PLANE_ANGLE_UNIT() SI_UNIT($,.RADIAN.) );
#993 = ( NAMED_UNIT(*) SI_UNIT($,.STERADIAN.) SOLID_ANGLE_UNIT() );
#994 = UNCERTAINTY_MEASURE_WITH_UNIT(LENGTH_MEASURE(1.E-07),#991,
  'distance_accuracy_value','confusion accuracy');
#995 = CONTEXT_DEPENDENT_SHAPE_REPRESENTATION(#996,#998);
#996 = ( REPRESENTATION_RELATIONSHIP('','',#199,#176) 
REPRESENTATION_RELATIONSHIP_WITH_TRANSFORMATION(#997) 
SHAPE_REPRESENTATION_RELATIONSHIP() );
#997 = ITEM_DEFINED_TRANSFORMATION('','',#11,#177);
#998 = PRODUCT_DEFINITION_SHAPE('Placement','Placement of an item',#999
  );
#999 = NEXT_ASSEMBLY_USAGE_OCCURRENCE('1','=>[0:1:1:3]','',#171,#194,$);
#1000 = PRODUCT_RELATED_PRODUCT_CATEGORY('part',$,(#196));
#1001 = CONTEXT_DEPENDENT_SHAPE_REPRESENTATION(#1002,#1004);
#1002 = ( REPRESENTATION_RELATIONSHIP('','',#176,#10) 
REPRESENTATION_RELATIONSHIP_WITH_TRANSFORMATION(#1003) 
SHAPE_REPRESENTATION_RELATIONSHIP() );
#1003 = ITEM_DEFINED_TRANSFORMATION('','',#11,#19);
#1004 = PRODUCT_DEFINITION_SHAPE('Placement','Placement of an item',
  #1005);
#1005 = NEXT_ASSEMBLY_USAGE_OCCURRENCE('3','R7','',#5,#171,$);
#1006 = SHAPE_DEFINITION_REPRESENTATION(#1007,#1013);
#1007 = PRODUCT_DEFINITION_SHAPE('','',#1008);
#1008 = PRODUCT_DEFINITION('design','',#1009,#1012);
#1009 = PRODUCT_DEFINITION_FORMATION('','',#1010);
#1010 = PRODUCT('Potentiometer_Bourns_3266W_Vertical',
  'Potentiometer_Bourns_3266W_Vertical','',(#1011));
#1011 = PRODUCT_CONTEXT('',#2,'mechanical');
#1012 = PRODUCT_DEFINITION_CONTEXT('part definition',#2,'design');
#1013 = SHAPE_REPRESENTATION('',(#11,#1014),#1018);
#1014 = AXIS2_PLACEMENT_3D('',#1015,#1016,#1017);
#1015 = CARTESIAN_POINT('',(0.,0.,0.));
#1016 = DIRECTION('',(0.,0.,1.));
#1017 = DIRECTION('',(1.,0.,-0.));
#1018 = ( GEOMETRIC_REPRESENTATION_CONTEXT(3) 
GLOBAL_UNCERTAINTY_ASSIGNED_CONTEXT((#1022)) 
GLOBAL_UNIT_ASSIGNED_CONTEXT((#1019,#1020,#1021)) REPRESENTATION_CONTEXT
('Context #1','3D Context with UNIT and UNCERTAINTY') );
#1019 = ( LENGTH_UNIT() NAMED_UNIT(*) SI_UNIT(.MILLI.,.METRE.) );
#1020 = ( NAMED_UNIT(*) PLANE_ANGLE_UNIT() SI_UNIT($,.RADIAN.) );
#1021 = ( NAMED_UNIT(*) SI_UNIT($,.STERADIAN.) SOLID_ANGLE_UNIT() );
#1022 = UNCERTAINTY_MEASURE_WITH_UNIT(LENGTH_MEASURE(1.E-07),#1019,
  'distance_accuracy_value','confusion accuracy');
#1023 = CONTEXT_DEPENDENT_SHAPE_REPRESENTATION(#1024,#1026);
#1024 = ( REPRESENTATION_RELATIONSHIP('','',#1013,#10) 
REPRESENTATION_RELATIONSHIP_WITH_TRANSFORMATION(#1025) 
SHAPE_REPRESENTATION_RELATIONSHIP() );
#1025 = ITEM_DEFINED_TRANSFORMATION('','',#11,#23);
#1026 = PRODUCT_DEFINITION_SHAPE('Placement','Placement of an item',
  #1027);
#1027 = NEXT_ASSEMBLY_USAGE_OCCURRENCE('5','Blue1','',#5,#1008,$);
#1028 = PRODUCT_RELATED_PRODUCT_CATEGORY('part',$,(#1010));
#1029 = SHAPE_DEFINITION_REPRESENTATION(#1030,#1036);
#1030 = PRODUCT_DEFINITION_SHAPE('','',#1031);
#1031 = PRODUCT_DEFINITION('design','',#1032,#1035);
#1032 = PRODUCT_DEFINITION_FORMATION('','',#1033);
#1033 = PRODUCT('Potentiometer_Bourns_3266W_Vertical',
  'Potentiometer_Bourns_3266W_Vertical','',(#1034));
#1034 = PRODUCT_CONTEXT('',#2,'mechanical');
#1035 = PRODUCT_DEFINITION_CONTEXT('part definition',#2,'design');
#1036 = ADVANCED_BREP_SHAPE_REPRESENTATION('',(#11,#1037),#1707);
#1037 = MANIFOLD_SOLID_BREP('',#1038);
#1038 = CLOSED_SHELL('',(#1039,#1092,#1101,#1190,#1253,#1316,#1341,#1375
    ,#1405,#1422,#1450,#1467,#1490,#1499,#1508,#1601,#1616,#1633,#1651,
    #1668,#1678,#1693));
#1039 = ADVANCED_FACE('',(#1040),#1087,.T.);
#1040 = FACE_BOUND('',#1041,.T.);
#1041 = EDGE_LOOP('',(#1042,#1052,#1061,#1072,#1079,#1080));
#1042 = ORIENTED_EDGE('',*,*,#1043,.T.);
#1043 = EDGE_CURVE('',#1044,#1046,#1048,.T.);
#1044 = VERTEX_POINT('',#1045);
#1045 = CARTESIAN_POINT('',(-4.85,0.,-4.88));
#1046 = VERTEX_POINT('',#1047);
#1047 = CARTESIAN_POINT('',(-4.85,0.,0.46));
#1048 = LINE('',#1049,#1050);
#1049 = CARTESIAN_POINT('',(-4.85,-6.E-17,-4.88));
#1050 = VECTOR('',#1051,1.);
#1051 = DIRECTION('',(0.,0.,1.));
#1052 = ORIENTED_EDGE('',*,*,#1053,.F.);
#1053 = EDGE_CURVE('',#1054,#1046,#1056,.T.);
#1054 = VERTEX_POINT('',#1055);
#1055 = CARTESIAN_POINT('',(-5.31,1.408343819019E-17,0.46));
#1056 = CIRCLE('',#1057,0.23);
#1057 = AXIS2_PLACEMENT_3D('',#1058,#1059,#1060);
#1058 = CARTESIAN_POINT('',(-5.08,0.,0.46));
#1059 = DIRECTION('',(0.,0.,1.));
#1060 = DIRECTION('',(1.,0.,-0.));
#1061 = ORIENTED_EDGE('',*,*,#1062,.F.);
#1062 = EDGE_CURVE('',#1063,#1065,#1067,.T.);
#1063 = VERTEX_POINT('',#1064);
#1064 = CARTESIAN_POINT('',(-5.31,1.986755287714E-09,0.46));
#1065 = VERTEX_POINT('',#1066);
#1066 = CARTESIAN_POINT('',(-5.31,1.408343819019E-17,0.46));
#1067 = CIRCLE('',#1068,0.23);
#1068 = AXIS2_PLACEMENT_3D('',#1069,#1070,#1071);
#1069 = CARTESIAN_POINT('',(-5.08,0.,0.46));
#1070 = DIRECTION('',(0.,0.,1.));
#1071 = DIRECTION('',(1.,0.,-0.));
#1072 = ORIENTED_EDGE('',*,*,#1073,.F.);
#1073 = EDGE_CURVE('',#1046,#1063,#1074,.T.);
#1074 = CIRCLE('',#1075,0.23);
#1075 = AXIS2_PLACEMENT_3D('',#1076,#1077,#1078);
#1076 = CARTESIAN_POINT('',(-5.08,0.,0.46));
#1077 = DIRECTION('',(0.,0.,1.));
#1078 = DIRECTION('',(1.,0.,-0.));
#1079 = ORIENTED_EDGE('',*,*,#1043,.F.);
#1080 = ORIENTED_EDGE('',*,*,#1081,.T.);
#1081 = EDGE_CURVE('',#1044,#1044,#1082,.T.);
#1082 = CIRCLE('',#1083,0.23);
#1083 = AXIS2_PLACEMENT_3D('',#1084,#1085,#1086);
#1084 = CARTESIAN_POINT('',(-5.08,0.,-4.88));
#1085 = DIRECTION('',(0.,0.,1.));
#1086 = DIRECTION('',(1.,0.,-0.));
#1087 = CYLINDRICAL_SURFACE('',#1088,0.23);
#1088 = AXIS2_PLACEMENT_3D('',#1089,#1090,#1091);
#1089 = CARTESIAN_POINT('',(-5.08,0.,-4.88));
#1090 = DIRECTION('',(0.,0.,1.));
#1091 = DIRECTION('',(1.,0.,-0.));
#1092 = ADVANCED_FACE('',(#1093),#1096,.F.);
#1093 = FACE_BOUND('',#1094,.T.);
#1094 = EDGE_LOOP('',(#1095));
#1095 = ORIENTED_EDGE('',*,*,#1081,.F.);
#1096 = PLANE('',#1097);
#1097 = AXIS2_PLACEMENT_3D('',#1098,#1099,#1100);
#1098 = CARTESIAN_POINT('',(-5.08,0.,-4.88));
#1099 = DIRECTION('',(0.,0.,1.));
#1100 = DIRECTION('',(1.,0.,-0.));
#1101 = ADVANCED_FACE('',(#1102,#1158,#1169,#1180),#1185,.F.);
#1102 = FACE_BOUND('',#1103,.F.);
#1103 = EDGE_LOOP('',(#1104,#1112,#1120,#1128,#1136,#1144,#1152));
#1104 = ORIENTED_EDGE('',*,*,#1105,.F.);
#1105 = EDGE_CURVE('',#1065,#1106,#1108,.T.);
#1106 = VERTEX_POINT('',#1107);
#1107 = CARTESIAN_POINT('',(-5.31,1.986755287714E-09,0.46));
#1108 = LINE('',#1109,#1110);
#1109 = CARTESIAN_POINT('',(-5.31,-3.52,0.46));
#1110 = VECTOR('',#1111,1.);
#1111 = DIRECTION('',(0.,1.,0.));
#1112 = ORIENTED_EDGE('',*,*,#1113,.F.);
#1113 = EDGE_CURVE('',#1114,#1065,#1116,.T.);
#1114 = VERTEX_POINT('',#1115);
#1115 = CARTESIAN_POINT('',(-5.31,-3.52,0.46));
#1116 = LINE('',#1117,#1118);
#1117 = CARTESIAN_POINT('',(-5.31,-3.52,0.46));
#1118 = VECTOR('',#1119,1.);
#1119 = DIRECTION('',(0.,1.,0.));
#1120 = ORIENTED_EDGE('',*,*,#1121,.T.);
#1121 = EDGE_CURVE('',#1114,#1122,#1124,.T.);
#1122 = VERTEX_POINT('',#1123);
#1123 = CARTESIAN_POINT('',(0.23,-3.52,0.46));
#1124 = LINE('',#1125,#1126);
#1125 = CARTESIAN_POINT('',(-5.895,-3.52,0.46));
#1126 = VECTOR('',#1127,1.);
#1127 = DIRECTION('',(1.,0.,0.));
#1128 = ORIENTED_EDGE('',*,*,#1129,.T.);
#1129 = EDGE_CURVE('',#1122,#1130,#1132,.T.);
#1130 = VERTEX_POINT('',#1131);
#1131 = CARTESIAN_POINT('',(0.23,0.,0.46));
#1132 = LINE('',#1133,#1134);
#1133 = CARTESIAN_POINT('',(0.23,-3.52,0.46));
#1134 = VECTOR('',#1135,1.);
#1135 = DIRECTION('',(0.,1.,0.));
#1136 = ORIENTED_EDGE('',*,*,#1137,.T.);
#1137 = EDGE_CURVE('',#1130,#1138,#1140,.T.);
#1138 = VERTEX_POINT('',#1139);
#1139 = CARTESIAN_POINT('',(0.23,0.98,0.46));
#1140 = LINE('',#1141,#1142);
#1141 = CARTESIAN_POINT('',(0.23,-3.52,0.46));
#1142 = VECTOR('',#1143,1.);
#1143 = DIRECTION('',(0.,1.,0.));
#1144 = ORIENTED_EDGE('',*,*,#1145,.F.);
#1145 = EDGE_CURVE('',#1146,#1138,#1148,.T.);
#1146 = VERTEX_POINT('',#1147);
#1147 = CARTESIAN_POINT('',(-5.31,0.98,0.46));
#1148 = LINE('',#1149,#1150);
#1149 = CARTESIAN_POINT('',(-5.895,0.98,0.46));
#1150 = VECTOR('',#1151,1.);
#1151 = DIRECTION('',(1.,0.,0.));
#1152 = ORIENTED_EDGE('',*,*,#1153,.F.);
#1153 = EDGE_CURVE('',#1106,#1146,#1154,.T.);
#1154 = LINE('',#1155,#1156);
#1155 = CARTESIAN_POINT('',(-5.31,-3.52,0.46));
#1156 = VECTOR('',#1157,1.);
#1157 = DIRECTION('',(0.,1.,0.));
#1158 = FACE_BOUND('',#1159,.F.);
#1159 = EDGE_LOOP('',(#1160));
#1160 = ORIENTED_EDGE('',*,*,#1161,.F.);
#1161 = EDGE_CURVE('',#1162,#1162,#1164,.T.);
#1162 = VERTEX_POINT('',#1163);
#1163 = CARTESIAN_POINT('',(-2.31,-2.54,0.46));
#1164 = CIRCLE('',#1165,0.23);
#1165 = AXIS2_PLACEMENT_3D('',#1166,#1167,#1168);
#1166 = CARTESIAN_POINT('',(-2.54,-2.54,0.46));
#1167 = DIRECTION('',(0.,0.,1.));
#1168 = DIRECTION('',(1.,0.,-0.));
#1169 = FACE_BOUND('',#1170,.F.);
#1170 = EDGE_LOOP('',(#1171));
#1171 = ORIENTED_EDGE('',*,*,#1172,.F.);
#1172 = EDGE_CURVE('',#1130,#1173,#1175,.T.);
#1173 = VERTEX_POINT('',#1174);
#1174 = CARTESIAN_POINT('',(0.23,0.,0.46));
#1175 = CIRCLE('',#1176,0.23);
#1176 = AXIS2_PLACEMENT_3D('',#1177,#1178,#1179);
#1177 = CARTESIAN_POINT('',(0.,0.,0.46));
#1178 = DIRECTION('',(0.,0.,1.));
#1179 = DIRECTION('',(1.,0.,-0.));
#1180 = FACE_BOUND('',#1181,.F.);
#1181 = EDGE_LOOP('',(#1182,#1183,#1184));
#1182 = ORIENTED_EDGE('',*,*,#1053,.F.);
#1183 = ORIENTED_EDGE('',*,*,#1062,.F.);
#1184 = ORIENTED_EDGE('',*,*,#1073,.F.);
#1185 = PLANE('',#1186);
#1186 = AXIS2_PLACEMENT_3D('',#1187,#1188,#1189);
#1187 = CARTESIAN_POINT('',(-5.895,-3.52,0.46));
#1188 = DIRECTION('',(0.,0.,1.));
#1189 = DIRECTION('',(1.,0.,-0.));
#1190 = ADVANCED_FACE('',(#1191),#1248,.T.);
#1191 = FACE_BOUND('',#1192,.T.);
#1192 = EDGE_LOOP('',(#1193,#1194,#1202,#1210,#1218,#1226,#1234,#1242));
#1193 = ORIENTED_EDGE('',*,*,#1145,.F.);
#1194 = ORIENTED_EDGE('',*,*,#1195,.F.);
#1195 = EDGE_CURVE('',#1196,#1146,#1198,.T.);
#1196 = VERTEX_POINT('',#1197);
#1197 = CARTESIAN_POINT('',(-5.31,0.98,0.));
#1198 = LINE('',#1199,#1200);
#1199 = CARTESIAN_POINT('',(-5.31,0.98,0.));
#1200 = VECTOR('',#1201,1.);
#1201 = DIRECTION('',(0.,0.,1.));
#1202 = ORIENTED_EDGE('',*,*,#1203,.F.);
#1203 = EDGE_CURVE('',#1204,#1196,#1206,.T.);
#1204 = VERTEX_POINT('',#1205);
#1205 = CARTESIAN_POINT('',(-5.895,0.98,0.));
#1206 = LINE('',#1207,#1208);
#1207 = CARTESIAN_POINT('',(-5.895,0.98,0.));
#1208 = VECTOR('',#1209,1.);
#1209 = DIRECTION('',(1.,0.,0.));
#1210 = ORIENTED_EDGE('',*,*,#1211,.T.);
#1211 = EDGE_CURVE('',#1204,#1212,#1214,.T.);
#1212 = VERTEX_POINT('',#1213);
#1213 = CARTESIAN_POINT('',(-5.895,0.98,7.24));
#1214 = LINE('',#1215,#1216);
#1215 = CARTESIAN_POINT('',(-5.895,0.98,0.46));
#1216 = VECTOR('',#1217,1.);
#1217 = DIRECTION('',(0.,0.,1.));
#1218 = ORIENTED_EDGE('',*,*,#1219,.T.);
#1219 = EDGE_CURVE('',#1212,#1220,#1222,.T.);
#1220 = VERTEX_POINT('',#1221);
#1221 = CARTESIAN_POINT('',(0.815,0.98,7.24));
#1222 = LINE('',#1223,#1224);
#1223 = CARTESIAN_POINT('',(-5.895,0.98,7.24));
#1224 = VECTOR('',#1225,1.);
#1225 = DIRECTION('',(1.,0.,0.));
#1226 = ORIENTED_EDGE('',*,*,#1227,.F.);
#1227 = EDGE_CURVE('',#1228,#1220,#1230,.T.);
#1228 = VERTEX_POINT('',#1229);
#1229 = CARTESIAN_POINT('',(0.815,0.98,0.));
#1230 = LINE('',#1231,#1232);
#1231 = CARTESIAN_POINT('',(0.815,0.98,0.46));
#1232 = VECTOR('',#1233,1.);
#1233 = DIRECTION('',(0.,0.,1.));
#1234 = ORIENTED_EDGE('',*,*,#1235,.F.);
#1235 = EDGE_CURVE('',#1236,#1228,#1238,.T.);
#1236 = VERTEX_POINT('',#1237);
#1237 = CARTESIAN_POINT('',(0.23,0.98,0.));
#1238 = LINE('',#1239,#1240);
#1239 = CARTESIAN_POINT('',(0.23,0.98,0.));
#1240 = VECTOR('',#1241,1.);
#1241 = DIRECTION('',(1.,0.,0.));
#1242 = ORIENTED_EDGE('',*,*,#1243,.T.);
#1243 = EDGE_CURVE('',#1236,#1138,#1244,.T.);
#1244 = LINE('',#1245,#1246);
#1245 = CARTESIAN_POINT('',(0.23,0.98,0.));
#1246 = VECTOR('',#1247,1.);
#1247 = DIRECTION('',(0.,0.,1.));
#1248 = PLANE('',#1249);
#1249 = AXIS2_PLACEMENT_3D('',#1250,#1251,#1252);
#1250 = CARTESIAN_POINT('',(-2.54,0.98,3.600208188758));
#1251 = DIRECTION('',(0.,1.,0.));
#1252 = DIRECTION('',(0.,-0.,1.));
#1253 = ADVANCED_FACE('',(#1254),#1311,.T.);
#1254 = FACE_BOUND('',#1255,.T.);
#1255 = EDGE_LOOP('',(#1256,#1257,#1265,#1273,#1281,#1289,#1297,#1305));
#1256 = ORIENTED_EDGE('',*,*,#1121,.T.);
#1257 = ORIENTED_EDGE('',*,*,#1258,.F.);
#1258 = EDGE_CURVE('',#1259,#1122,#1261,.T.);
#1259 = VERTEX_POINT('',#1260);
#1260 = CARTESIAN_POINT('',(0.23,-3.52,0.));
#1261 = LINE('',#1262,#1263);
#1262 = CARTESIAN_POINT('',(0.23,-3.52,0.));
#1263 = VECTOR('',#1264,1.);
#1264 = DIRECTION('',(0.,0.,1.));
#1265 = ORIENTED_EDGE('',*,*,#1266,.T.);
#1266 = EDGE_CURVE('',#1259,#1267,#1269,.T.);
#1267 = VERTEX_POINT('',#1268);
#1268 = CARTESIAN_POINT('',(0.815,-3.52,0.));
#1269 = LINE('',#1270,#1271);
#1270 = CARTESIAN_POINT('',(0.23,-3.52,0.));
#1271 = VECTOR('',#1272,1.);
#1272 = DIRECTION('',(1.,0.,0.));
#1273 = ORIENTED_EDGE('',*,*,#1274,.T.);
#1274 = EDGE_CURVE('',#1267,#1275,#1277,.T.);
#1275 = VERTEX_POINT('',#1276);
#1276 = CARTESIAN_POINT('',(0.815,-3.52,7.24));
#1277 = LINE('',#1278,#1279);
#1278 = CARTESIAN_POINT('',(0.815,-3.52,0.));
#1279 = VECTOR('',#1280,1.);
#1280 = DIRECTION('',(0.,0.,1.));
#1281 = ORIENTED_EDGE('',*,*,#1282,.F.);
#1282 = EDGE_CURVE('',#1283,#1275,#1285,.T.);
#1283 = VERTEX_POINT('',#1284);
#1284 = CARTESIAN_POINT('',(-5.895,-3.52,7.24));
#1285 = LINE('',#1286,#1287);
#1286 = CARTESIAN_POINT('',(-5.895,-3.52,7.24));
#1287 = VECTOR('',#1288,1.);
#1288 = DIRECTION('',(1.,0.,0.));
#1289 = ORIENTED_EDGE('',*,*,#1290,.F.);
#1290 = EDGE_CURVE('',#1291,#1283,#1293,.T.);
#1291 = VERTEX_POINT('',#1292);
#1292 = CARTESIAN_POINT('',(-5.895,-3.52,0.));
#1293 = LINE('',#1294,#1295);
#1294 = CARTESIAN_POINT('',(-5.895,-3.52,0.));
#1295 = VECTOR('',#1296,1.);
#1296 = DIRECTION('',(0.,0.,1.));
#1297 = ORIENTED_EDGE('',*,*,#1298,.T.);
#1298 = EDGE_CURVE('',#1291,#1299,#1301,.T.);
#1299 = VERTEX_POINT('',#1300);
#1300 = CARTESIAN_POINT('',(-5.31,-3.52,0.));
#1301 = LINE('',#1302,#1303);
#1302 = CARTESIAN_POINT('',(-5.895,-3.52,0.));
#1303 = VECTOR('',#1304,1.);
#1304 = DIRECTION('',(1.,0.,0.));
#1305 = ORIENTED_EDGE('',*,*,#1306,.T.);
#1306 = EDGE_CURVE('',#1299,#1114,#1307,.T.);
#1307 = LINE('',#1308,#1309);
#1308 = CARTESIAN_POINT('',(-5.31,-3.52,0.));
#1309 = VECTOR('',#1310,1.);
#1310 = DIRECTION('',(0.,0.,1.));
#1311 = PLANE('',#1312);
#1312 = AXIS2_PLACEMENT_3D('',#1313,#1314,#1315);
#1313 = CARTESIAN_POINT('',(-2.54,-3.52,3.600208188758));
#1314 = DIRECTION('',(-0.,-1.,-0.));
#1315 = DIRECTION('',(0.,0.,-1.));
#1316 = ADVANCED_FACE('',(#1317),#1336,.T.);
#1317 = FACE_BOUND('',#1318,.T.);
#1318 = EDGE_LOOP('',(#1319,#1320,#1328,#1335));
#1319 = ORIENTED_EDGE('',*,*,#1161,.F.);
#1320 = ORIENTED_EDGE('',*,*,#1321,.F.);
#1321 = EDGE_CURVE('',#1322,#1162,#1324,.T.);
#1322 = VERTEX_POINT('',#1323);
#1323 = CARTESIAN_POINT('',(-2.31,-2.54,-4.88));
#1324 = LINE('',#1325,#1326);
#1325 = CARTESIAN_POINT('',(-2.31,-2.54,-4.88));
#1326 = VECTOR('',#1327,1.);
#1327 = DIRECTION('',(0.,0.,1.));
#1328 = ORIENTED_EDGE('',*,*,#1329,.T.);
#1329 = EDGE_CURVE('',#1322,#1322,#1330,.T.);
#1330 = CIRCLE('',#1331,0.23);
#1331 = AXIS2_PLACEMENT_3D('',#1332,#1333,#1334);
#1332 = CARTESIAN_POINT('',(-2.54,-2.54,-4.88));
#1333 = DIRECTION('',(0.,0.,1.));
#1334 = DIRECTION('',(1.,0.,-0.));
#1335 = ORIENTED_EDGE('',*,*,#1321,.T.);
#1336 = CYLINDRICAL_SURFACE('',#1337,0.23);
#1337 = AXIS2_PLACEMENT_3D('',#1338,#1339,#1340);
#1338 = CARTESIAN_POINT('',(-2.54,-2.54,-4.88));
#1339 = DIRECTION('',(0.,0.,1.));
#1340 = DIRECTION('',(1.,0.,-0.));
#1341 = ADVANCED_FACE('',(#1342),#1370,.T.);
#1342 = FACE_BOUND('',#1343,.T.);
#1343 = EDGE_LOOP('',(#1344,#1345,#1353,#1361,#1368,#1369));
#1344 = ORIENTED_EDGE('',*,*,#1172,.F.);
#1345 = ORIENTED_EDGE('',*,*,#1346,.F.);
#1346 = EDGE_CURVE('',#1347,#1130,#1349,.T.);
#1347 = VERTEX_POINT('',#1348);
#1348 = CARTESIAN_POINT('',(0.23,-3.E-17,0.));
#1349 = LINE('',#1350,#1351);
#1350 = CARTESIAN_POINT('',(0.23,-6.E-17,-4.88));
#1351 = VECTOR('',#1352,1.);
#1352 = DIRECTION('',(0.,0.,1.));
#1353 = ORIENTED_EDGE('',*,*,#1354,.F.);
#1354 = EDGE_CURVE('',#1355,#1347,#1357,.T.);
#1355 = VERTEX_POINT('',#1356);
#1356 = CARTESIAN_POINT('',(0.23,0.,-4.88));
#1357 = LINE('',#1358,#1359);
#1358 = CARTESIAN_POINT('',(0.23,-6.E-17,-4.88));
#1359 = VECTOR('',#1360,1.);
#1360 = DIRECTION('',(0.,0.,1.));
#1361 = ORIENTED_EDGE('',*,*,#1362,.T.);
#1362 = EDGE_CURVE('',#1355,#1355,#1363,.T.);
#1363 = CIRCLE('',#1364,0.23);
#1364 = AXIS2_PLACEMENT_3D('',#1365,#1366,#1367);
#1365 = CARTESIAN_POINT('',(0.,0.,-4.88));
#1366 = DIRECTION('',(0.,0.,1.));
#1367 = DIRECTION('',(1.,0.,-0.));
#1368 = ORIENTED_EDGE('',*,*,#1354,.T.);
#1369 = ORIENTED_EDGE('',*,*,#1346,.T.);
#1370 = CYLINDRICAL_SURFACE('',#1371,0.23);
#1371 = AXIS2_PLACEMENT_3D('',#1372,#1373,#1374);
#1372 = CARTESIAN_POINT('',(0.,0.,-4.88));
#1373 = DIRECTION('',(0.,0.,1.));
#1374 = DIRECTION('',(1.,0.,-0.));
#1375 = ADVANCED_FACE('',(#1376),#1400,.F.);
#1376 = FACE_BOUND('',#1377,.F.);
#1377 = EDGE_LOOP('',(#1378,#1384,#1385,#1393,#1399));
#1378 = ORIENTED_EDGE('',*,*,#1379,.F.);
#1379 = EDGE_CURVE('',#1291,#1204,#1380,.T.);
#1380 = LINE('',#1381,#1382);
#1381 = CARTESIAN_POINT('',(-5.895,-3.52,0.));
#1382 = VECTOR('',#1383,1.);
#1383 = DIRECTION('',(0.,1.,0.));
#1384 = ORIENTED_EDGE('',*,*,#1298,.T.);
#1385 = ORIENTED_EDGE('',*,*,#1386,.T.);
#1386 = EDGE_CURVE('',#1299,#1387,#1389,.T.);
#1387 = VERTEX_POINT('',#1388);
#1388 = CARTESIAN_POINT('',(-5.31,0.,0.));
#1389 = LINE('',#1390,#1391);
#1390 = CARTESIAN_POINT('',(-5.31,-3.52,0.));
#1391 = VECTOR('',#1392,1.);
#1392 = DIRECTION('',(0.,1.,0.));
#1393 = ORIENTED_EDGE('',*,*,#1394,.T.);
#1394 = EDGE_CURVE('',#1387,#1196,#1395,.T.);
#1395 = LINE('',#1396,#1397);
#1396 = CARTESIAN_POINT('',(-5.31,-3.52,0.));
#1397 = VECTOR('',#1398,1.);
#1398 = DIRECTION('',(0.,1.,0.));
#1399 = ORIENTED_EDGE('',*,*,#1203,.F.);
#1400 = PLANE('',#1401);
#1401 = AXIS2_PLACEMENT_3D('',#1402,#1403,#1404);
#1402 = CARTESIAN_POINT('',(-5.895,-3.52,0.));
#1403 = DIRECTION('',(0.,0.,1.));
#1404 = DIRECTION('',(1.,0.,-0.));
#1405 = ADVANCED_FACE('',(#1406),#1417,.T.);
#1406 = FACE_BOUND('',#1407,.T.);
#1407 = EDGE_LOOP('',(#1408,#1414,#1415,#1416));
#1408 = ORIENTED_EDGE('',*,*,#1409,.T.);
#1409 = EDGE_CURVE('',#1283,#1212,#1410,.T.);
#1410 = LINE('',#1411,#1412);
#1411 = CARTESIAN_POINT('',(-5.895,-3.52,7.24));
#1412 = VECTOR('',#1413,1.);
#1413 = DIRECTION('',(0.,1.,0.));
#1414 = ORIENTED_EDGE('',*,*,#1211,.F.);
#1415 = ORIENTED_EDGE('',*,*,#1379,.F.);
#1416 = ORIENTED_EDGE('',*,*,#1290,.T.);
#1417 = PLANE('',#1418);
#1418 = AXIS2_PLACEMENT_3D('',#1419,#1420,#1421);
#1419 = CARTESIAN_POINT('',(-5.895,-1.27,3.62));
#1420 = DIRECTION('',(-1.,-0.,-0.));
#1421 = DIRECTION('',(0.,0.,-1.));
#1422 = ADVANCED_FACE('',(#1423,#1434),#1445,.T.);
#1423 = FACE_BOUND('',#1424,.T.);
#1424 = EDGE_LOOP('',(#1425,#1426,#1427,#1433));
#1425 = ORIENTED_EDGE('',*,*,#1409,.F.);
#1426 = ORIENTED_EDGE('',*,*,#1282,.T.);
#1427 = ORIENTED_EDGE('',*,*,#1428,.T.);
#1428 = EDGE_CURVE('',#1275,#1220,#1429,.T.);
#1429 = LINE('',#1430,#1431);
#1430 = CARTESIAN_POINT('',(0.815,-3.52,7.24));
#1431 = VECTOR('',#1432,1.);
#1432 = DIRECTION('',(0.,1.,0.));
#1433 = ORIENTED_EDGE('',*,*,#1219,.F.);
#1434 = FACE_BOUND('',#1435,.T.);
#1435 = EDGE_LOOP('',(#1436));
#1436 = ORIENTED_EDGE('',*,*,#1437,.F.);
#1437 = EDGE_CURVE('',#1438,#1438,#1440,.T.);
#1438 = VERTEX_POINT('',#1439);
#1439 = CARTESIAN_POINT('',(0.485,-2.25,7.24));
#1440 = CIRCLE('',#1441,0.89);
#1441 = AXIS2_PLACEMENT_3D('',#1442,#1443,#1444);
#1442 = CARTESIAN_POINT('',(-0.405,-2.25,7.24));
#1443 = DIRECTION('',(0.,0.,1.));
#1444 = DIRECTION('',(1.,0.,-0.));
#1445 = PLANE('',#1446);
#1446 = AXIS2_PLACEMENT_3D('',#1447,#1448,#1449);
#1447 = CARTESIAN_POINT('',(-5.895,-3.52,7.24));
#1448 = DIRECTION('',(0.,0.,1.));
#1449 = DIRECTION('',(1.,0.,-0.));
#1450 = ADVANCED_FACE('',(#1451),#1462,.T.);
#1451 = FACE_BOUND('',#1452,.T.);
#1452 = EDGE_LOOP('',(#1453,#1454,#1460,#1461));
#1453 = ORIENTED_EDGE('',*,*,#1274,.F.);
#1454 = ORIENTED_EDGE('',*,*,#1455,.T.);
#1455 = EDGE_CURVE('',#1267,#1228,#1456,.T.);
#1456 = LINE('',#1457,#1458);
#1457 = CARTESIAN_POINT('',(0.815,-3.52,0.));
#1458 = VECTOR('',#1459,1.);
#1459 = DIRECTION('',(0.,1.,0.));
#1460 = ORIENTED_EDGE('',*,*,#1227,.T.);
#1461 = ORIENTED_EDGE('',*,*,#1428,.F.);
#1462 = PLANE('',#1463);
#1463 = AXIS2_PLACEMENT_3D('',#1464,#1465,#1466);
#1464 = CARTESIAN_POINT('',(0.815,-1.27,3.62));
#1465 = DIRECTION('',(1.,0.,-3.E-17));
#1466 = DIRECTION('',(3.E-17,0.,1.));
#1467 = ADVANCED_FACE('',(#1468),#1485,.F.);
#1468 = FACE_BOUND('',#1469,.F.);
#1469 = EDGE_LOOP('',(#1470,#1476,#1477,#1478,#1479));
#1470 = ORIENTED_EDGE('',*,*,#1471,.F.);
#1471 = EDGE_CURVE('',#1259,#1347,#1472,.T.);
#1472 = LINE('',#1473,#1474);
#1473 = CARTESIAN_POINT('',(0.23,-3.52,0.));
#1474 = VECTOR('',#1475,1.);
#1475 = DIRECTION('',(0.,1.,0.));
#1476 = ORIENTED_EDGE('',*,*,#1266,.T.);
#1477 = ORIENTED_EDGE('',*,*,#1455,.T.);
#1478 = ORIENTED_EDGE('',*,*,#1235,.F.);
#1479 = ORIENTED_EDGE('',*,*,#1480,.F.);
#1480 = EDGE_CURVE('',#1347,#1236,#1481,.T.);
#1481 = LINE('',#1482,#1483);
#1482 = CARTESIAN_POINT('',(0.23,-3.52,0.));
#1483 = VECTOR('',#1484,1.);
#1484 = DIRECTION('',(0.,1.,0.));
#1485 = PLANE('',#1486);
#1486 = AXIS2_PLACEMENT_3D('',#1487,#1488,#1489);
#1487 = CARTESIAN_POINT('',(0.23,-3.52,0.));
#1488 = DIRECTION('',(0.,0.,1.));
#1489 = DIRECTION('',(1.,0.,-0.));
#1490 = ADVANCED_FACE('',(#1491),#1494,.F.);
#1491 = FACE_BOUND('',#1492,.T.);
#1492 = EDGE_LOOP('',(#1493));
#1493 = ORIENTED_EDGE('',*,*,#1329,.F.);
#1494 = PLANE('',#1495);
#1495 = AXIS2_PLACEMENT_3D('',#1496,#1497,#1498);
#1496 = CARTESIAN_POINT('',(-2.54,-2.54,-4.88));
#1497 = DIRECTION('',(0.,0.,1.));
#1498 = DIRECTION('',(1.,0.,-0.));
#1499 = ADVANCED_FACE('',(#1500),#1503,.F.);
#1500 = FACE_BOUND('',#1501,.T.);
#1501 = EDGE_LOOP('',(#1502));
#1502 = ORIENTED_EDGE('',*,*,#1362,.F.);
#1503 = PLANE('',#1504);
#1504 = AXIS2_PLACEMENT_3D('',#1505,#1506,#1507);
#1505 = CARTESIAN_POINT('',(0.,0.,-4.88));
#1506 = DIRECTION('',(0.,0.,1.));
#1507 = DIRECTION('',(1.,0.,-0.));
#1508 = ADVANCED_FACE('',(#1509),#1596,.T.);
#1509 = FACE_BOUND('',#1510,.T.);
#1510 = EDGE_LOOP('',(#1511,#1522,#1530,#1539,#1545,#1546,#1547,#1556,
    #1564,#1573,#1581,#1590));
#1511 = ORIENTED_EDGE('',*,*,#1512,.F.);
#1512 = EDGE_CURVE('',#1513,#1515,#1517,.T.);
#1513 = VERTEX_POINT('',#1514);
#1514 = CARTESIAN_POINT('',(0.446175657547,-1.99,8.26));
#1515 = VERTEX_POINT('',#1516);
#1516 = CARTESIAN_POINT('',(-1.256175657547,-1.99,8.26));
#1517 = CIRCLE('',#1518,0.89);
#1518 = AXIS2_PLACEMENT_3D('',#1519,#1520,#1521);
#1519 = CARTESIAN_POINT('',(-0.405,-2.25,8.26));
#1520 = DIRECTION('',(0.,0.,1.));
#1521 = DIRECTION('',(1.,0.,-0.));
#1522 = ORIENTED_EDGE('',*,*,#1523,.F.);
#1523 = EDGE_CURVE('',#1524,#1513,#1526,.T.);
#1524 = VERTEX_POINT('',#1525);
#1525 = CARTESIAN_POINT('',(0.446175657547,-1.99,7.62));
#1526 = LINE('',#1527,#1528);
#1527 = CARTESIAN_POINT('',(0.446175657547,-1.99,7.24));
#1528 = VECTOR('',#1529,1.);
#1529 = DIRECTION('',(0.,0.,1.));
#1530 = ORIENTED_EDGE('',*,*,#1531,.F.);
#1531 = EDGE_CURVE('',#1532,#1524,#1534,.T.);
#1532 = VERTEX_POINT('',#1533);
#1533 = CARTESIAN_POINT('',(0.485,-2.25,7.62));
#1534 = CIRCLE('',#1535,0.89);
#1535 = AXIS2_PLACEMENT_3D('',#1536,#1537,#1538);
#1536 = CARTESIAN_POINT('',(-0.405,-2.25,7.62));
#1537 = DIRECTION('',(0.,0.,1.));
#1538 = DIRECTION('',(1.,0.,-0.));
#1539 = ORIENTED_EDGE('',*,*,#1540,.F.);
#1540 = EDGE_CURVE('',#1438,#1532,#1541,.T.);
#1541 = LINE('',#1542,#1543);
#1542 = CARTESIAN_POINT('',(0.485,-2.25,7.24));
#1543 = VECTOR('',#1544,1.);
#1544 = DIRECTION('',(0.,0.,1.));
#1545 = ORIENTED_EDGE('',*,*,#1437,.T.);
#1546 = ORIENTED_EDGE('',*,*,#1540,.T.);
#1547 = ORIENTED_EDGE('',*,*,#1548,.F.);
#1548 = EDGE_CURVE('',#1549,#1532,#1551,.T.);
#1549 = VERTEX_POINT('',#1550);
#1550 = CARTESIAN_POINT('',(0.449166260163,-2.5,7.62));
#1551 = CIRCLE('',#1552,0.89);
#1552 = AXIS2_PLACEMENT_3D('',#1553,#1554,#1555);
#1553 = CARTESIAN_POINT('',(-0.405,-2.25,7.62));
#1554 = DIRECTION('',(0.,0.,1.));
#1555 = DIRECTION('',(1.,0.,-0.));
#1556 = ORIENTED_EDGE('',*,*,#1557,.T.);
#1557 = EDGE_CURVE('',#1549,#1558,#1560,.T.);
#1558 = VERTEX_POINT('',#1559);
#1559 = CARTESIAN_POINT('',(0.449166260162,-2.5,8.26));
#1560 = LINE('',#1561,#1562);
#1561 = CARTESIAN_POINT('',(0.449166260163,-2.5,7.24));
#1562 = VECTOR('',#1563,1.);
#1563 = DIRECTION('',(0.,0.,1.));
#1564 = ORIENTED_EDGE('',*,*,#1565,.F.);
#1565 = EDGE_CURVE('',#1566,#1558,#1568,.T.);
#1566 = VERTEX_POINT('',#1567);
#1567 = CARTESIAN_POINT('',(-1.259166260163,-2.5,8.26));
#1568 = CIRCLE('',#1569,0.89);
#1569 = AXIS2_PLACEMENT_3D('',#1570,#1571,#1572);
#1570 = CARTESIAN_POINT('',(-0.405,-2.25,8.26));
#1571 = DIRECTION('',(0.,0.,1.));
#1572 = DIRECTION('',(1.,0.,-0.));
#1573 = ORIENTED_EDGE('',*,*,#1574,.F.);
#1574 = EDGE_CURVE('',#1575,#1566,#1577,.T.);
#1575 = VERTEX_POINT('',#1576);
#1576 = CARTESIAN_POINT('',(-1.259166260163,-2.5,7.62));
#1577 = LINE('',#1578,#1579);
#1578 = CARTESIAN_POINT('',(-1.259166260163,-2.5,7.24));
#1579 = VECTOR('',#1580,1.);
#1580 = DIRECTION('',(0.,0.,1.));
#1581 = ORIENTED_EDGE('',*,*,#1582,.F.);
#1582 = EDGE_CURVE('',#1583,#1575,#1585,.T.);
#1583 = VERTEX_POINT('',#1584);
#1584 = CARTESIAN_POINT('',(-1.256175657547,-1.99,7.62));
#1585 = CIRCLE('',#1586,0.89);
#1586 = AXIS2_PLACEMENT_3D('',#1587,#1588,#1589);
#1587 = CARTESIAN_POINT('',(-0.405,-2.25,7.62));
#1588 = DIRECTION('',(0.,0.,1.));
#1589 = DIRECTION('',(1.,0.,-0.));
#1590 = ORIENTED_EDGE('',*,*,#1591,.T.);
#1591 = EDGE_CURVE('',#1583,#1515,#1592,.T.);
#1592 = LINE('',#1593,#1594);
#1593 = CARTESIAN_POINT('',(-1.256175657547,-1.99,7.24));
#1594 = VECTOR('',#1595,1.);
#1595 = DIRECTION('',(0.,0.,1.));
#1596 = CYLINDRICAL_SURFACE('',#1597,0.89);
#1597 = AXIS2_PLACEMENT_3D('',#1598,#1599,#1600);
#1598 = CARTESIAN_POINT('',(-0.405,-2.25,7.24));
#1599 = DIRECTION('',(0.,0.,1.));
#1600 = DIRECTION('',(1.,0.,-0.));
#1601 = ADVANCED_FACE('',(#1602),#1611,.T.);
#1602 = FACE_BOUND('',#1603,.T.);
#1603 = EDGE_LOOP('',(#1604,#1610));
#1604 = ORIENTED_EDGE('',*,*,#1605,.T.);
#1605 = EDGE_CURVE('',#1515,#1513,#1606,.T.);
#1606 = LINE('',#1607,#1608);
#1607 = CARTESIAN_POINT('',(-5.,-1.99,8.26));
#1608 = VECTOR('',#1609,1.);
#1609 = DIRECTION('',(1.,0.,0.));
#1610 = ORIENTED_EDGE('',*,*,#1512,.T.);
#1611 = PLANE('',#1612);
#1612 = AXIS2_PLACEMENT_3D('',#1613,#1614,#1615);
#1613 = CARTESIAN_POINT('',(-0.405,-2.25,8.26));
#1614 = DIRECTION('',(0.,0.,1.));
#1615 = DIRECTION('',(1.,0.,-0.));
#1616 = ADVANCED_FACE('',(#1617),#1628,.F.);
#1617 = FACE_BOUND('',#1618,.F.);
#1618 = EDGE_LOOP('',(#1619,#1625,#1626,#1627));
#1619 = ORIENTED_EDGE('',*,*,#1620,.F.);
#1620 = EDGE_CURVE('',#1583,#1524,#1621,.T.);
#1621 = LINE('',#1622,#1623);
#1622 = CARTESIAN_POINT('',(-5.,-1.99,7.62));
#1623 = VECTOR('',#1624,1.);
#1624 = DIRECTION('',(1.,0.,0.));
#1625 = ORIENTED_EDGE('',*,*,#1591,.T.);
#1626 = ORIENTED_EDGE('',*,*,#1605,.T.);
#1627 = ORIENTED_EDGE('',*,*,#1523,.F.);
#1628 = PLANE('',#1629);
#1629 = AXIS2_PLACEMENT_3D('',#1630,#1631,#1632);
#1630 = CARTESIAN_POINT('',(-5.,-1.99,7.62));
#1631 = DIRECTION('',(0.,1.,0.));
#1632 = DIRECTION('',(0.,-0.,1.));
#1633 = ADVANCED_FACE('',(#1634),#1646,.T.);
#1634 = FACE_BOUND('',#1635,.T.);
#1635 = EDGE_LOOP('',(#1636,#1637,#1638,#1644,#1645));
#1636 = ORIENTED_EDGE('',*,*,#1620,.F.);
#1637 = ORIENTED_EDGE('',*,*,#1582,.T.);
#1638 = ORIENTED_EDGE('',*,*,#1639,.T.);
#1639 = EDGE_CURVE('',#1575,#1549,#1640,.T.);
#1640 = LINE('',#1641,#1642);
#1641 = CARTESIAN_POINT('',(-5.,-2.5,7.62));
#1642 = VECTOR('',#1643,1.);
#1643 = DIRECTION('',(1.,0.,0.));
#1644 = ORIENTED_EDGE('',*,*,#1548,.T.);
#1645 = ORIENTED_EDGE('',*,*,#1531,.T.);
#1646 = PLANE('',#1647);
#1647 = AXIS2_PLACEMENT_3D('',#1648,#1649,#1650);
#1648 = CARTESIAN_POINT('',(-5.,-2.5,7.62));
#1649 = DIRECTION('',(0.,0.,1.));
#1650 = DIRECTION('',(1.,0.,-0.));
#1651 = ADVANCED_FACE('',(#1652),#1663,.T.);
#1652 = FACE_BOUND('',#1653,.T.);
#1653 = EDGE_LOOP('',(#1654,#1655,#1656,#1662));
#1654 = ORIENTED_EDGE('',*,*,#1639,.F.);
#1655 = ORIENTED_EDGE('',*,*,#1574,.T.);
#1656 = ORIENTED_EDGE('',*,*,#1657,.T.);
#1657 = EDGE_CURVE('',#1566,#1558,#1658,.T.);
#1658 = LINE('',#1659,#1660);
#1659 = CARTESIAN_POINT('',(-5.,-2.5,8.26));
#1660 = VECTOR('',#1661,1.);
#1661 = DIRECTION('',(1.,0.,0.));
#1662 = ORIENTED_EDGE('',*,*,#1557,.F.);
#1663 = PLANE('',#1664);
#1664 = AXIS2_PLACEMENT_3D('',#1665,#1666,#1667);
#1665 = CARTESIAN_POINT('',(-5.,-2.5,7.62));
#1666 = DIRECTION('',(0.,1.,0.));
#1667 = DIRECTION('',(0.,-0.,1.));
#1668 = ADVANCED_FACE('',(#1669),#1673,.T.);
#1669 = FACE_BOUND('',#1670,.T.);
#1670 = EDGE_LOOP('',(#1671,#1672));
#1671 = ORIENTED_EDGE('',*,*,#1565,.T.);
#1672 = ORIENTED_EDGE('',*,*,#1657,.F.);
#1673 = PLANE('',#1674);
#1674 = AXIS2_PLACEMENT_3D('',#1675,#1676,#1677);
#1675 = CARTESIAN_POINT('',(-0.405,-2.25,8.26));
#1676 = DIRECTION('',(0.,0.,1.));
#1677 = DIRECTION('',(1.,0.,-0.));
#1678 = ADVANCED_FACE('',(#1679),#1688,.T.);
#1679 = FACE_BOUND('',#1680,.T.);
#1680 = EDGE_LOOP('',(#1681,#1682,#1683,#1684,#1685,#1686,#1687));
#1681 = ORIENTED_EDGE('',*,*,#1105,.F.);
#1682 = ORIENTED_EDGE('',*,*,#1113,.F.);
#1683 = ORIENTED_EDGE('',*,*,#1306,.F.);
#1684 = ORIENTED_EDGE('',*,*,#1386,.T.);
#1685 = ORIENTED_EDGE('',*,*,#1394,.T.);
#1686 = ORIENTED_EDGE('',*,*,#1195,.T.);
#1687 = ORIENTED_EDGE('',*,*,#1153,.F.);
#1688 = PLANE('',#1689);
#1689 = AXIS2_PLACEMENT_3D('',#1690,#1691,#1692);
#1690 = CARTESIAN_POINT('',(-5.31,-3.52,0.));
#1691 = DIRECTION('',(1.,0.,0.));
#1692 = DIRECTION('',(0.,0.,1.));
#1693 = ADVANCED_FACE('',(#1694),#1702,.F.);
#1694 = FACE_BOUND('',#1695,.T.);
#1695 = EDGE_LOOP('',(#1696,#1697,#1698,#1699,#1700,#1701));
#1696 = ORIENTED_EDGE('',*,*,#1137,.T.);
#1697 = ORIENTED_EDGE('',*,*,#1243,.F.);
#1698 = ORIENTED_EDGE('',*,*,#1480,.F.);
#1699 = ORIENTED_EDGE('',*,*,#1471,.F.);
#1700 = ORIENTED_EDGE('',*,*,#1258,.T.);
#1701 = ORIENTED_EDGE('',*,*,#1129,.T.);
#1702 = PLANE('',#1703);
#1703 = AXIS2_PLACEMENT_3D('',#1704,#1705,#1706);
#1704 = CARTESIAN_POINT('',(0.23,-3.52,0.));
#1705 = DIRECTION('',(1.,0.,0.));
#1706 = DIRECTION('',(0.,0.,1.));
#1707 = ( GEOMETRIC_REPRESENTATION_CONTEXT(3) 
GLOBAL_UNCERTAINTY_ASSIGNED_CONTEXT((#1711)) 
GLOBAL_UNIT_ASSIGNED_CONTEXT((#1708,#1709,#1710)) REPRESENTATION_CONTEXT
('Context #1','3D Context with UNIT and UNCERTAINTY') );
#1708 = ( LENGTH_UNIT() NAMED_UNIT(*) SI_UNIT(.MILLI.,.METRE.) );
#1709 = ( NAMED_UNIT(*) PLANE_ANGLE_UNIT() SI_UNIT($,.RADIAN.) );
#1710 = ( NAMED_UNIT(*) SI_UNIT($,.STERADIAN.) SOLID_ANGLE_UNIT() );
#1711 = UNCERTAINTY_MEASURE_WITH_UNIT(LENGTH_MEASURE(1.E-07),#1708,
  'distance_accuracy_value','confusion accuracy');
#1712 = CONTEXT_DEPENDENT_SHAPE_REPRESENTATION(#1713,#1715);
#1713 = ( REPRESENTATION_RELATIONSHIP('','',#1036,#1013) 
REPRESENTATION_RELATIONSHIP_WITH_TRANSFORMATION(#1714) 
SHAPE_REPRESENTATION_RELATIONSHIP() );
#1714 = ITEM_DEFINED_TRANSFORMATION('','',#11,#1014);
#1715 = PRODUCT_DEFINITION_SHAPE('Placement','Placement of an item',
  #1716);
#1716 = NEXT_ASSEMBLY_USAGE_OCCURRENCE('4','=>[0:1:1:5]','',#1008,#1031,
  $);
#1717 = PRODUCT_RELATED_PRODUCT_CATEGORY('part',$,(#1033));
#1718 = CONTEXT_DEPENDENT_SHAPE_REPRESENTATION(#1719,#1721);
#1719 = ( REPRESENTATION_RELATIONSHIP('','',#176,#10) 
REPRESENTATION_RELATIONSHIP_WITH_TRANSFORMATION(#1720) 
SHAPE_REPRESENTATION_RELATIONSHIP() );
#1720 = ITEM_DEFINED_TRANSFORMATION('','',#11,#27);
#1721 = PRODUCT_DEFINITION_SHAPE('Placement','Placement of an item',
  #1722);
#1722 = NEXT_ASSEMBLY_USAGE_OCCURRENCE('6','R10','',#5,#171,$);
#1723 = CONTEXT_DEPENDENT_SHAPE_REPRESENTATION(#1724,#1726);
#1724 = ( REPRESENTATION_RELATIONSHIP('','',#176,#10) 
REPRESENTATION_RELATIONSHIP_WITH_TRANSFORMATION(#1725) 
SHAPE_REPRESENTATION_RELATIONSHIP() );
#1725 = ITEM_DEFINED_TRANSFORMATION('','',#11,#31);
#1726 = PRODUCT_DEFINITION_SHAPE('Placement','Placement of an item',
  #1727);
#1727 = NEXT_ASSEMBLY_USAGE_OCCURRENCE('7','R26','',#5,#171,$);
#1728 = CONTEXT_DEPENDENT_SHAPE_REPRESENTATION(#1729,#1731);
#1729 = ( REPRESENTATION_RELATIONSHIP('','',#176,#10) 
REPRESENTATION_RELATIONSHIP_WITH_TRANSFORMATION(#1730) 
SHAPE_REPRESENTATION_RELATIONSHIP() );
#1730 = ITEM_DEFINED_TRANSFORMATION('','',#11,#35);
#1731 = PRODUCT_DEFINITION_SHAPE('Placement','Placement of an item',
  #1732);
#1732 = NEXT_ASSEMBLY_USAGE_OCCURRENCE('8','R5','',#5,#171,$);
#1733 = CONTEXT_DEPENDENT_SHAPE_REPRESENTATION(#1734,#1736);
#1734 = ( REPRESENTATION_RELATIONSHIP('','',#176,#10) 
REPRESENTATION_RELATIONSHIP_WITH_TRANSFORMATION(#1735) 
SHAPE_REPRESENTATION_RELATIONSHIP() );
#1735 = ITEM_DEFINED_TRANSFORMATION('','',#11,#39);
#1736 = PRODUCT_DEFINITION_SHAPE('Placement','Placement of an item',
  #1737);
#1737 = NEXT_ASSEMBLY_USAGE_OCCURRENCE('9','R2','',#5,#171,$);
#1738 = CONTEXT_DEPENDENT_SHAPE_REPRESENTATION(#1739,#1741);
#1739 = ( REPRESENTATION_RELATIONSHIP('','',#176,#10) 
REPRESENTATION_RELATIONSHIP_WITH_TRANSFORMATION(#1740) 
SHAPE_REPRESENTATION_RELATIONSHIP() );
#1740 = ITEM_DEFINED_TRANSFORMATION('','',#11,#43);
#1741 = PRODUCT_DEFINITION_SHAPE('Placement','Placement of an item',
  #1742);
#1742 = NEXT_ASSEMBLY_USAGE_OCCURRENCE('10','R6','',#5,#171,$);
#1743 = CONTEXT_DEPENDENT_SHAPE_REPRESENTATION(#1744,#1746);
#1744 = ( REPRESENTATION_RELATIONSHIP('','',#176,#10) 
REPRESENTATION_RELATIONSHIP_WITH_TRANSFORMATION(#1745) 
SHAPE_REPRESENTATION_RELATIONSHIP() );
#1745 = ITEM_DEFINED_TRANSFORMATION('','',#11,#47);
#1746 = PRODUCT_DEFINITION_SHAPE('Placement','Placement of an item',
  #1747);
#1747 = NEXT_ASSEMBLY_USAGE_OCCURRENCE('11','R14','',#5,#171,$);
#1748 = CONTEXT_DEPENDENT_SHAPE_REPRESENTATION(#1749,#1751);
#1749 = ( REPRESENTATION_RELATIONSHIP('','',#176,#10) 
REPRESENTATION_RELATIONSHIP_WITH_TRANSFORMATION(#1750) 
SHAPE_REPRESENTATION_RELATIONSHIP() );
#1750 = ITEM_DEFINED_TRANSFORMATION('','',#11,#51);
#1751 = PRODUCT_DEFINITION_SHAPE('Placement','Placement of an item',
  #1752);
#1752 = NEXT_ASSEMBLY_USAGE_OCCURRENCE('12','R20','',#5,#171,$);
#1753 = SHAPE_DEFINITION_REPRESENTATION(#1754,#1760);
#1754 = PRODUCT_DEFINITION_SHAPE('','',#1755);
#1755 = PRODUCT_DEFINITION('design','',#1756,#1759);
#1756 = PRODUCT_DEFINITION_FORMATION('','',#1757);
#1757 = PRODUCT(
  'SW_DIP_SPSTx01_Slide_6.7x4.1mm_W7.62mm_P2.54mm_LowProfile',
  'SW_DIP_SPSTx01_Slide_6.7x4.1mm_W7.62mm_P2.54mm_LowProfile','',(#1758)
  );
#1758 = PRODUCT_CONTEXT('',#2,'mechanical');
#1759 = PRODUCT_DEFINITION_CONTEXT('part definition',#2,'design');
#1760 = SHAPE_REPRESENTATION('',(#11,#1761),#1765);
#1761 = AXIS2_PLACEMENT_3D('',#1762,#1763,#1764);
#1762 = CARTESIAN_POINT('',(0.,0.,0.));
#1763 = DIRECTION('',(0.,0.,1.));
#1764 = DIRECTION('',(1.,0.,-0.));
#1765 = ( GEOMETRIC_REPRESENTATION_CONTEXT(3) 
GLOBAL_UNCERTAINTY_ASSIGNED_CONTEXT((#1769)) 
GLOBAL_UNIT_ASSIGNED_CONTEXT((#1766,#1767,#1768)) REPRESENTATION_CONTEXT
('Context #1','3D Context with UNIT and UNCERTAINTY') );
#1766 = ( LENGTH_UNIT() NAMED_UNIT(*) SI_UNIT(.MILLI.,.METRE.) );
#1767 = ( NAMED_UNIT(*) PLANE_ANGLE_UNIT() SI_UNIT($,.RADIAN.) );
#1768 = ( NAMED_UNIT(*) SI_UNIT($,.STERADIAN.) SOLID_ANGLE_UNIT() );
#1769 = UNCERTAINTY_MEASURE_WITH_UNIT(LENGTH_MEASURE(1.E-07),#1766,
  'distance_accuracy_value','confusion accuracy');
#1770 = CONTEXT_DEPENDENT_SHAPE_REPRESENTATION(#1771,#1773);
#1771 = ( REPRESENTATION_RELATIONSHIP('','',#1760,#10) 
REPRESENTATION_RELATIONSHIP_WITH_TRANSFORMATION(#1772) 
SHAPE_REPRESENTATION_RELATIONSHIP() );
#1772 = ITEM_DEFINED_TRANSFORMATION('','',#11,#55);
#1773 = PRODUCT_DEFINITION_SHAPE('Placement','Placement of an item',
  #1774);
#1774 = NEXT_ASSEMBLY_USAGE_OCCURRENCE('14','SW2','',#5,#1755,$);
#1775 = PRODUCT_RELATED_PRODUCT_CATEGORY('part',$,(#1757));
#1776 = SHAPE_DEFINITION_REPRESENTATION(#1777,#1783);
#1777 = PRODUCT_DEFINITION_SHAPE('','',#1778);
#1778 = PRODUCT_DEFINITION('design','',#1779,#1782);
#1779 = PRODUCT_DEFINITION_FORMATION('','',#1780);
#1780 = PRODUCT('SW_DIP_SPSTx01_Slide_67x41mm_W762mm_P254mm_LowProfile',
  'SW_DIP_SPSTx01_Slide_67x41mm_W762mm_P254mm_LowProfile','',(#1781));
#1781 = PRODUCT_CONTEXT('',#2,'mechanical');
#1782 = PRODUCT_DEFINITION_CONTEXT('part definition',#2,'design');
#1783 = ADVANCED_BREP_SHAPE_REPRESENTATION('',(#11,#1784),#3477);
#1784 = MANIFOLD_SOLID_BREP('',#1785);
#1785 = CLOSED_SHELL('',(#1786,#1826,#1871,#1894,#1933,#1950,#1980,#2010
    ,#2041,#2064,#2088,#2118,#2149,#2166,#2196,#2254,#2312,#2342,#2359,
    #2382,#2406,#2464,#2522,#2552,#2569,#2586,#2622,#2639,#2672,#2689,
    #2706,#2739,#2756,#2773,#2796,#2826,#2843,#2876,#2893,#2910,#2943,
    #2960,#2977,#2994,#3130,#3142,#3154,#3185,#3209,#3240,#3264,#3295,
    #3326,#3350,#3374,#3389,#3407,#3427,#3445,#3465));
#1786 = ADVANCED_FACE('',(#1787),#1821,.T.);
#1787 = FACE_BOUND('',#1788,.F.);
#1788 = EDGE_LOOP('',(#1789,#1799,#1807,#1815));
#1789 = ORIENTED_EDGE('',*,*,#1790,.T.);
#1790 = EDGE_CURVE('',#1791,#1793,#1795,.T.);
#1791 = VERTEX_POINT('',#1792);
#1792 = CARTESIAN_POINT('',(1.617398188994,6.777398188994,0.));
#1793 = VERTEX_POINT('',#1794);
#1794 = CARTESIAN_POINT('',(-1.717398188994,6.777398188994,0.));
#1795 = LINE('',#1796,#1797);
#1796 = CARTESIAN_POINT('',(1.617398188994,6.777398188994,0.));
#1797 = VECTOR('',#1798,1.);
#1798 = DIRECTION('',(-1.,1.224646799147E-16,0.));
#1799 = ORIENTED_EDGE('',*,*,#1800,.T.);
#1800 = EDGE_CURVE('',#1793,#1801,#1803,.T.);
#1801 = VERTEX_POINT('',#1802);
#1802 = CARTESIAN_POINT('',(-1.717398188994,0.842601811006,0.));
#1803 = LINE('',#1804,#1805);
#1804 = CARTESIAN_POINT('',(-1.717398188994,6.777398188994,0.));
#1805 = VECTOR('',#1806,1.);
#1806 = DIRECTION('',(-1.224646799147E-16,-1.,0.));
#1807 = ORIENTED_EDGE('',*,*,#1808,.T.);
#1808 = EDGE_CURVE('',#1801,#1809,#1811,.T.);
#1809 = VERTEX_POINT('',#1810);
#1810 = CARTESIAN_POINT('',(1.617398188994,0.842601811006,0.));
#1811 = LINE('',#1812,#1813);
#1812 = CARTESIAN_POINT('',(-1.717398188994,0.842601811006,0.));
#1813 = VECTOR('',#1814,1.);
#1814 = DIRECTION('',(1.,-1.224646799147E-16,0.));
#1815 = ORIENTED_EDGE('',*,*,#1816,.T.);
#1816 = EDGE_CURVE('',#1809,#1791,#1817,.T.);
#1817 = LINE('',#1818,#1819);
#1818 = CARTESIAN_POINT('',(1.617398188994,0.842601811006,0.));
#1819 = VECTOR('',#1820,1.);
#1820 = DIRECTION('',(1.224646799147E-16,1.,0.));
#1821 = PLANE('',#1822);
#1822 = AXIS2_PLACEMENT_3D('',#1823,#1824,#1825);
#1823 = CARTESIAN_POINT('',(1.617398188994,6.777398188994,0.));
#1824 = DIRECTION('',(-0.,0.,-1.));
#1825 = DIRECTION('',(-0.489867663302,-0.87179680686,0.));
#1826 = ADVANCED_FACE('',(#1827),#1866,.T.);
#1827 = FACE_BOUND('',#1828,.T.);
#1828 = EDGE_LOOP('',(#1829,#1830,#1837,#1845,#1853,#1861));
#1829 = ORIENTED_EDGE('',*,*,#1790,.T.);
#1830 = ORIENTED_EDGE('',*,*,#1831,.T.);
#1831 = EDGE_CURVE('',#1793,#1832,#1834,.T.);
#1832 = VERTEX_POINT('',#1833);
#1833 = CARTESIAN_POINT('',(-2.1,7.16,1.8));
#1834 = B_SPLINE_CURVE_WITH_KNOTS('',1,(#1835,#1836),.UNSPECIFIED.,.F.,
  .F.,(2,2),(0.,1.),.PIECEWISE_BEZIER_KNOTS.);
#1835 = CARTESIAN_POINT('',(-1.717398188994,6.777398188994,0.));
#1836 = CARTESIAN_POINT('',(-2.1,7.16,1.8));
#1837 = ORIENTED_EDGE('',*,*,#1838,.F.);
#1838 = EDGE_CURVE('',#1839,#1832,#1841,.T.);
#1839 = VERTEX_POINT('',#1840);
#1840 = CARTESIAN_POINT('',(-0.35,7.16,1.8));
#1841 = LINE('',#1842,#1843);
#1842 = CARTESIAN_POINT('',(2.,7.16,1.8));
#1843 = VECTOR('',#1844,1.);
#1844 = DIRECTION('',(-1.,1.224646799147E-16,0.));
#1845 = ORIENTED_EDGE('',*,*,#1846,.F.);
#1846 = EDGE_CURVE('',#1847,#1839,#1849,.T.);
#1847 = VERTEX_POINT('',#1848);
#1848 = CARTESIAN_POINT('',(0.25,7.16,1.8));
#1849 = LINE('',#1850,#1851);
#1850 = CARTESIAN_POINT('',(2.,7.16,1.8));
#1851 = VECTOR('',#1852,1.);
#1852 = DIRECTION('',(-1.,1.224646799147E-16,0.));
#1853 = ORIENTED_EDGE('',*,*,#1854,.F.);
#1854 = EDGE_CURVE('',#1855,#1847,#1857,.T.);
#1855 = VERTEX_POINT('',#1856);
#1856 = CARTESIAN_POINT('',(2.,7.16,1.8));
#1857 = LINE('',#1858,#1859);
#1858 = CARTESIAN_POINT('',(2.,7.16,1.8));
#1859 = VECTOR('',#1860,1.);
#1860 = DIRECTION('',(-1.,1.224646799147E-16,0.));
#1861 = ORIENTED_EDGE('',*,*,#1862,.F.);
#1862 = EDGE_CURVE('',#1791,#1855,#1863,.T.);
#1863 = B_SPLINE_CURVE_WITH_KNOTS('',1,(#1864,#1865),.UNSPECIFIED.,.F.,
  .F.,(2,2),(0.,1.),.PIECEWISE_BEZIER_KNOTS.);
#1864 = CARTESIAN_POINT('',(1.617398188994,6.777398188994,0.));
#1865 = CARTESIAN_POINT('',(2.,7.16,1.8));
#1866 = B_SPLINE_SURFACE_WITH_KNOTS('',1,1,(
    (#1867,#1868)
    ,(#1869,#1870
    )),.UNSPECIFIED.,.F.,.F.,.F.,(2,2),(2,2),(0.,4.1),(0.,1.),
  .PIECEWISE_BEZIER_KNOTS.);
#1867 = CARTESIAN_POINT('',(1.617398188994,6.777398188994,0.));
#1868 = CARTESIAN_POINT('',(2.,7.16,1.8));
#1869 = CARTESIAN_POINT('',(-1.717398188994,6.777398188994,0.));
#1870 = CARTESIAN_POINT('',(-2.1,7.16,1.8));
#1871 = ADVANCED_FACE('',(#1872),#1889,.T.);
#1872 = FACE_BOUND('',#1873,.T.);
#1873 = EDGE_LOOP('',(#1874,#1875,#1882,#1888));
#1874 = ORIENTED_EDGE('',*,*,#1800,.T.);
#1875 = ORIENTED_EDGE('',*,*,#1876,.T.);
#1876 = EDGE_CURVE('',#1801,#1877,#1879,.T.);
#1877 = VERTEX_POINT('',#1878);
#1878 = CARTESIAN_POINT('',(-2.1,0.46,1.8));
#1879 = B_SPLINE_CURVE_WITH_KNOTS('',1,(#1880,#1881),.UNSPECIFIED.,.F.,
  .F.,(2,2),(0.,1.),.PIECEWISE_BEZIER_KNOTS.);
#1880 = CARTESIAN_POINT('',(-1.717398188994,0.842601811006,0.));
#1881 = CARTESIAN_POINT('',(-2.1,0.46,1.8));
#1882 = ORIENTED_EDGE('',*,*,#1883,.F.);
#1883 = EDGE_CURVE('',#1832,#1877,#1884,.T.);
#1884 = LINE('',#1885,#1886);
#1885 = CARTESIAN_POINT('',(-2.1,7.16,1.8));
#1886 = VECTOR('',#1887,1.);
#1887 = DIRECTION('',(-1.224646799147E-16,-1.,0.));
#1888 = ORIENTED_EDGE('',*,*,#1831,.F.);
#1889 = B_SPLINE_SURFACE_WITH_KNOTS('',1,1,(
    (#1890,#1891)
    ,(#1892,#1893
    )),.UNSPECIFIED.,.F.,.F.,.F.,(2,2),(2,2),(0.,6.7),(0.,1.),
  .PIECEWISE_BEZIER_KNOTS.);
#1890 = CARTESIAN_POINT('',(-1.717398188994,6.777398188994,0.));
#1891 = CARTESIAN_POINT('',(-2.1,7.16,1.8));
#1892 = CARTESIAN_POINT('',(-1.717398188994,0.842601811006,0.));
#1893 = CARTESIAN_POINT('',(-2.1,0.46,1.8));
#1894 = ADVANCED_FACE('',(#1895),#1928,.T.);
#1895 = FACE_BOUND('',#1896,.T.);
#1896 = EDGE_LOOP('',(#1897,#1898,#1905,#1913,#1921,#1927));
#1897 = ORIENTED_EDGE('',*,*,#1808,.T.);
#1898 = ORIENTED_EDGE('',*,*,#1899,.T.);
#1899 = EDGE_CURVE('',#1809,#1900,#1902,.T.);
#1900 = VERTEX_POINT('',#1901);
#1901 = CARTESIAN_POINT('',(2.,0.46,1.8));
#1902 = B_SPLINE_CURVE_WITH_KNOTS('',1,(#1903,#1904),.UNSPECIFIED.,.F.,
  .F.,(2,2),(0.,1.),.PIECEWISE_BEZIER_KNOTS.);
#1903 = CARTESIAN_POINT('',(1.617398188994,0.842601811006,0.));
#1904 = CARTESIAN_POINT('',(2.,0.46,1.8));
#1905 = ORIENTED_EDGE('',*,*,#1906,.F.);
#1906 = EDGE_CURVE('',#1907,#1900,#1909,.T.);
#1907 = VERTEX_POINT('',#1908);
#1908 = CARTESIAN_POINT('',(0.25,0.46,1.8));
#1909 = LINE('',#1910,#1911);
#1910 = CARTESIAN_POINT('',(-2.1,0.46,1.8));
#1911 = VECTOR('',#1912,1.);
#1912 = DIRECTION('',(1.,-1.224646799147E-16,0.));
#1913 = ORIENTED_EDGE('',*,*,#1914,.F.);
#1914 = EDGE_CURVE('',#1915,#1907,#1917,.T.);
#1915 = VERTEX_POINT('',#1916);
#1916 = CARTESIAN_POINT('',(-0.35,0.46,1.8));
#1917 = LINE('',#1918,#1919);
#1918 = CARTESIAN_POINT('',(-2.1,0.46,1.8));
#1919 = VECTOR('',#1920,1.);
#1920 = DIRECTION('',(1.,-1.224646799147E-16,0.));
#1921 = ORIENTED_EDGE('',*,*,#1922,.F.);
#1922 = EDGE_CURVE('',#1877,#1915,#1923,.T.);
#1923 = LINE('',#1924,#1925);
#1924 = CARTESIAN_POINT('',(-2.1,0.46,1.8));
#1925 = VECTOR('',#1926,1.);
#1926 = DIRECTION('',(1.,-1.224646799147E-16,0.));
#1927 = ORIENTED_EDGE('',*,*,#1876,.F.);
#1928 = B_SPLINE_SURFACE_WITH_KNOTS('',1,1,(
    (#1929,#1930)
    ,(#1931,#1932
    )),.UNSPECIFIED.,.F.,.F.,.F.,(2,2),(2,2),(0.,4.1),(0.,1.),
  .PIECEWISE_BEZIER_KNOTS.);
#1929 = CARTESIAN_POINT('',(-1.717398188994,0.842601811006,0.));
#1930 = CARTESIAN_POINT('',(-2.1,0.46,1.8));
#1931 = CARTESIAN_POINT('',(1.617398188994,0.842601811006,0.));
#1932 = CARTESIAN_POINT('',(2.,0.46,1.8));
#1933 = ADVANCED_FACE('',(#1934),#1945,.T.);
#1934 = FACE_BOUND('',#1935,.T.);
#1935 = EDGE_LOOP('',(#1936,#1937,#1938,#1944));
#1936 = ORIENTED_EDGE('',*,*,#1816,.T.);
#1937 = ORIENTED_EDGE('',*,*,#1862,.T.);
#1938 = ORIENTED_EDGE('',*,*,#1939,.F.);
#1939 = EDGE_CURVE('',#1900,#1855,#1940,.T.);
#1940 = LINE('',#1941,#1942);
#1941 = CARTESIAN_POINT('',(2.,0.46,1.8));
#1942 = VECTOR('',#1943,1.);
#1943 = DIRECTION('',(1.224646799147E-16,1.,0.));
#1944 = ORIENTED_EDGE('',*,*,#1899,.F.);
#1945 = B_SPLINE_SURFACE_WITH_KNOTS('',1,1,(
    (#1946,#1947)
    ,(#1948,#1949
    )),.UNSPECIFIED.,.F.,.F.,.F.,(2,2),(2,2),(0.,6.7),(0.,1.),
  .PIECEWISE_BEZIER_KNOTS.);
#1946 = CARTESIAN_POINT('',(1.617398188994,0.842601811006,0.));
#1947 = CARTESIAN_POINT('',(2.,0.46,1.8));
#1948 = CARTESIAN_POINT('',(1.617398188994,6.777398188994,0.));
#1949 = CARTESIAN_POINT('',(2.,7.16,1.8));
#1950 = ADVANCED_FACE('',(#1951),#1975,.T.);
#1951 = FACE_BOUND('',#1952,.T.);
#1952 = EDGE_LOOP('',(#1953,#1960,#1961,#1969));
#1953 = ORIENTED_EDGE('',*,*,#1954,.F.);
#1954 = EDGE_CURVE('',#1855,#1955,#1957,.T.);
#1955 = VERTEX_POINT('',#1956);
#1956 = CARTESIAN_POINT('',(2.,7.16,2.));
#1957 = B_SPLINE_CURVE_WITH_KNOTS('',1,(#1958,#1959),.UNSPECIFIED.,.F.,
  .F.,(2,2),(0.,1.),.PIECEWISE_BEZIER_KNOTS.);
#1958 = CARTESIAN_POINT('',(2.,7.16,1.8));
#1959 = CARTESIAN_POINT('',(2.,7.16,2.));
#1960 = ORIENTED_EDGE('',*,*,#1854,.T.);
#1961 = ORIENTED_EDGE('',*,*,#1962,.F.);
#1962 = EDGE_CURVE('',#1963,#1847,#1965,.T.);
#1963 = VERTEX_POINT('',#1964);
#1964 = CARTESIAN_POINT('',(0.25,7.16,2.));
#1965 = LINE('',#1966,#1967);
#1966 = CARTESIAN_POINT('',(0.25,7.16,1.43589830776));
#1967 = VECTOR('',#1968,1.);
#1968 = DIRECTION('',(0.,0.,-1.));
#1969 = ORIENTED_EDGE('',*,*,#1970,.F.);
#1970 = EDGE_CURVE('',#1955,#1963,#1971,.T.);
#1971 = LINE('',#1972,#1973);
#1972 = CARTESIAN_POINT('',(2.,7.16,2.));
#1973 = VECTOR('',#1974,1.);
#1974 = DIRECTION('',(-1.,1.224646799147E-16,0.));
#1975 = PLANE('',#1976);
#1976 = AXIS2_PLACEMENT_3D('',#1977,#1978,#1979);
#1977 = CARTESIAN_POINT('',(2.,7.16,2.));
#1978 = DIRECTION('',(1.224646799147E-16,1.,0.));
#1979 = DIRECTION('',(-1.,1.224646799147E-16,0.));
#1980 = ADVANCED_FACE('',(#1981),#2005,.T.);
#1981 = FACE_BOUND('',#1982,.T.);
#1982 = EDGE_LOOP('',(#1983,#1991,#1992,#1999));
#1983 = ORIENTED_EDGE('',*,*,#1984,.F.);
#1984 = EDGE_CURVE('',#1839,#1985,#1987,.T.);
#1985 = VERTEX_POINT('',#1986);
#1986 = CARTESIAN_POINT('',(-0.35,7.16,2.));
#1987 = LINE('',#1988,#1989);
#1988 = CARTESIAN_POINT('',(-0.35,7.16,1.43589830776));
#1989 = VECTOR('',#1990,1.);
#1990 = DIRECTION('',(5.815294977644E-33,-7.12168238047E-49,1.));
#1991 = ORIENTED_EDGE('',*,*,#1838,.T.);
#1992 = ORIENTED_EDGE('',*,*,#1993,.T.);
#1993 = EDGE_CURVE('',#1832,#1994,#1996,.T.);
#1994 = VERTEX_POINT('',#1995);
#1995 = CARTESIAN_POINT('',(-2.1,7.16,2.));
#1996 = B_SPLINE_CURVE_WITH_KNOTS('',1,(#1997,#1998),.UNSPECIFIED.,.F.,
  .F.,(2,2),(0.,1.),.PIECEWISE_BEZIER_KNOTS.);
#1997 = CARTESIAN_POINT('',(-2.1,7.16,1.8));
#1998 = CARTESIAN_POINT('',(-2.1,7.16,2.));
#1999 = ORIENTED_EDGE('',*,*,#2000,.F.);
#2000 = EDGE_CURVE('',#1985,#1994,#2001,.T.);
#2001 = LINE('',#2002,#2003);
#2002 = CARTESIAN_POINT('',(2.,7.16,2.));
#2003 = VECTOR('',#2004,1.);
#2004 = DIRECTION('',(-1.,1.224646799147E-16,0.));
#2005 = PLANE('',#2006);
#2006 = AXIS2_PLACEMENT_3D('',#2007,#2008,#2009);
#2007 = CARTESIAN_POINT('',(2.,7.16,2.));
#2008 = DIRECTION('',(1.224646799147E-16,1.,0.));
#2009 = DIRECTION('',(-1.,1.224646799147E-16,0.));
#2010 = ADVANCED_FACE('',(#2011),#2036,.F.);
#2011 = FACE_BOUND('',#2012,.F.);
#2012 = EDGE_LOOP('',(#2013,#2023,#2029,#2030));
#2013 = ORIENTED_EDGE('',*,*,#2014,.T.);
#2014 = EDGE_CURVE('',#2015,#2017,#2019,.T.);
#2015 = VERTEX_POINT('',#2016);
#2016 = CARTESIAN_POINT('',(0.25,7.42,1.8));
#2017 = VERTEX_POINT('',#2018);
#2018 = CARTESIAN_POINT('',(-0.35,7.42,1.8));
#2019 = LINE('',#2020,#2021);
#2020 = CARTESIAN_POINT('',(0.25,7.42,1.8));
#2021 = VECTOR('',#2022,1.);
#2022 = DIRECTION('',(-1.,1.224646799147E-16,0.));
#2023 = ORIENTED_EDGE('',*,*,#2024,.T.);
#2024 = EDGE_CURVE('',#2017,#1839,#2025,.T.);
#2025 = LINE('',#2026,#2027);
#2026 = CARTESIAN_POINT('',(-0.35,7.42,1.8));
#2027 = VECTOR('',#2028,1.);
#2028 = DIRECTION('',(-1.224646799147E-16,-1.,1.110223024625E-16));
#2029 = ORIENTED_EDGE('',*,*,#1846,.F.);
#2030 = ORIENTED_EDGE('',*,*,#2031,.T.);
#2031 = EDGE_CURVE('',#1847,#2015,#2032,.T.);
#2032 = LINE('',#2033,#2034);
#2033 = CARTESIAN_POINT('',(0.25,5.42,1.8));
#2034 = VECTOR('',#2035,1.);
#2035 = DIRECTION('',(1.224646799147E-16,1.,-1.110223024625E-16));
#2036 = PLANE('',#2037);
#2037 = AXIS2_PLACEMENT_3D('',#2038,#2039,#2040);
#2038 = CARTESIAN_POINT('',(-5.E-02,6.42,1.8));
#2039 = DIRECTION('',(1.359631073447E-32,1.110223024625E-16,1.));
#2040 = DIRECTION('',(1.224646799147E-16,1.,-1.110223024625E-16));
#2041 = ADVANCED_FACE('',(#2042),#2059,.T.);
#2042 = FACE_BOUND('',#2043,.T.);
#2043 = EDGE_LOOP('',(#2044,#2045,#2052,#2058));
#2044 = ORIENTED_EDGE('',*,*,#1883,.T.);
#2045 = ORIENTED_EDGE('',*,*,#2046,.T.);
#2046 = EDGE_CURVE('',#1877,#2047,#2049,.T.);
#2047 = VERTEX_POINT('',#2048);
#2048 = CARTESIAN_POINT('',(-2.1,0.46,2.));
#2049 = B_SPLINE_CURVE_WITH_KNOTS('',1,(#2050,#2051),.UNSPECIFIED.,.F.,
  .F.,(2,2),(0.,1.),.PIECEWISE_BEZIER_KNOTS.);
#2050 = CARTESIAN_POINT('',(-2.1,0.46,1.8));
#2051 = CARTESIAN_POINT('',(-2.1,0.46,2.));
#2052 = ORIENTED_EDGE('',*,*,#2053,.F.);
#2053 = EDGE_CURVE('',#1994,#2047,#2054,.T.);
#2054 = LINE('',#2055,#2056);
#2055 = CARTESIAN_POINT('',(-2.1,7.16,2.));
#2056 = VECTOR('',#2057,1.);
#2057 = DIRECTION('',(-1.224646799147E-16,-1.,0.));
#2058 = ORIENTED_EDGE('',*,*,#1993,.F.);
#2059 = PLANE('',#2060);
#2060 = AXIS2_PLACEMENT_3D('',#2061,#2062,#2063);
#2061 = CARTESIAN_POINT('',(-2.1,7.16,2.));
#2062 = DIRECTION('',(-1.,1.224646799147E-16,0.));
#2063 = DIRECTION('',(-1.224646799147E-16,-1.,0.));
#2064 = ADVANCED_FACE('',(#2065),#2083,.T.);
#2065 = FACE_BOUND('',#2066,.T.);
#2066 = EDGE_LOOP('',(#2067,#2068,#2069,#2077));
#2067 = ORIENTED_EDGE('',*,*,#2046,.F.);
#2068 = ORIENTED_EDGE('',*,*,#1922,.T.);
#2069 = ORIENTED_EDGE('',*,*,#2070,.F.);
#2070 = EDGE_CURVE('',#2071,#1915,#2073,.T.);
#2071 = VERTEX_POINT('',#2072);
#2072 = CARTESIAN_POINT('',(-0.35,0.46,2.));
#2073 = LINE('',#2074,#2075);
#2074 = CARTESIAN_POINT('',(-0.35,0.46,1.43589830776));
#2075 = VECTOR('',#2076,1.);
#2076 = DIRECTION('',(-0.,0.,-1.));
#2077 = ORIENTED_EDGE('',*,*,#2078,.F.);
#2078 = EDGE_CURVE('',#2047,#2071,#2079,.T.);
#2079 = LINE('',#2080,#2081);
#2080 = CARTESIAN_POINT('',(-2.1,0.46,2.));
#2081 = VECTOR('',#2082,1.);
#2082 = DIRECTION('',(1.,-1.224646799147E-16,0.));
#2083 = PLANE('',#2084);
#2084 = AXIS2_PLACEMENT_3D('',#2085,#2086,#2087);
#2085 = CARTESIAN_POINT('',(-2.1,0.46,2.));
#2086 = DIRECTION('',(-1.224646799147E-16,-1.,0.));
#2087 = DIRECTION('',(1.,-1.224646799147E-16,0.));
#2088 = ADVANCED_FACE('',(#2089),#2113,.T.);
#2089 = FACE_BOUND('',#2090,.T.);
#2090 = EDGE_LOOP('',(#2091,#2099,#2100,#2107));
#2091 = ORIENTED_EDGE('',*,*,#2092,.F.);
#2092 = EDGE_CURVE('',#1907,#2093,#2095,.T.);
#2093 = VERTEX_POINT('',#2094);
#2094 = CARTESIAN_POINT('',(0.25,0.46,2.));
#2095 = LINE('',#2096,#2097);
#2096 = CARTESIAN_POINT('',(0.25,0.46,1.43589830776));
#2097 = VECTOR('',#2098,1.);
#2098 = DIRECTION('',(-5.815294977644E-33,7.12168238047E-49,1.));
#2099 = ORIENTED_EDGE('',*,*,#1906,.T.);
#2100 = ORIENTED_EDGE('',*,*,#2101,.T.);
#2101 = EDGE_CURVE('',#1900,#2102,#2104,.T.);
#2102 = VERTEX_POINT('',#2103);
#2103 = CARTESIAN_POINT('',(2.,0.46,2.));
#2104 = B_SPLINE_CURVE_WITH_KNOTS('',1,(#2105,#2106),.UNSPECIFIED.,.F.,
  .F.,(2,2),(0.,1.),.PIECEWISE_BEZIER_KNOTS.);
#2105 = CARTESIAN_POINT('',(2.,0.46,1.8));
#2106 = CARTESIAN_POINT('',(2.,0.46,2.));
#2107 = ORIENTED_EDGE('',*,*,#2108,.F.);
#2108 = EDGE_CURVE('',#2093,#2102,#2109,.T.);
#2109 = LINE('',#2110,#2111);
#2110 = CARTESIAN_POINT('',(-2.1,0.46,2.));
#2111 = VECTOR('',#2112,1.);
#2112 = DIRECTION('',(1.,-1.224646799147E-16,0.));
#2113 = PLANE('',#2114);
#2114 = AXIS2_PLACEMENT_3D('',#2115,#2116,#2117);
#2115 = CARTESIAN_POINT('',(-2.1,0.46,2.));
#2116 = DIRECTION('',(-1.224646799147E-16,-1.,0.));
#2117 = DIRECTION('',(1.,-1.224646799147E-16,0.));
#2118 = ADVANCED_FACE('',(#2119),#2144,.F.);
#2119 = FACE_BOUND('',#2120,.F.);
#2120 = EDGE_LOOP('',(#2121,#2131,#2137,#2138));
#2121 = ORIENTED_EDGE('',*,*,#2122,.T.);
#2122 = EDGE_CURVE('',#2123,#2125,#2127,.T.);
#2123 = VERTEX_POINT('',#2124);
#2124 = CARTESIAN_POINT('',(-0.35,0.2,1.8));
#2125 = VERTEX_POINT('',#2126);
#2126 = CARTESIAN_POINT('',(0.25,0.2,1.8));
#2127 = LINE('',#2128,#2129);
#2128 = CARTESIAN_POINT('',(-0.35,0.2,1.8));
#2129 = VECTOR('',#2130,1.);
#2130 = DIRECTION('',(1.,-2.449293598295E-16,0.));
#2131 = ORIENTED_EDGE('',*,*,#2132,.T.);
#2132 = EDGE_CURVE('',#2125,#1907,#2133,.T.);
#2133 = LINE('',#2134,#2135);
#2134 = CARTESIAN_POINT('',(0.25,0.2,1.8));
#2135 = VECTOR('',#2136,1.);
#2136 = DIRECTION('',(2.449293598295E-16,1.,1.110223024625E-16));
#2137 = ORIENTED_EDGE('',*,*,#1914,.F.);
#2138 = ORIENTED_EDGE('',*,*,#2139,.T.);
#2139 = EDGE_CURVE('',#1915,#2123,#2140,.T.);
#2140 = LINE('',#2141,#2142);
#2141 = CARTESIAN_POINT('',(-0.35,2.2,1.8));
#2142 = VECTOR('',#2143,1.);
#2143 = DIRECTION('',(-2.449293598295E-16,-1.,-1.110223024625E-16));
#2144 = PLANE('',#2145);
#2145 = AXIS2_PLACEMENT_3D('',#2146,#2147,#2148);
#2146 = CARTESIAN_POINT('',(-5.E-02,1.2,1.8));
#2147 = DIRECTION('',(-2.719262146894E-32,-1.110223024625E-16,1.));
#2148 = DIRECTION('',(-2.449293598295E-16,-1.,-1.110223024625E-16));
#2149 = ADVANCED_FACE('',(#2150),#2161,.T.);
#2150 = FACE_BOUND('',#2151,.T.);
#2151 = EDGE_LOOP('',(#2152,#2153,#2154,#2160));
#2152 = ORIENTED_EDGE('',*,*,#1939,.T.);
#2153 = ORIENTED_EDGE('',*,*,#1954,.T.);
#2154 = ORIENTED_EDGE('',*,*,#2155,.F.);
#2155 = EDGE_CURVE('',#2102,#1955,#2156,.T.);
#2156 = LINE('',#2157,#2158);
#2157 = CARTESIAN_POINT('',(2.,0.46,2.));
#2158 = VECTOR('',#2159,1.);
#2159 = DIRECTION('',(1.224646799147E-16,1.,0.));
#2160 = ORIENTED_EDGE('',*,*,#2101,.F.);
#2161 = PLANE('',#2162);
#2162 = AXIS2_PLACEMENT_3D('',#2163,#2164,#2165);
#2163 = CARTESIAN_POINT('',(2.,0.46,2.));
#2164 = DIRECTION('',(1.,-1.224646799147E-16,0.));
#2165 = DIRECTION('',(1.224646799147E-16,1.,0.));
#2166 = ADVANCED_FACE('',(#2167),#2191,.T.);
#2167 = FACE_BOUND('',#2168,.T.);
#2168 = EDGE_LOOP('',(#2169,#2176,#2177,#2185));
#2169 = ORIENTED_EDGE('',*,*,#2170,.F.);
#2170 = EDGE_CURVE('',#1955,#2171,#2173,.T.);
#2171 = VERTEX_POINT('',#2172);
#2172 = CARTESIAN_POINT('',(1.9,7.06,2.));
#2173 = B_SPLINE_CURVE_WITH_KNOTS('',1,(#2174,#2175),.UNSPECIFIED.,.F.,
  .F.,(2,2),(0.,1.),.PIECEWISE_BEZIER_KNOTS.);
#2174 = CARTESIAN_POINT('',(2.,7.16,2.));
#2175 = CARTESIAN_POINT('',(1.9,7.06,2.));
#2176 = ORIENTED_EDGE('',*,*,#1970,.T.);
#2177 = ORIENTED_EDGE('',*,*,#2178,.F.);
#2178 = EDGE_CURVE('',#2179,#1963,#2181,.T.);
#2179 = VERTEX_POINT('',#2180);
#2180 = CARTESIAN_POINT('',(0.25,7.06,2.));
#2181 = LINE('',#2182,#2183);
#2182 = CARTESIAN_POINT('',(0.25,5.42,2.));
#2183 = VECTOR('',#2184,1.);
#2184 = DIRECTION('',(1.224646799147E-16,1.,-1.110223024625E-16));
#2185 = ORIENTED_EDGE('',*,*,#2186,.F.);
#2186 = EDGE_CURVE('',#2171,#2179,#2187,.T.);
#2187 = LINE('',#2188,#2189);
#2188 = CARTESIAN_POINT('',(1.9,7.06,2.));
#2189 = VECTOR('',#2190,1.);
#2190 = DIRECTION('',(-1.,1.224646799147E-16,0.));
#2191 = B_SPLINE_SURFACE_WITH_KNOTS('',1,1,(
    (#2192,#2193)
    ,(#2194,#2195
    )),.UNSPECIFIED.,.F.,.F.,.F.,(2,2),(2,2),(0.,4.1),(0.,1.),
  .PIECEWISE_BEZIER_KNOTS.);
#2192 = CARTESIAN_POINT('',(2.,7.16,2.));
#2193 = CARTESIAN_POINT('',(1.9,7.06,2.));
#2194 = CARTESIAN_POINT('',(-2.1,7.16,2.));
#2195 = CARTESIAN_POINT('',(-2.,7.06,2.));
#2196 = ADVANCED_FACE('',(#2197),#2249,.T.);
#2197 = FACE_BOUND('',#2198,.T.);
#2198 = EDGE_LOOP('',(#2199,#2209,#2217,#2225,#2234,#2240,#2241,#2242));
#2199 = ORIENTED_EDGE('',*,*,#2200,.F.);
#2200 = EDGE_CURVE('',#2201,#2203,#2205,.T.);
#2201 = VERTEX_POINT('',#2202);
#2202 = CARTESIAN_POINT('',(0.25,7.52,-1.4));
#2203 = VERTEX_POINT('',#2204);
#2204 = CARTESIAN_POINT('',(0.25,7.52,1.7));
#2205 = LINE('',#2206,#2207);
#2206 = CARTESIAN_POINT('',(0.25,7.52,-1.4));
#2207 = VECTOR('',#2208,1.);
#2208 = DIRECTION('',(0.,0.,1.));
#2209 = ORIENTED_EDGE('',*,*,#2210,.T.);
#2210 = EDGE_CURVE('',#2201,#2211,#2213,.T.);
#2211 = VERTEX_POINT('',#2212);
#2212 = CARTESIAN_POINT('',(0.25,7.72,-1.4));
#2213 = LINE('',#2214,#2215);
#2214 = CARTESIAN_POINT('',(0.25,7.52,-1.4));
#2215 = VECTOR('',#2216,1.);
#2216 = DIRECTION('',(1.224646799147E-16,1.,0.));
#2217 = ORIENTED_EDGE('',*,*,#2218,.T.);
#2218 = EDGE_CURVE('',#2211,#2219,#2221,.T.);
#2219 = VERTEX_POINT('',#2220);
#2220 = CARTESIAN_POINT('',(0.25,7.72,1.7));
#2221 = LINE('',#2222,#2223);
#2222 = CARTESIAN_POINT('',(0.25,7.72,-1.4));
#2223 = VECTOR('',#2224,1.);
#2224 = DIRECTION('',(0.,0.,1.));
#2225 = ORIENTED_EDGE('',*,*,#2226,.F.);
#2226 = EDGE_CURVE('',#2227,#2219,#2229,.T.);
#2227 = VERTEX_POINT('',#2228);
#2228 = CARTESIAN_POINT('',(0.25,7.42,2.));
#2229 = CIRCLE('',#2230,0.3);
#2230 = AXIS2_PLACEMENT_3D('',#2231,#2232,#2233);
#2231 = CARTESIAN_POINT('',(0.25,7.42,1.7));
#2232 = DIRECTION('',(-1.,1.224646799147E-16,-6.842277657836E-49));
#2233 = DIRECTION('',(5.098616525424E-33,4.163336342344E-17,1.));
#2234 = ORIENTED_EDGE('',*,*,#2235,.F.);
#2235 = EDGE_CURVE('',#1963,#2227,#2236,.T.);
#2236 = LINE('',#2237,#2238);
#2237 = CARTESIAN_POINT('',(0.25,5.42,2.));
#2238 = VECTOR('',#2239,1.);
#2239 = DIRECTION('',(1.224646799147E-16,1.,-1.110223024625E-16));
#2240 = ORIENTED_EDGE('',*,*,#1962,.T.);
#2241 = ORIENTED_EDGE('',*,*,#2031,.T.);
#2242 = ORIENTED_EDGE('',*,*,#2243,.F.);
#2243 = EDGE_CURVE('',#2203,#2015,#2244,.T.);
#2244 = CIRCLE('',#2245,0.1);
#2245 = AXIS2_PLACEMENT_3D('',#2246,#2247,#2248);
#2246 = CARTESIAN_POINT('',(0.25,7.42,1.7));
#2247 = DIRECTION('',(1.,-1.224646799147E-16,0.));
#2248 = DIRECTION('',(1.224646799147E-16,1.,-6.661338147751E-16));
#2249 = PLANE('',#2250);
#2250 = AXIS2_PLACEMENT_3D('',#2251,#2252,#2253);
#2251 = CARTESIAN_POINT('',(0.25,7.150562091677,0.871796615521));
#2252 = DIRECTION('',(1.,-1.224646799147E-16,0.));
#2253 = DIRECTION('',(1.224646799147E-16,1.,-1.110223024625E-16));
#2254 = ADVANCED_FACE('',(#2255),#2307,.T.);
#2255 = FACE_BOUND('',#2256,.T.);
#2256 = EDGE_LOOP('',(#2257,#2267,#2274,#2275,#2276,#2284,#2293,#2301));
#2257 = ORIENTED_EDGE('',*,*,#2258,.F.);
#2258 = EDGE_CURVE('',#2259,#2261,#2263,.T.);
#2259 = VERTEX_POINT('',#2260);
#2260 = CARTESIAN_POINT('',(-0.35,7.52,1.7));
#2261 = VERTEX_POINT('',#2262);
#2262 = CARTESIAN_POINT('',(-0.35,7.52,-1.4));
#2263 = LINE('',#2264,#2265);
#2264 = CARTESIAN_POINT('',(-0.35,7.52,1.7));
#2265 = VECTOR('',#2266,1.);
#2266 = DIRECTION('',(-0.,0.,-1.));
#2267 = ORIENTED_EDGE('',*,*,#2268,.T.);
#2268 = EDGE_CURVE('',#2259,#2017,#2269,.T.);
#2269 = CIRCLE('',#2270,0.1);
#2270 = AXIS2_PLACEMENT_3D('',#2271,#2272,#2273);
#2271 = CARTESIAN_POINT('',(-0.35,7.42,1.7));
#2272 = DIRECTION('',(1.,-1.224646799147E-16,0.));
#2273 = DIRECTION('',(1.224646799147E-16,1.,-6.661338147751E-16));
#2274 = ORIENTED_EDGE('',*,*,#2024,.T.);
#2275 = ORIENTED_EDGE('',*,*,#1984,.T.);
#2276 = ORIENTED_EDGE('',*,*,#2277,.F.);
#2277 = EDGE_CURVE('',#2278,#1985,#2280,.T.);
#2278 = VERTEX_POINT('',#2279);
#2279 = CARTESIAN_POINT('',(-0.35,7.42,2.));
#2280 = LINE('',#2281,#2282);
#2281 = CARTESIAN_POINT('',(-0.35,7.42,2.));
#2282 = VECTOR('',#2283,1.);
#2283 = DIRECTION('',(-1.224646799147E-16,-1.,1.110223024625E-16));
#2284 = ORIENTED_EDGE('',*,*,#2285,.T.);
#2285 = EDGE_CURVE('',#2278,#2286,#2288,.T.);
#2286 = VERTEX_POINT('',#2287);
#2287 = CARTESIAN_POINT('',(-0.35,7.72,1.7));
#2288 = CIRCLE('',#2289,0.3);
#2289 = AXIS2_PLACEMENT_3D('',#2290,#2291,#2292);
#2290 = CARTESIAN_POINT('',(-0.35,7.42,1.7));
#2291 = DIRECTION('',(-1.,1.224646799147E-16,-6.842277657836E-49));
#2292 = DIRECTION('',(5.098616525424E-33,4.163336342344E-17,1.));
#2293 = ORIENTED_EDGE('',*,*,#2294,.T.);
#2294 = EDGE_CURVE('',#2286,#2295,#2297,.T.);
#2295 = VERTEX_POINT('',#2296);
#2296 = CARTESIAN_POINT('',(-0.35,7.72,-1.4));
#2297 = LINE('',#2298,#2299);
#2298 = CARTESIAN_POINT('',(-0.35,7.72,1.7));
#2299 = VECTOR('',#2300,1.);
#2300 = DIRECTION('',(-0.,0.,-1.));
#2301 = ORIENTED_EDGE('',*,*,#2302,.F.);
#2302 = EDGE_CURVE('',#2261,#2295,#2303,.T.);
#2303 = LINE('',#2304,#2305);
#2304 = CARTESIAN_POINT('',(-0.35,7.52,-1.4));
#2305 = VECTOR('',#2306,1.);
#2306 = DIRECTION('',(1.224646799147E-16,1.,0.));
#2307 = PLANE('',#2308);
#2308 = AXIS2_PLACEMENT_3D('',#2309,#2310,#2311);
#2309 = CARTESIAN_POINT('',(-0.35,7.150562091677,0.871796615521));
#2310 = DIRECTION('',(-1.,1.224646799147E-16,5.815294977644E-33));
#2311 = DIRECTION('',(-1.224646799147E-16,-1.,1.110223024625E-16));
#2312 = ADVANCED_FACE('',(#2313),#2337,.T.);
#2313 = FACE_BOUND('',#2314,.T.);
#2314 = EDGE_LOOP('',(#2315,#2323,#2324,#2331));
#2315 = ORIENTED_EDGE('',*,*,#2316,.F.);
#2316 = EDGE_CURVE('',#1985,#2317,#2319,.T.);
#2317 = VERTEX_POINT('',#2318);
#2318 = CARTESIAN_POINT('',(-0.35,7.06,2.));
#2319 = LINE('',#2320,#2321);
#2320 = CARTESIAN_POINT('',(-0.35,7.42,2.));
#2321 = VECTOR('',#2322,1.);
#2322 = DIRECTION('',(-1.224646799147E-16,-1.,1.110223024625E-16));
#2323 = ORIENTED_EDGE('',*,*,#2000,.T.);
#2324 = ORIENTED_EDGE('',*,*,#2325,.T.);
#2325 = EDGE_CURVE('',#1994,#2326,#2328,.T.);
#2326 = VERTEX_POINT('',#2327);
#2327 = CARTESIAN_POINT('',(-2.,7.06,2.));
#2328 = B_SPLINE_CURVE_WITH_KNOTS('',1,(#2329,#2330),.UNSPECIFIED.,.F.,
  .F.,(2,2),(0.,1.),.PIECEWISE_BEZIER_KNOTS.);
#2329 = CARTESIAN_POINT('',(-2.1,7.16,2.));
#2330 = CARTESIAN_POINT('',(-2.,7.06,2.));
#2331 = ORIENTED_EDGE('',*,*,#2332,.F.);
#2332 = EDGE_CURVE('',#2317,#2326,#2333,.T.);
#2333 = LINE('',#2334,#2335);
#2334 = CARTESIAN_POINT('',(1.9,7.06,2.));
#2335 = VECTOR('',#2336,1.);
#2336 = DIRECTION('',(-1.,1.224646799147E-16,0.));
#2337 = B_SPLINE_SURFACE_WITH_KNOTS('',1,1,(
    (#2338,#2339)
    ,(#2340,#2341
    )),.UNSPECIFIED.,.F.,.F.,.F.,(2,2),(2,2),(0.,4.1),(0.,1.),
  .PIECEWISE_BEZIER_KNOTS.);
#2338 = CARTESIAN_POINT('',(2.,7.16,2.));
#2339 = CARTESIAN_POINT('',(1.9,7.06,2.));
#2340 = CARTESIAN_POINT('',(-2.1,7.16,2.));
#2341 = CARTESIAN_POINT('',(-2.,7.06,2.));
#2342 = ADVANCED_FACE('',(#2343),#2354,.F.);
#2343 = FACE_BOUND('',#2344,.F.);
#2344 = EDGE_LOOP('',(#2345,#2351,#2352,#2353));
#2345 = ORIENTED_EDGE('',*,*,#2346,.T.);
#2346 = EDGE_CURVE('',#2203,#2259,#2347,.T.);
#2347 = LINE('',#2348,#2349);
#2348 = CARTESIAN_POINT('',(0.25,7.52,1.7));
#2349 = VECTOR('',#2350,1.);
#2350 = DIRECTION('',(-1.,1.224646799147E-16,0.));
#2351 = ORIENTED_EDGE('',*,*,#2268,.T.);
#2352 = ORIENTED_EDGE('',*,*,#2014,.F.);
#2353 = ORIENTED_EDGE('',*,*,#2243,.F.);
#2354 = CYLINDRICAL_SURFACE('',#2355,0.1);
#2355 = AXIS2_PLACEMENT_3D('',#2356,#2357,#2358);
#2356 = CARTESIAN_POINT('',(0.25,7.42,1.7));
#2357 = DIRECTION('',(1.,-1.224646799147E-16,0.));
#2358 = DIRECTION('',(1.224646799147E-16,1.,-6.661338147751E-16));
#2359 = ADVANCED_FACE('',(#2360),#2377,.T.);
#2360 = FACE_BOUND('',#2361,.T.);
#2361 = EDGE_LOOP('',(#2362,#2363,#2370,#2376));
#2362 = ORIENTED_EDGE('',*,*,#2053,.T.);
#2363 = ORIENTED_EDGE('',*,*,#2364,.T.);
#2364 = EDGE_CURVE('',#2047,#2365,#2367,.T.);
#2365 = VERTEX_POINT('',#2366);
#2366 = CARTESIAN_POINT('',(-2.,0.56,2.));
#2367 = B_SPLINE_CURVE_WITH_KNOTS('',1,(#2368,#2369),.UNSPECIFIED.,.F.,
  .F.,(2,2),(0.,1.),.PIECEWISE_BEZIER_KNOTS.);
#2368 = CARTESIAN_POINT('',(-2.1,0.46,2.));
#2369 = CARTESIAN_POINT('',(-2.,0.56,2.));
#2370 = ORIENTED_EDGE('',*,*,#2371,.F.);
#2371 = EDGE_CURVE('',#2326,#2365,#2372,.T.);
#2372 = LINE('',#2373,#2374);
#2373 = CARTESIAN_POINT('',(-2.,7.06,2.));
#2374 = VECTOR('',#2375,1.);
#2375 = DIRECTION('',(-1.224646799147E-16,-1.,0.));
#2376 = ORIENTED_EDGE('',*,*,#2325,.F.);
#2377 = B_SPLINE_SURFACE_WITH_KNOTS('',1,1,(
    (#2378,#2379)
    ,(#2380,#2381
    )),.UNSPECIFIED.,.F.,.F.,.F.,(2,2),(2,2),(0.,6.7),(0.,1.),
  .PIECEWISE_BEZIER_KNOTS.);
#2378 = CARTESIAN_POINT('',(-2.1,7.16,2.));
#2379 = CARTESIAN_POINT('',(-2.,7.06,2.));
#2380 = CARTESIAN_POINT('',(-2.1,0.46,2.));
#2381 = CARTESIAN_POINT('',(-2.,0.56,2.));
#2382 = ADVANCED_FACE('',(#2383),#2401,.T.);
#2383 = FACE_BOUND('',#2384,.T.);
#2384 = EDGE_LOOP('',(#2385,#2386,#2387,#2395));
#2385 = ORIENTED_EDGE('',*,*,#2364,.F.);
#2386 = ORIENTED_EDGE('',*,*,#2078,.T.);
#2387 = ORIENTED_EDGE('',*,*,#2388,.F.);
#2388 = EDGE_CURVE('',#2389,#2071,#2391,.T.);
#2389 = VERTEX_POINT('',#2390);
#2390 = CARTESIAN_POINT('',(-0.35,0.56,2.));
#2391 = LINE('',#2392,#2393);
#2392 = CARTESIAN_POINT('',(-0.35,2.2,2.));
#2393 = VECTOR('',#2394,1.);
#2394 = DIRECTION('',(-2.449293598295E-16,-1.,-1.110223024625E-16));
#2395 = ORIENTED_EDGE('',*,*,#2396,.F.);
#2396 = EDGE_CURVE('',#2365,#2389,#2397,.T.);
#2397 = LINE('',#2398,#2399);
#2398 = CARTESIAN_POINT('',(-2.,0.56,2.));
#2399 = VECTOR('',#2400,1.);
#2400 = DIRECTION('',(1.,-1.224646799147E-16,0.));
#2401 = B_SPLINE_SURFACE_WITH_KNOTS('',1,1,(
    (#2402,#2403)
    ,(#2404,#2405
    )),.UNSPECIFIED.,.F.,.F.,.F.,(2,2),(2,2),(0.,4.1),(0.,1.),
  .PIECEWISE_BEZIER_KNOTS.);
#2402 = CARTESIAN_POINT('',(-2.1,0.46,2.));
#2403 = CARTESIAN_POINT('',(-2.,0.56,2.));
#2404 = CARTESIAN_POINT('',(2.,0.46,2.));
#2405 = CARTESIAN_POINT('',(1.9,0.56,2.));
#2406 = ADVANCED_FACE('',(#2407),#2459,.T.);
#2407 = FACE_BOUND('',#2408,.T.);
#2408 = EDGE_LOOP('',(#2409,#2419,#2427,#2435,#2444,#2450,#2451,#2452));
#2409 = ORIENTED_EDGE('',*,*,#2410,.F.);
#2410 = EDGE_CURVE('',#2411,#2413,#2415,.T.);
#2411 = VERTEX_POINT('',#2412);
#2412 = CARTESIAN_POINT('',(-0.35,0.1,-1.4));
#2413 = VERTEX_POINT('',#2414);
#2414 = CARTESIAN_POINT('',(-0.35,0.1,1.7));
#2415 = LINE('',#2416,#2417);
#2416 = CARTESIAN_POINT('',(-0.35,0.1,-1.4));
#2417 = VECTOR('',#2418,1.);
#2418 = DIRECTION('',(0.,0.,1.));
#2419 = ORIENTED_EDGE('',*,*,#2420,.T.);
#2420 = EDGE_CURVE('',#2411,#2421,#2423,.T.);
#2421 = VERTEX_POINT('',#2422);
#2422 = CARTESIAN_POINT('',(-0.35,-0.1,-1.4));
#2423 = LINE('',#2424,#2425);
#2424 = CARTESIAN_POINT('',(-0.35,0.1,-1.4));
#2425 = VECTOR('',#2426,1.);
#2426 = DIRECTION('',(-2.449293598295E-16,-1.,0.));
#2427 = ORIENTED_EDGE('',*,*,#2428,.T.);
#2428 = EDGE_CURVE('',#2421,#2429,#2431,.T.);
#2429 = VERTEX_POINT('',#2430);
#2430 = CARTESIAN_POINT('',(-0.35,-0.1,1.7));
#2431 = LINE('',#2432,#2433);
#2432 = CARTESIAN_POINT('',(-0.35,-0.1,-1.4));
#2433 = VECTOR('',#2434,1.);
#2434 = DIRECTION('',(0.,0.,1.));
#2435 = ORIENTED_EDGE('',*,*,#2436,.F.);
#2436 = EDGE_CURVE('',#2437,#2429,#2439,.T.);
#2437 = VERTEX_POINT('',#2438);
#2438 = CARTESIAN_POINT('',(-0.35,0.2,2.));
#2439 = CIRCLE('',#2440,0.3);
#2440 = AXIS2_PLACEMENT_3D('',#2441,#2442,#2443);
#2441 = CARTESIAN_POINT('',(-0.35,0.2,1.7));
#2442 = DIRECTION('',(1.,-2.449293598295E-16,-1.368455531567E-48));
#2443 = DIRECTION('',(-1.019723305085E-32,-4.163336342344E-17,1.));
#2444 = ORIENTED_EDGE('',*,*,#2445,.F.);
#2445 = EDGE_CURVE('',#2071,#2437,#2446,.T.);
#2446 = LINE('',#2447,#2448);
#2447 = CARTESIAN_POINT('',(-0.35,2.2,2.));
#2448 = VECTOR('',#2449,1.);
#2449 = DIRECTION('',(-2.449293598295E-16,-1.,-1.110223024625E-16));
#2450 = ORIENTED_EDGE('',*,*,#2070,.T.);
#2451 = ORIENTED_EDGE('',*,*,#2139,.T.);
#2452 = ORIENTED_EDGE('',*,*,#2453,.F.);
#2453 = EDGE_CURVE('',#2413,#2123,#2454,.T.);
#2454 = CIRCLE('',#2455,0.1);
#2455 = AXIS2_PLACEMENT_3D('',#2456,#2457,#2458);
#2456 = CARTESIAN_POINT('',(-0.35,0.2,1.7));
#2457 = DIRECTION('',(-1.,2.449293598295E-16,0.));
#2458 = DIRECTION('',(-2.449293598295E-16,-1.,-6.661338147751E-16));
#2459 = PLANE('',#2460);
#2460 = AXIS2_PLACEMENT_3D('',#2461,#2462,#2463);
#2461 = CARTESIAN_POINT('',(-0.35,0.469437908323,0.871796615521));
#2462 = DIRECTION('',(-1.,2.449293598295E-16,0.));
#2463 = DIRECTION('',(-2.449293598295E-16,-1.,-1.110223024625E-16));
#2464 = ADVANCED_FACE('',(#2465),#2517,.T.);
#2465 = FACE_BOUND('',#2466,.T.);
#2466 = EDGE_LOOP('',(#2467,#2477,#2484,#2485,#2486,#2494,#2503,#2511));
#2467 = ORIENTED_EDGE('',*,*,#2468,.F.);
#2468 = EDGE_CURVE('',#2469,#2471,#2473,.T.);
#2469 = VERTEX_POINT('',#2470);
#2470 = CARTESIAN_POINT('',(0.25,0.1,1.7));
#2471 = VERTEX_POINT('',#2472);
#2472 = CARTESIAN_POINT('',(0.25,0.1,-1.4));
#2473 = LINE('',#2474,#2475);
#2474 = CARTESIAN_POINT('',(0.25,0.1,1.7));
#2475 = VECTOR('',#2476,1.);
#2476 = DIRECTION('',(0.,0.,-1.));
#2477 = ORIENTED_EDGE('',*,*,#2478,.T.);
#2478 = EDGE_CURVE('',#2469,#2125,#2479,.T.);
#2479 = CIRCLE('',#2480,0.1);
#2480 = AXIS2_PLACEMENT_3D('',#2481,#2482,#2483);
#2481 = CARTESIAN_POINT('',(0.25,0.2,1.7));
#2482 = DIRECTION('',(-1.,2.449293598295E-16,0.));
#2483 = DIRECTION('',(-2.449293598295E-16,-1.,-6.661338147751E-16));
#2484 = ORIENTED_EDGE('',*,*,#2132,.T.);
#2485 = ORIENTED_EDGE('',*,*,#2092,.T.);
#2486 = ORIENTED_EDGE('',*,*,#2487,.F.);
#2487 = EDGE_CURVE('',#2488,#2093,#2490,.T.);
#2488 = VERTEX_POINT('',#2489);
#2489 = CARTESIAN_POINT('',(0.25,0.2,2.));
#2490 = LINE('',#2491,#2492);
#2491 = CARTESIAN_POINT('',(0.25,0.2,2.));
#2492 = VECTOR('',#2493,1.);
#2493 = DIRECTION('',(2.449293598295E-16,1.,1.110223024625E-16));
#2494 = ORIENTED_EDGE('',*,*,#2495,.T.);
#2495 = EDGE_CURVE('',#2488,#2496,#2498,.T.);
#2496 = VERTEX_POINT('',#2497);
#2497 = CARTESIAN_POINT('',(0.25,-0.1,1.7));
#2498 = CIRCLE('',#2499,0.3);
#2499 = AXIS2_PLACEMENT_3D('',#2500,#2501,#2502);
#2500 = CARTESIAN_POINT('',(0.25,0.2,1.7));
#2501 = DIRECTION('',(1.,-2.449293598295E-16,-1.368455531567E-48));
#2502 = DIRECTION('',(-1.019723305085E-32,-4.163336342344E-17,1.));
#2503 = ORIENTED_EDGE('',*,*,#2504,.T.);
#2504 = EDGE_CURVE('',#2496,#2505,#2507,.T.);
#2505 = VERTEX_POINT('',#2506);
#2506 = CARTESIAN_POINT('',(0.25,-0.1,-1.4));
#2507 = LINE('',#2508,#2509);
#2508 = CARTESIAN_POINT('',(0.25,-0.1,1.7));
#2509 = VECTOR('',#2510,1.);
#2510 = DIRECTION('',(0.,0.,-1.));
#2511 = ORIENTED_EDGE('',*,*,#2512,.F.);
#2512 = EDGE_CURVE('',#2471,#2505,#2513,.T.);
#2513 = LINE('',#2514,#2515);
#2514 = CARTESIAN_POINT('',(0.25,0.1,-1.4));
#2515 = VECTOR('',#2516,1.);
#2516 = DIRECTION('',(-2.449293598295E-16,-1.,0.));
#2517 = PLANE('',#2518);
#2518 = AXIS2_PLACEMENT_3D('',#2519,#2520,#2521);
#2519 = CARTESIAN_POINT('',(0.25,0.469437908323,0.871796615521));
#2520 = DIRECTION('',(1.,-2.449293598295E-16,5.815294977644E-33));
#2521 = DIRECTION('',(2.449293598295E-16,1.,1.110223024625E-16));
#2522 = ADVANCED_FACE('',(#2523),#2547,.T.);
#2523 = FACE_BOUND('',#2524,.T.);
#2524 = EDGE_LOOP('',(#2525,#2533,#2534,#2541));
#2525 = ORIENTED_EDGE('',*,*,#2526,.F.);
#2526 = EDGE_CURVE('',#2093,#2527,#2529,.T.);
#2527 = VERTEX_POINT('',#2528);
#2528 = CARTESIAN_POINT('',(0.25,0.56,2.));
#2529 = LINE('',#2530,#2531);
#2530 = CARTESIAN_POINT('',(0.25,0.2,2.));
#2531 = VECTOR('',#2532,1.);
#2532 = DIRECTION('',(2.449293598295E-16,1.,1.110223024625E-16));
#2533 = ORIENTED_EDGE('',*,*,#2108,.T.);
#2534 = ORIENTED_EDGE('',*,*,#2535,.T.);
#2535 = EDGE_CURVE('',#2102,#2536,#2538,.T.);
#2536 = VERTEX_POINT('',#2537);
#2537 = CARTESIAN_POINT('',(1.9,0.56,2.));
#2538 = B_SPLINE_CURVE_WITH_KNOTS('',1,(#2539,#2540),.UNSPECIFIED.,.F.,
  .F.,(2,2),(0.,1.),.PIECEWISE_BEZIER_KNOTS.);
#2539 = CARTESIAN_POINT('',(2.,0.46,2.));
#2540 = CARTESIAN_POINT('',(1.9,0.56,2.));
#2541 = ORIENTED_EDGE('',*,*,#2542,.F.);
#2542 = EDGE_CURVE('',#2527,#2536,#2543,.T.);
#2543 = LINE('',#2544,#2545);
#2544 = CARTESIAN_POINT('',(-2.,0.56,2.));
#2545 = VECTOR('',#2546,1.);
#2546 = DIRECTION('',(1.,-1.224646799147E-16,0.));
#2547 = B_SPLINE_SURFACE_WITH_KNOTS('',1,1,(
    (#2548,#2549)
    ,(#2550,#2551
    )),.UNSPECIFIED.,.F.,.F.,.F.,(2,2),(2,2),(0.,4.1),(0.,1.),
  .PIECEWISE_BEZIER_KNOTS.);
#2548 = CARTESIAN_POINT('',(-2.1,0.46,2.));
#2549 = CARTESIAN_POINT('',(-2.,0.56,2.));
#2550 = CARTESIAN_POINT('',(2.,0.46,2.));
#2551 = CARTESIAN_POINT('',(1.9,0.56,2.));
#2552 = ADVANCED_FACE('',(#2553),#2564,.F.);
#2553 = FACE_BOUND('',#2554,.F.);
#2554 = EDGE_LOOP('',(#2555,#2561,#2562,#2563));
#2555 = ORIENTED_EDGE('',*,*,#2556,.T.);
#2556 = EDGE_CURVE('',#2413,#2469,#2557,.T.);
#2557 = LINE('',#2558,#2559);
#2558 = CARTESIAN_POINT('',(-0.35,0.1,1.7));
#2559 = VECTOR('',#2560,1.);
#2560 = DIRECTION('',(1.,-2.449293598295E-16,0.));
#2561 = ORIENTED_EDGE('',*,*,#2478,.T.);
#2562 = ORIENTED_EDGE('',*,*,#2122,.F.);
#2563 = ORIENTED_EDGE('',*,*,#2453,.F.);
#2564 = CYLINDRICAL_SURFACE('',#2565,0.1);
#2565 = AXIS2_PLACEMENT_3D('',#2566,#2567,#2568);
#2566 = CARTESIAN_POINT('',(-0.35,0.2,1.7));
#2567 = DIRECTION('',(-1.,2.449293598295E-16,0.));
#2568 = DIRECTION('',(-2.449293598295E-16,-1.,-6.661338147751E-16));
#2569 = ADVANCED_FACE('',(#2570),#2581,.T.);
#2570 = FACE_BOUND('',#2571,.T.);
#2571 = EDGE_LOOP('',(#2572,#2573,#2574,#2580));
#2572 = ORIENTED_EDGE('',*,*,#2155,.T.);
#2573 = ORIENTED_EDGE('',*,*,#2170,.T.);
#2574 = ORIENTED_EDGE('',*,*,#2575,.F.);
#2575 = EDGE_CURVE('',#2536,#2171,#2576,.T.);
#2576 = LINE('',#2577,#2578);
#2577 = CARTESIAN_POINT('',(1.9,0.56,2.));
#2578 = VECTOR('',#2579,1.);
#2579 = DIRECTION('',(1.224646799147E-16,1.,0.));
#2580 = ORIENTED_EDGE('',*,*,#2535,.F.);
#2581 = B_SPLINE_SURFACE_WITH_KNOTS('',1,1,(
    (#2582,#2583)
    ,(#2584,#2585
    )),.UNSPECIFIED.,.F.,.F.,.F.,(2,2),(2,2),(0.,6.7),(0.,1.),
  .PIECEWISE_BEZIER_KNOTS.);
#2582 = CARTESIAN_POINT('',(2.,0.46,2.));
#2583 = CARTESIAN_POINT('',(1.9,0.56,2.));
#2584 = CARTESIAN_POINT('',(2.,7.16,2.));
#2585 = CARTESIAN_POINT('',(1.9,7.06,2.));
#2586 = ADVANCED_FACE('',(#2587),#2617,.T.);
#2587 = FACE_BOUND('',#2588,.T.);
#2588 = EDGE_LOOP('',(#2589,#2590,#2596,#2597,#2604,#2612));
#2589 = ORIENTED_EDGE('',*,*,#2186,.T.);
#2590 = ORIENTED_EDGE('',*,*,#2591,.T.);
#2591 = EDGE_CURVE('',#2179,#2317,#2592,.T.);
#2592 = LINE('',#2593,#2594);
#2593 = CARTESIAN_POINT('',(1.9,7.06,2.));
#2594 = VECTOR('',#2595,1.);
#2595 = DIRECTION('',(-1.,1.224646799147E-16,0.));
#2596 = ORIENTED_EDGE('',*,*,#2332,.T.);
#2597 = ORIENTED_EDGE('',*,*,#2598,.T.);
#2598 = EDGE_CURVE('',#2326,#2599,#2601,.T.);
#2599 = VERTEX_POINT('',#2600);
#2600 = CARTESIAN_POINT('',(-1.617398188994,6.677398188994,3.8));
#2601 = B_SPLINE_CURVE_WITH_KNOTS('',1,(#2602,#2603),.UNSPECIFIED.,.F.,
  .F.,(2,2),(0.,1.),.PIECEWISE_BEZIER_KNOTS.);
#2602 = CARTESIAN_POINT('',(-2.,7.06,2.));
#2603 = CARTESIAN_POINT('',(-1.617398188994,6.677398188994,3.8));
#2604 = ORIENTED_EDGE('',*,*,#2605,.F.);
#2605 = EDGE_CURVE('',#2606,#2599,#2608,.T.);
#2606 = VERTEX_POINT('',#2607);
#2607 = CARTESIAN_POINT('',(1.517398188994,6.677398188994,3.8));
#2608 = LINE('',#2609,#2610);
#2609 = CARTESIAN_POINT('',(1.517398188994,6.677398188994,3.8));
#2610 = VECTOR('',#2611,1.);
#2611 = DIRECTION('',(-1.,1.224646799147E-16,0.));
#2612 = ORIENTED_EDGE('',*,*,#2613,.F.);
#2613 = EDGE_CURVE('',#2171,#2606,#2614,.T.);
#2614 = B_SPLINE_CURVE_WITH_KNOTS('',1,(#2615,#2616),.UNSPECIFIED.,.F.,
  .F.,(2,2),(0.,1.),.PIECEWISE_BEZIER_KNOTS.);
#2615 = CARTESIAN_POINT('',(1.9,7.06,2.));
#2616 = CARTESIAN_POINT('',(1.517398188994,6.677398188994,3.8));
#2617 = B_SPLINE_SURFACE_WITH_KNOTS('',1,1,(
    (#2618,#2619)
    ,(#2620,#2621
    )),.UNSPECIFIED.,.F.,.F.,.F.,(2,2),(2,2),(0.,3.9),(0.,1.),
  .PIECEWISE_BEZIER_KNOTS.);
#2618 = CARTESIAN_POINT('',(1.9,7.06,2.));
#2619 = CARTESIAN_POINT('',(1.517398188994,6.677398188994,3.8));
#2620 = CARTESIAN_POINT('',(-2.,7.06,2.));
#2621 = CARTESIAN_POINT('',(-1.617398188994,6.677398188994,3.8));
#2622 = ADVANCED_FACE('',(#2623),#2634,.T.);
#2623 = FACE_BOUND('',#2624,.T.);
#2624 = EDGE_LOOP('',(#2625,#2626,#2632,#2633));
#2625 = ORIENTED_EDGE('',*,*,#2178,.T.);
#2626 = ORIENTED_EDGE('',*,*,#2627,.T.);
#2627 = EDGE_CURVE('',#1963,#1985,#2628,.T.);
#2628 = LINE('',#2629,#2630);
#2629 = CARTESIAN_POINT('',(2.,7.16,2.));
#2630 = VECTOR('',#2631,1.);
#2631 = DIRECTION('',(-1.,1.224646799147E-16,0.));
#2632 = ORIENTED_EDGE('',*,*,#2316,.T.);
#2633 = ORIENTED_EDGE('',*,*,#2591,.F.);
#2634 = B_SPLINE_SURFACE_WITH_KNOTS('',1,1,(
    (#2635,#2636)
    ,(#2637,#2638
    )),.UNSPECIFIED.,.F.,.F.,.F.,(2,2),(2,2),(0.,4.1),(0.,1.),
  .PIECEWISE_BEZIER_KNOTS.);
#2635 = CARTESIAN_POINT('',(2.,7.16,2.));
#2636 = CARTESIAN_POINT('',(1.9,7.06,2.));
#2637 = CARTESIAN_POINT('',(-2.1,7.16,2.));
#2638 = CARTESIAN_POINT('',(-2.,7.06,2.));
#2639 = ADVANCED_FACE('',(#2640),#2667,.T.);
#2640 = FACE_BOUND('',#2641,.T.);
#2641 = EDGE_LOOP('',(#2642,#2643,#2651,#2659,#2665,#2666));
#2642 = ORIENTED_EDGE('',*,*,#2258,.T.);
#2643 = ORIENTED_EDGE('',*,*,#2644,.T.);
#2644 = EDGE_CURVE('',#2261,#2645,#2647,.T.);
#2645 = VERTEX_POINT('',#2646);
#2646 = CARTESIAN_POINT('',(-0.2,7.52,-2.));
#2647 = LINE('',#2648,#2649);
#2648 = CARTESIAN_POINT('',(-0.35,7.52,-1.4));
#2649 = VECTOR('',#2650,1.);
#2650 = DIRECTION('',(0.242535625036,-2.9702047688E-17,-0.970142500145)
  );
#2651 = ORIENTED_EDGE('',*,*,#2652,.T.);
#2652 = EDGE_CURVE('',#2645,#2653,#2655,.T.);
#2653 = VERTEX_POINT('',#2654);
#2654 = CARTESIAN_POINT('',(0.1,7.52,-2.));
#2655 = LINE('',#2656,#2657);
#2656 = CARTESIAN_POINT('',(-0.2,7.52,-2.));
#2657 = VECTOR('',#2658,1.);
#2658 = DIRECTION('',(1.,-1.224646799147E-16,0.));
#2659 = ORIENTED_EDGE('',*,*,#2660,.T.);
#2660 = EDGE_CURVE('',#2653,#2201,#2661,.T.);
#2661 = LINE('',#2662,#2663);
#2662 = CARTESIAN_POINT('',(0.1,7.52,-2.));
#2663 = VECTOR('',#2664,1.);
#2664 = DIRECTION('',(0.242535625036,-2.9702047688E-17,0.970142500145));
#2665 = ORIENTED_EDGE('',*,*,#2200,.T.);
#2666 = ORIENTED_EDGE('',*,*,#2346,.T.);
#2667 = PLANE('',#2668);
#2668 = AXIS2_PLACEMENT_3D('',#2669,#2670,#2671);
#2669 = CARTESIAN_POINT('',(-5.E-02,7.52,-9.029507464682E-02));
#2670 = DIRECTION('',(-1.224646799147E-16,-1.,0.));
#2671 = DIRECTION('',(0.,0.,1.));
#2672 = ADVANCED_FACE('',(#2673),#2684,.T.);
#2673 = FACE_BOUND('',#2674,.T.);
#2674 = EDGE_LOOP('',(#2675,#2681,#2682,#2683));
#2675 = ORIENTED_EDGE('',*,*,#2676,.T.);
#2676 = EDGE_CURVE('',#2227,#2278,#2677,.T.);
#2677 = LINE('',#2678,#2679);
#2678 = CARTESIAN_POINT('',(0.25,7.42,2.));
#2679 = VECTOR('',#2680,1.);
#2680 = DIRECTION('',(-1.,1.224646799147E-16,0.));
#2681 = ORIENTED_EDGE('',*,*,#2277,.T.);
#2682 = ORIENTED_EDGE('',*,*,#2627,.F.);
#2683 = ORIENTED_EDGE('',*,*,#2235,.T.);
#2684 = PLANE('',#2685);
#2685 = AXIS2_PLACEMENT_3D('',#2686,#2687,#2688);
#2686 = CARTESIAN_POINT('',(-5.E-02,6.42,2.));
#2687 = DIRECTION('',(1.359631073447E-32,1.110223024625E-16,1.));
#2688 = DIRECTION('',(1.224646799147E-16,1.,-1.110223024625E-16));
#2689 = ADVANCED_FACE('',(#2690),#2701,.T.);
#2690 = FACE_BOUND('',#2691,.T.);
#2691 = EDGE_LOOP('',(#2692,#2693,#2699,#2700));
#2692 = ORIENTED_EDGE('',*,*,#2226,.T.);
#2693 = ORIENTED_EDGE('',*,*,#2694,.T.);
#2694 = EDGE_CURVE('',#2219,#2286,#2695,.T.);
#2695 = LINE('',#2696,#2697);
#2696 = CARTESIAN_POINT('',(0.25,7.72,1.7));
#2697 = VECTOR('',#2698,1.);
#2698 = DIRECTION('',(-1.,1.224646799147E-16,0.));
#2699 = ORIENTED_EDGE('',*,*,#2285,.F.);
#2700 = ORIENTED_EDGE('',*,*,#2676,.F.);
#2701 = CYLINDRICAL_SURFACE('',#2702,0.3);
#2702 = AXIS2_PLACEMENT_3D('',#2703,#2704,#2705);
#2703 = CARTESIAN_POINT('',(0.25,7.42,1.7));
#2704 = DIRECTION('',(1.,-1.224646799147E-16,0.));
#2705 = DIRECTION('',(5.098616525424E-33,4.163336342344E-17,1.));
#2706 = ADVANCED_FACE('',(#2707),#2734,.F.);
#2707 = FACE_BOUND('',#2708,.F.);
#2708 = EDGE_LOOP('',(#2709,#2710,#2711,#2719,#2727,#2733));
#2709 = ORIENTED_EDGE('',*,*,#2694,.T.);
#2710 = ORIENTED_EDGE('',*,*,#2294,.T.);
#2711 = ORIENTED_EDGE('',*,*,#2712,.T.);
#2712 = EDGE_CURVE('',#2295,#2713,#2715,.T.);
#2713 = VERTEX_POINT('',#2714);
#2714 = CARTESIAN_POINT('',(-0.2,7.72,-2.));
#2715 = LINE('',#2716,#2717);
#2716 = CARTESIAN_POINT('',(-0.35,7.72,-1.4));
#2717 = VECTOR('',#2718,1.);
#2718 = DIRECTION('',(0.242535625036,-2.9702047688E-17,-0.970142500145)
  );
#2719 = ORIENTED_EDGE('',*,*,#2720,.T.);
#2720 = EDGE_CURVE('',#2713,#2721,#2723,.T.);
#2721 = VERTEX_POINT('',#2722);
#2722 = CARTESIAN_POINT('',(0.1,7.72,-2.));
#2723 = LINE('',#2724,#2725);
#2724 = CARTESIAN_POINT('',(-5.E-02,7.72,-2.));
#2725 = VECTOR('',#2726,1.);
#2726 = DIRECTION('',(1.,-1.224646799147E-16,0.));
#2727 = ORIENTED_EDGE('',*,*,#2728,.T.);
#2728 = EDGE_CURVE('',#2721,#2211,#2729,.T.);
#2729 = LINE('',#2730,#2731);
#2730 = CARTESIAN_POINT('',(0.1,7.72,-2.));
#2731 = VECTOR('',#2732,1.);
#2732 = DIRECTION('',(0.242535625036,-2.9702047688E-17,0.970142500145));
#2733 = ORIENTED_EDGE('',*,*,#2218,.T.);
#2734 = PLANE('',#2735);
#2735 = AXIS2_PLACEMENT_3D('',#2736,#2737,#2738);
#2736 = CARTESIAN_POINT('',(-5.E-02,7.72,-9.029507464682E-02));
#2737 = DIRECTION('',(-1.224646799147E-16,-1.,0.));
#2738 = DIRECTION('',(0.,0.,1.));
#2739 = ADVANCED_FACE('',(#2740),#2751,.T.);
#2740 = FACE_BOUND('',#2741,.T.);
#2741 = EDGE_LOOP('',(#2742,#2748,#2749,#2750));
#2742 = ORIENTED_EDGE('',*,*,#2743,.T.);
#2743 = EDGE_CURVE('',#2653,#2721,#2744,.T.);
#2744 = LINE('',#2745,#2746);
#2745 = CARTESIAN_POINT('',(0.1,7.52,-2.));
#2746 = VECTOR('',#2747,1.);
#2747 = DIRECTION('',(1.224646799147E-16,1.,0.));
#2748 = ORIENTED_EDGE('',*,*,#2728,.T.);
#2749 = ORIENTED_EDGE('',*,*,#2210,.F.);
#2750 = ORIENTED_EDGE('',*,*,#2660,.F.);
#2751 = PLANE('',#2752);
#2752 = AXIS2_PLACEMENT_3D('',#2753,#2754,#2755);
#2753 = CARTESIAN_POINT('',(0.1,7.52,-2.));
#2754 = DIRECTION('',(0.970142500145,-1.18808190752E-16,-0.242535625036)
  );
#2755 = DIRECTION('',(0.242535625036,-2.9702047688E-17,0.970142500145));
#2756 = ADVANCED_FACE('',(#2757),#2768,.T.);
#2757 = FACE_BOUND('',#2758,.T.);
#2758 = EDGE_LOOP('',(#2759,#2760,#2761,#2767));
#2759 = ORIENTED_EDGE('',*,*,#2302,.T.);
#2760 = ORIENTED_EDGE('',*,*,#2712,.T.);
#2761 = ORIENTED_EDGE('',*,*,#2762,.F.);
#2762 = EDGE_CURVE('',#2645,#2713,#2763,.T.);
#2763 = LINE('',#2764,#2765);
#2764 = CARTESIAN_POINT('',(-0.2,7.52,-2.));
#2765 = VECTOR('',#2766,1.);
#2766 = DIRECTION('',(1.224646799147E-16,1.,0.));
#2767 = ORIENTED_EDGE('',*,*,#2644,.F.);
#2768 = PLANE('',#2769);
#2769 = AXIS2_PLACEMENT_3D('',#2770,#2771,#2772);
#2770 = CARTESIAN_POINT('',(-0.35,7.52,-1.4));
#2771 = DIRECTION('',(-0.970142500145,1.18808190752E-16,-0.242535625036)
  );
#2772 = DIRECTION('',(0.242535625036,-2.9702047688E-17,-0.970142500145)
  );
#2773 = ADVANCED_FACE('',(#2774),#2791,.T.);
#2774 = FACE_BOUND('',#2775,.T.);
#2775 = EDGE_LOOP('',(#2776,#2777,#2784,#2790));
#2776 = ORIENTED_EDGE('',*,*,#2371,.T.);
#2777 = ORIENTED_EDGE('',*,*,#2778,.T.);
#2778 = EDGE_CURVE('',#2365,#2779,#2781,.T.);
#2779 = VERTEX_POINT('',#2780);
#2780 = CARTESIAN_POINT('',(-1.617398188994,0.942601811006,3.8));
#2781 = B_SPLINE_CURVE_WITH_KNOTS('',1,(#2782,#2783),.UNSPECIFIED.,.F.,
  .F.,(2,2),(0.,1.),.PIECEWISE_BEZIER_KNOTS.);
#2782 = CARTESIAN_POINT('',(-2.,0.56,2.));
#2783 = CARTESIAN_POINT('',(-1.617398188994,0.942601811006,3.8));
#2784 = ORIENTED_EDGE('',*,*,#2785,.F.);
#2785 = EDGE_CURVE('',#2599,#2779,#2786,.T.);
#2786 = LINE('',#2787,#2788);
#2787 = CARTESIAN_POINT('',(-1.617398188994,6.677398188994,3.8));
#2788 = VECTOR('',#2789,1.);
#2789 = DIRECTION('',(-1.224646799147E-16,-1.,0.));
#2790 = ORIENTED_EDGE('',*,*,#2598,.F.);
#2791 = B_SPLINE_SURFACE_WITH_KNOTS('',1,1,(
    (#2792,#2793)
    ,(#2794,#2795
    )),.UNSPECIFIED.,.F.,.F.,.F.,(2,2),(2,2),(0.,6.5),(0.,1.),
  .PIECEWISE_BEZIER_KNOTS.);
#2792 = CARTESIAN_POINT('',(-2.,7.06,2.));
#2793 = CARTESIAN_POINT('',(-1.617398188994,6.677398188994,3.8));
#2794 = CARTESIAN_POINT('',(-2.,0.56,2.));
#2795 = CARTESIAN_POINT('',(-1.617398188994,0.942601811006,3.8));
#2796 = ADVANCED_FACE('',(#2797),#2821,.T.);
#2797 = FACE_BOUND('',#2798,.T.);
#2798 = EDGE_LOOP('',(#2799,#2800,#2806,#2807,#2814,#2820));
#2799 = ORIENTED_EDGE('',*,*,#2396,.T.);
#2800 = ORIENTED_EDGE('',*,*,#2801,.T.);
#2801 = EDGE_CURVE('',#2389,#2527,#2802,.T.);
#2802 = LINE('',#2803,#2804);
#2803 = CARTESIAN_POINT('',(-2.,0.56,2.));
#2804 = VECTOR('',#2805,1.);
#2805 = DIRECTION('',(1.,-1.224646799147E-16,0.));
#2806 = ORIENTED_EDGE('',*,*,#2542,.T.);
#2807 = ORIENTED_EDGE('',*,*,#2808,.T.);
#2808 = EDGE_CURVE('',#2536,#2809,#2811,.T.);
#2809 = VERTEX_POINT('',#2810);
#2810 = CARTESIAN_POINT('',(1.517398188994,0.942601811006,3.8));
#2811 = B_SPLINE_CURVE_WITH_KNOTS('',1,(#2812,#2813),.UNSPECIFIED.,.F.,
  .F.,(2,2),(0.,1.),.PIECEWISE_BEZIER_KNOTS.);
#2812 = CARTESIAN_POINT('',(1.9,0.56,2.));
#2813 = CARTESIAN_POINT('',(1.517398188994,0.942601811006,3.8));
#2814 = ORIENTED_EDGE('',*,*,#2815,.F.);
#2815 = EDGE_CURVE('',#2779,#2809,#2816,.T.);
#2816 = LINE('',#2817,#2818);
#2817 = CARTESIAN_POINT('',(-1.617398188994,0.942601811006,3.8));
#2818 = VECTOR('',#2819,1.);
#2819 = DIRECTION('',(1.,-1.224646799147E-16,0.));
#2820 = ORIENTED_EDGE('',*,*,#2778,.F.);
#2821 = B_SPLINE_SURFACE_WITH_KNOTS('',1,1,(
    (#2822,#2823)
    ,(#2824,#2825
    )),.UNSPECIFIED.,.F.,.F.,.F.,(2,2),(2,2),(0.,3.9),(0.,1.),
  .PIECEWISE_BEZIER_KNOTS.);
#2822 = CARTESIAN_POINT('',(-2.,0.56,2.));
#2823 = CARTESIAN_POINT('',(-1.617398188994,0.942601811006,3.8));
#2824 = CARTESIAN_POINT('',(1.9,0.56,2.));
#2825 = CARTESIAN_POINT('',(1.517398188994,0.942601811006,3.8));
#2826 = ADVANCED_FACE('',(#2827),#2838,.T.);
#2827 = FACE_BOUND('',#2828,.T.);
#2828 = EDGE_LOOP('',(#2829,#2830,#2836,#2837));
#2829 = ORIENTED_EDGE('',*,*,#2388,.T.);
#2830 = ORIENTED_EDGE('',*,*,#2831,.T.);
#2831 = EDGE_CURVE('',#2071,#2093,#2832,.T.);
#2832 = LINE('',#2833,#2834);
#2833 = CARTESIAN_POINT('',(-2.1,0.46,2.));
#2834 = VECTOR('',#2835,1.);
#2835 = DIRECTION('',(1.,-1.224646799147E-16,0.));
#2836 = ORIENTED_EDGE('',*,*,#2526,.T.);
#2837 = ORIENTED_EDGE('',*,*,#2801,.F.);
#2838 = B_SPLINE_SURFACE_WITH_KNOTS('',1,1,(
    (#2839,#2840)
    ,(#2841,#2842
    )),.UNSPECIFIED.,.F.,.F.,.F.,(2,2),(2,2),(0.,4.1),(0.,1.),
  .PIECEWISE_BEZIER_KNOTS.);
#2839 = CARTESIAN_POINT('',(-2.1,0.46,2.));
#2840 = CARTESIAN_POINT('',(-2.,0.56,2.));
#2841 = CARTESIAN_POINT('',(2.,0.46,2.));
#2842 = CARTESIAN_POINT('',(1.9,0.56,2.));
#2843 = ADVANCED_FACE('',(#2844),#2871,.T.);
#2844 = FACE_BOUND('',#2845,.T.);
#2845 = EDGE_LOOP('',(#2846,#2847,#2855,#2863,#2869,#2870));
#2846 = ORIENTED_EDGE('',*,*,#2468,.T.);
#2847 = ORIENTED_EDGE('',*,*,#2848,.T.);
#2848 = EDGE_CURVE('',#2471,#2849,#2851,.T.);
#2849 = VERTEX_POINT('',#2850);
#2850 = CARTESIAN_POINT('',(0.1,0.1,-2.));
#2851 = LINE('',#2852,#2853);
#2852 = CARTESIAN_POINT('',(0.25,0.1,-1.4));
#2853 = VECTOR('',#2854,1.);
#2854 = DIRECTION('',(-0.242535625036,5.940409537601E-17,-0.970142500145
    ));
#2855 = ORIENTED_EDGE('',*,*,#2856,.T.);
#2856 = EDGE_CURVE('',#2849,#2857,#2859,.T.);
#2857 = VERTEX_POINT('',#2858);
#2858 = CARTESIAN_POINT('',(-0.2,0.1,-2.));
#2859 = LINE('',#2860,#2861);
#2860 = CARTESIAN_POINT('',(0.1,0.1,-2.));
#2861 = VECTOR('',#2862,1.);
#2862 = DIRECTION('',(-1.,2.449293598295E-16,0.));
#2863 = ORIENTED_EDGE('',*,*,#2864,.T.);
#2864 = EDGE_CURVE('',#2857,#2411,#2865,.T.);
#2865 = LINE('',#2866,#2867);
#2866 = CARTESIAN_POINT('',(-0.2,0.1,-2.));
#2867 = VECTOR('',#2868,1.);
#2868 = DIRECTION('',(-0.242535625036,5.940409537601E-17,0.970142500145)
  );
#2869 = ORIENTED_EDGE('',*,*,#2410,.T.);
#2870 = ORIENTED_EDGE('',*,*,#2556,.T.);
#2871 = PLANE('',#2872);
#2872 = AXIS2_PLACEMENT_3D('',#2873,#2874,#2875);
#2873 = CARTESIAN_POINT('',(-5.E-02,0.1,-9.029507464682E-02));
#2874 = DIRECTION('',(2.449293598295E-16,1.,0.));
#2875 = DIRECTION('',(0.,-0.,1.));
#2876 = ADVANCED_FACE('',(#2877),#2888,.T.);
#2877 = FACE_BOUND('',#2878,.T.);
#2878 = EDGE_LOOP('',(#2879,#2885,#2886,#2887));
#2879 = ORIENTED_EDGE('',*,*,#2880,.T.);
#2880 = EDGE_CURVE('',#2437,#2488,#2881,.T.);
#2881 = LINE('',#2882,#2883);
#2882 = CARTESIAN_POINT('',(-0.35,0.2,2.));
#2883 = VECTOR('',#2884,1.);
#2884 = DIRECTION('',(1.,-2.449293598295E-16,0.));
#2885 = ORIENTED_EDGE('',*,*,#2487,.T.);
#2886 = ORIENTED_EDGE('',*,*,#2831,.F.);
#2887 = ORIENTED_EDGE('',*,*,#2445,.T.);
#2888 = PLANE('',#2889);
#2889 = AXIS2_PLACEMENT_3D('',#2890,#2891,#2892);
#2890 = CARTESIAN_POINT('',(-5.E-02,1.2,2.));
#2891 = DIRECTION('',(-2.719262146894E-32,-1.110223024625E-16,1.));
#2892 = DIRECTION('',(-2.449293598295E-16,-1.,-1.110223024625E-16));
#2893 = ADVANCED_FACE('',(#2894),#2905,.T.);
#2894 = FACE_BOUND('',#2895,.T.);
#2895 = EDGE_LOOP('',(#2896,#2897,#2903,#2904));
#2896 = ORIENTED_EDGE('',*,*,#2436,.T.);
#2897 = ORIENTED_EDGE('',*,*,#2898,.T.);
#2898 = EDGE_CURVE('',#2429,#2496,#2899,.T.);
#2899 = LINE('',#2900,#2901);
#2900 = CARTESIAN_POINT('',(-0.35,-0.1,1.7));
#2901 = VECTOR('',#2902,1.);
#2902 = DIRECTION('',(1.,-2.449293598295E-16,0.));
#2903 = ORIENTED_EDGE('',*,*,#2495,.F.);
#2904 = ORIENTED_EDGE('',*,*,#2880,.F.);
#2905 = CYLINDRICAL_SURFACE('',#2906,0.3);
#2906 = AXIS2_PLACEMENT_3D('',#2907,#2908,#2909);
#2907 = CARTESIAN_POINT('',(-0.35,0.2,1.7));
#2908 = DIRECTION('',(-1.,2.449293598295E-16,0.));
#2909 = DIRECTION('',(-1.019723305085E-32,-4.163336342344E-17,1.));
#2910 = ADVANCED_FACE('',(#2911),#2938,.F.);
#2911 = FACE_BOUND('',#2912,.F.);
#2912 = EDGE_LOOP('',(#2913,#2914,#2915,#2923,#2931,#2937));
#2913 = ORIENTED_EDGE('',*,*,#2898,.T.);
#2914 = ORIENTED_EDGE('',*,*,#2504,.T.);
#2915 = ORIENTED_EDGE('',*,*,#2916,.T.);
#2916 = EDGE_CURVE('',#2505,#2917,#2919,.T.);
#2917 = VERTEX_POINT('',#2918);
#2918 = CARTESIAN_POINT('',(0.1,-0.1,-2.));
#2919 = LINE('',#2920,#2921);
#2920 = CARTESIAN_POINT('',(0.25,-0.1,-1.4));
#2921 = VECTOR('',#2922,1.);
#2922 = DIRECTION('',(-0.242535625036,5.940409537601E-17,-0.970142500145
    ));
#2923 = ORIENTED_EDGE('',*,*,#2924,.T.);
#2924 = EDGE_CURVE('',#2917,#2925,#2927,.T.);
#2925 = VERTEX_POINT('',#2926);
#2926 = CARTESIAN_POINT('',(-0.2,-0.1,-2.));
#2927 = LINE('',#2928,#2929);
#2928 = CARTESIAN_POINT('',(-5.E-02,-0.1,-2.));
#2929 = VECTOR('',#2930,1.);
#2930 = DIRECTION('',(-1.,2.449293598295E-16,0.));
#2931 = ORIENTED_EDGE('',*,*,#2932,.T.);
#2932 = EDGE_CURVE('',#2925,#2421,#2933,.T.);
#2933 = LINE('',#2934,#2935);
#2934 = CARTESIAN_POINT('',(-0.2,-0.1,-2.));
#2935 = VECTOR('',#2936,1.);
#2936 = DIRECTION('',(-0.242535625036,5.940409537601E-17,0.970142500145)
  );
#2937 = ORIENTED_EDGE('',*,*,#2428,.T.);
#2938 = PLANE('',#2939);
#2939 = AXIS2_PLACEMENT_3D('',#2940,#2941,#2942);
#2940 = CARTESIAN_POINT('',(-5.E-02,-0.1,-9.029507464682E-02));
#2941 = DIRECTION('',(2.449293598295E-16,1.,0.));
#2942 = DIRECTION('',(0.,-0.,1.));
#2943 = ADVANCED_FACE('',(#2944),#2955,.T.);
#2944 = FACE_BOUND('',#2945,.T.);
#2945 = EDGE_LOOP('',(#2946,#2952,#2953,#2954));
#2946 = ORIENTED_EDGE('',*,*,#2947,.T.);
#2947 = EDGE_CURVE('',#2857,#2925,#2948,.T.);
#2948 = LINE('',#2949,#2950);
#2949 = CARTESIAN_POINT('',(-0.2,0.1,-2.));
#2950 = VECTOR('',#2951,1.);
#2951 = DIRECTION('',(-2.449293598295E-16,-1.,0.));
#2952 = ORIENTED_EDGE('',*,*,#2932,.T.);
#2953 = ORIENTED_EDGE('',*,*,#2420,.F.);
#2954 = ORIENTED_EDGE('',*,*,#2864,.F.);
#2955 = PLANE('',#2956);
#2956 = AXIS2_PLACEMENT_3D('',#2957,#2958,#2959);
#2957 = CARTESIAN_POINT('',(-0.2,0.1,-2.));
#2958 = DIRECTION('',(-0.970142500145,2.376163815041E-16,-0.242535625036
    ));
#2959 = DIRECTION('',(-0.242535625036,5.940409537601E-17,0.970142500145)
  );
#2960 = ADVANCED_FACE('',(#2961),#2972,.T.);
#2961 = FACE_BOUND('',#2962,.T.);
#2962 = EDGE_LOOP('',(#2963,#2964,#2965,#2971));
#2963 = ORIENTED_EDGE('',*,*,#2512,.T.);
#2964 = ORIENTED_EDGE('',*,*,#2916,.T.);
#2965 = ORIENTED_EDGE('',*,*,#2966,.F.);
#2966 = EDGE_CURVE('',#2849,#2917,#2967,.T.);
#2967 = LINE('',#2968,#2969);
#2968 = CARTESIAN_POINT('',(0.1,0.1,-2.));
#2969 = VECTOR('',#2970,1.);
#2970 = DIRECTION('',(-2.449293598295E-16,-1.,0.));
#2971 = ORIENTED_EDGE('',*,*,#2848,.F.);
#2972 = PLANE('',#2973);
#2973 = AXIS2_PLACEMENT_3D('',#2974,#2975,#2976);
#2974 = CARTESIAN_POINT('',(0.25,0.1,-1.4));
#2975 = DIRECTION('',(0.970142500145,-2.376163815041E-16,-0.242535625036
    ));
#2976 = DIRECTION('',(-0.242535625036,5.940409537601E-17,-0.970142500145
    ));
#2977 = ADVANCED_FACE('',(#2978),#2989,.T.);
#2978 = FACE_BOUND('',#2979,.T.);
#2979 = EDGE_LOOP('',(#2980,#2981,#2982,#2988));
#2980 = ORIENTED_EDGE('',*,*,#2575,.T.);
#2981 = ORIENTED_EDGE('',*,*,#2613,.T.);
#2982 = ORIENTED_EDGE('',*,*,#2983,.F.);
#2983 = EDGE_CURVE('',#2809,#2606,#2984,.T.);
#2984 = LINE('',#2985,#2986);
#2985 = CARTESIAN_POINT('',(1.517398188994,0.942601811006,3.8));
#2986 = VECTOR('',#2987,1.);
#2987 = DIRECTION('',(1.224646799147E-16,1.,0.));
#2988 = ORIENTED_EDGE('',*,*,#2808,.F.);
#2989 = B_SPLINE_SURFACE_WITH_KNOTS('',1,1,(
    (#2990,#2991)
    ,(#2992,#2993
    )),.UNSPECIFIED.,.F.,.F.,.F.,(2,2),(2,2),(0.,6.5),(0.,1.),
  .PIECEWISE_BEZIER_KNOTS.);
#2990 = CARTESIAN_POINT('',(1.9,0.56,2.));
#2991 = CARTESIAN_POINT('',(1.517398188994,0.942601811006,3.8));
#2992 = CARTESIAN_POINT('',(1.9,7.06,2.));
#2993 = CARTESIAN_POINT('',(1.517398188994,6.677398188994,3.8));
#2994 = ADVANCED_FACE('',(#2995,#3001,#3067),#3125,.F.);
#2995 = FACE_BOUND('',#2996,.F.);
#2996 = EDGE_LOOP('',(#2997,#2998,#2999,#3000));
#2997 = ORIENTED_EDGE('',*,*,#2605,.F.);
#2998 = ORIENTED_EDGE('',*,*,#2983,.F.);
#2999 = ORIENTED_EDGE('',*,*,#2815,.F.);
#3000 = ORIENTED_EDGE('',*,*,#2785,.F.);
#3001 = FACE_BOUND('',#3002,.F.);
#3002 = EDGE_LOOP('',(#3003,#3013,#3021,#3029,#3037,#3045,#3053,#3061));
#3003 = ORIENTED_EDGE('',*,*,#3004,.T.);
#3004 = EDGE_CURVE('',#3005,#3007,#3009,.T.);
#3005 = VERTEX_POINT('',#3006);
#3006 = CARTESIAN_POINT('',(0.3,2.,3.8));
#3007 = VERTEX_POINT('',#3008);
#3008 = CARTESIAN_POINT('',(0.3,4.107298334621,3.8));
#3009 = LINE('',#3010,#3011);
#3010 = CARTESIAN_POINT('',(0.3,2.,3.8));
#3011 = VECTOR('',#3012,1.);
#3012 = DIRECTION('',(1.224646799147E-16,1.,0.));
#3013 = ORIENTED_EDGE('',*,*,#3014,.T.);
#3014 = EDGE_CURVE('',#3007,#3015,#3017,.T.);
#3015 = VERTEX_POINT('',#3016);
#3016 = CARTESIAN_POINT('',(0.3,5.445403330759,3.8));
#3017 = LINE('',#3018,#3019);
#3018 = CARTESIAN_POINT('',(0.3,2.,3.8));
#3019 = VECTOR('',#3020,1.);
#3020 = DIRECTION('',(1.224646799147E-16,1.,0.));
#3021 = ORIENTED_EDGE('',*,*,#3022,.T.);
#3022 = EDGE_CURVE('',#3015,#3023,#3025,.T.);
#3023 = VERTEX_POINT('',#3024);
#3024 = CARTESIAN_POINT('',(0.3,5.62,3.8));
#3025 = LINE('',#3026,#3027);
#3026 = CARTESIAN_POINT('',(0.3,2.,3.8));
#3027 = VECTOR('',#3028,1.);
#3028 = DIRECTION('',(1.224646799147E-16,1.,0.));
#3029 = ORIENTED_EDGE('',*,*,#3030,.T.);
#3030 = EDGE_CURVE('',#3023,#3031,#3033,.T.);
#3031 = VERTEX_POINT('',#3032);
#3032 = CARTESIAN_POINT('',(-0.4,5.62,3.8));
#3033 = LINE('',#3034,#3035);
#3034 = CARTESIAN_POINT('',(0.3,5.62,3.8));
#3035 = VECTOR('',#3036,1.);
#3036 = DIRECTION('',(-1.,1.224646799147E-16,0.));
#3037 = ORIENTED_EDGE('',*,*,#3038,.T.);
#3038 = EDGE_CURVE('',#3031,#3039,#3041,.T.);
#3039 = VERTEX_POINT('',#3040);
#3040 = CARTESIAN_POINT('',(-0.4,5.445403330759,3.8));
#3041 = LINE('',#3042,#3043);
#3042 = CARTESIAN_POINT('',(-0.4,5.62,3.8));
#3043 = VECTOR('',#3044,1.);
#3044 = DIRECTION('',(-1.224646799147E-16,-1.,0.));
#3045 = ORIENTED_EDGE('',*,*,#3046,.T.);
#3046 = EDGE_CURVE('',#3039,#3047,#3049,.T.);
#3047 = VERTEX_POINT('',#3048);
#3048 = CARTESIAN_POINT('',(-0.4,4.107298334621,3.8));
#3049 = LINE('',#3050,#3051);
#3050 = CARTESIAN_POINT('',(-0.4,5.62,3.8));
#3051 = VECTOR('',#3052,1.);
#3052 = DIRECTION('',(-1.224646799147E-16,-1.,0.));
#3053 = ORIENTED_EDGE('',*,*,#3054,.T.);
#3054 = EDGE_CURVE('',#3047,#3055,#3057,.T.);
#3055 = VERTEX_POINT('',#3056);
#3056 = CARTESIAN_POINT('',(-0.4,2.,3.8));
#3057 = LINE('',#3058,#3059);
#3058 = CARTESIAN_POINT('',(-0.4,5.62,3.8));
#3059 = VECTOR('',#3060,1.);
#3060 = DIRECTION('',(-1.224646799147E-16,-1.,0.));
#3061 = ORIENTED_EDGE('',*,*,#3062,.T.);
#3062 = EDGE_CURVE('',#3055,#3005,#3063,.T.);
#3063 = LINE('',#3064,#3065);
#3064 = CARTESIAN_POINT('',(-0.4,2.,3.8));
#3065 = VECTOR('',#3066,1.);
#3066 = DIRECTION('',(1.,-1.224646799147E-16,0.));
#3067 = FACE_BOUND('',#3068,.F.);
#3068 = EDGE_LOOP('',(#3069,#3079,#3087,#3095,#3103,#3111,#3119));
#3069 = ORIENTED_EDGE('',*,*,#3070,.T.);
#3070 = EDGE_CURVE('',#3071,#3073,#3075,.T.);
#3071 = VERTEX_POINT('',#3072);
#3072 = CARTESIAN_POINT('',(0.1,1.81,3.8));
#3073 = VERTEX_POINT('',#3074);
#3074 = CARTESIAN_POINT('',(-0.2,1.81,3.8));
#3075 = LINE('',#3076,#3077);
#3076 = CARTESIAN_POINT('',(0.1,1.81,3.8));
#3077 = VECTOR('',#3078,1.);
#3078 = DIRECTION('',(-1.,1.224646799147E-16,0.));
#3079 = ORIENTED_EDGE('',*,*,#3080,.T.);
#3080 = EDGE_CURVE('',#3073,#3081,#3083,.T.);
#3081 = VERTEX_POINT('',#3082);
#3082 = CARTESIAN_POINT('',(-0.2,1.51,3.8));
#3083 = LINE('',#3084,#3085);
#3084 = CARTESIAN_POINT('',(-0.2,1.81,3.8));
#3085 = VECTOR('',#3086,1.);
#3086 = DIRECTION('',(-1.224646799147E-16,-1.,0.));
#3087 = ORIENTED_EDGE('',*,*,#3088,.T.);
#3088 = EDGE_CURVE('',#3081,#3089,#3091,.T.);
#3089 = VERTEX_POINT('',#3090);
#3090 = CARTESIAN_POINT('',(-0.5,1.51,3.8));
#3091 = LINE('',#3092,#3093);
#3092 = CARTESIAN_POINT('',(-0.2,1.51,3.8));
#3093 = VECTOR('',#3094,1.);
#3094 = DIRECTION('',(-1.,1.224646799147E-16,0.));
#3095 = ORIENTED_EDGE('',*,*,#3096,.T.);
#3096 = EDGE_CURVE('',#3089,#3097,#3099,.T.);
#3097 = VERTEX_POINT('',#3098);
#3098 = CARTESIAN_POINT('',(-5.E-02,1.06,3.8));
#3099 = LINE('',#3100,#3101);
#3100 = CARTESIAN_POINT('',(-0.5,1.51,3.8));
#3101 = VECTOR('',#3102,1.);
#3102 = DIRECTION('',(0.707106781187,-0.707106781187,0.));
#3103 = ORIENTED_EDGE('',*,*,#3104,.T.);
#3104 = EDGE_CURVE('',#3097,#3105,#3107,.T.);
#3105 = VERTEX_POINT('',#3106);
#3106 = CARTESIAN_POINT('',(0.4,1.51,3.8));
#3107 = LINE('',#3108,#3109);
#3108 = CARTESIAN_POINT('',(-5.E-02,1.06,3.8));
#3109 = VECTOR('',#3110,1.);
#3110 = DIRECTION('',(0.707106781187,0.707106781187,0.));
#3111 = ORIENTED_EDGE('',*,*,#3112,.T.);
#3112 = EDGE_CURVE('',#3105,#3113,#3115,.T.);
#3113 = VERTEX_POINT('',#3114);
#3114 = CARTESIAN_POINT('',(0.1,1.51,3.8));
#3115 = LINE('',#3116,#3117);
#3116 = CARTESIAN_POINT('',(0.4,1.51,3.8));
#3117 = VECTOR('',#3118,1.);
#3118 = DIRECTION('',(-1.,1.224646799147E-16,0.));
#3119 = ORIENTED_EDGE('',*,*,#3120,.T.);
#3120 = EDGE_CURVE('',#3113,#3071,#3121,.T.);
#3121 = LINE('',#3122,#3123);
#3122 = CARTESIAN_POINT('',(0.1,1.51,3.8));
#3123 = VECTOR('',#3124,1.);
#3124 = DIRECTION('',(1.224646799147E-16,1.,0.));
#3125 = PLANE('',#3126);
#3126 = AXIS2_PLACEMENT_3D('',#3127,#3128,#3129);
#3127 = CARTESIAN_POINT('',(1.517398188994,6.677398188994,3.8));
#3128 = DIRECTION('',(-0.,0.,-1.));
#3129 = DIRECTION('',(-0.479645037324,-0.877462613546,0.));
#3130 = ADVANCED_FACE('',(#3131),#3137,.T.);
#3131 = FACE_BOUND('',#3132,.T.);
#3132 = EDGE_LOOP('',(#3133,#3134,#3135,#3136));
#3133 = ORIENTED_EDGE('',*,*,#2762,.T.);
#3134 = ORIENTED_EDGE('',*,*,#2720,.T.);
#3135 = ORIENTED_EDGE('',*,*,#2743,.F.);
#3136 = ORIENTED_EDGE('',*,*,#2652,.F.);
#3137 = PLANE('',#3138);
#3138 = AXIS2_PLACEMENT_3D('',#3139,#3140,#3141);
#3139 = CARTESIAN_POINT('',(-5.E-02,7.62,-2.));
#3140 = DIRECTION('',(-7.336875978618E-33,-1.232595164408E-31,-1.));
#3141 = DIRECTION('',(1.224646799147E-16,1.,-1.232595164408E-31));
#3142 = ADVANCED_FACE('',(#3143),#3149,.T.);
#3143 = FACE_BOUND('',#3144,.T.);
#3144 = EDGE_LOOP('',(#3145,#3146,#3147,#3148));
#3145 = ORIENTED_EDGE('',*,*,#2966,.T.);
#3146 = ORIENTED_EDGE('',*,*,#2924,.T.);
#3147 = ORIENTED_EDGE('',*,*,#2947,.F.);
#3148 = ORIENTED_EDGE('',*,*,#2856,.F.);
#3149 = PLANE('',#3150);
#3150 = AXIS2_PLACEMENT_3D('',#3151,#3152,#3153);
#3151 = CARTESIAN_POINT('',(-5.E-02,1.942890293094E-16,-2.));
#3152 = DIRECTION('',(7.336875978618E-33,1.232595164408E-31,-1.));
#3153 = DIRECTION('',(-2.449293598295E-16,-1.,-1.232595164408E-31));
#3154 = ADVANCED_FACE('',(#3155),#3180,.T.);
#3155 = FACE_BOUND('',#3156,.T.);
#3156 = EDGE_LOOP('',(#3157,#3167,#3173,#3174));
#3157 = ORIENTED_EDGE('',*,*,#3158,.F.);
#3158 = EDGE_CURVE('',#3159,#3161,#3163,.T.);
#3159 = VERTEX_POINT('',#3160);
#3160 = CARTESIAN_POINT('',(0.3,2.,3.5));
#3161 = VERTEX_POINT('',#3162);
#3162 = CARTESIAN_POINT('',(0.3,4.107298334621,3.5));
#3163 = LINE('',#3164,#3165);
#3164 = CARTESIAN_POINT('',(0.3,3.623736724806,3.5));
#3165 = VECTOR('',#3166,1.);
#3166 = DIRECTION('',(1.224646799147E-16,1.,0.));
#3167 = ORIENTED_EDGE('',*,*,#3168,.T.);
#3168 = EDGE_CURVE('',#3159,#3005,#3169,.T.);
#3169 = LINE('',#3170,#3171);
#3170 = CARTESIAN_POINT('',(0.3,2.,2.8));
#3171 = VECTOR('',#3172,1.);
#3172 = DIRECTION('',(0.,0.,1.));
#3173 = ORIENTED_EDGE('',*,*,#3004,.T.);
#3174 = ORIENTED_EDGE('',*,*,#3175,.T.);
#3175 = EDGE_CURVE('',#3007,#3161,#3176,.T.);
#3176 = LINE('',#3177,#3178);
#3177 = CARTESIAN_POINT('',(0.3,4.107298334621,4.));
#3178 = VECTOR('',#3179,1.);
#3179 = DIRECTION('',(-0.,0.,-1.));
#3180 = PLANE('',#3181);
#3181 = AXIS2_PLACEMENT_3D('',#3182,#3183,#3184);
#3182 = CARTESIAN_POINT('',(0.3,2.,2.8));
#3183 = DIRECTION('',(-1.,1.224646799147E-16,0.));
#3184 = DIRECTION('',(1.224646799147E-16,1.,0.));
#3185 = ADVANCED_FACE('',(#3186),#3204,.T.);
#3186 = FACE_BOUND('',#3187,.T.);
#3187 = EDGE_LOOP('',(#3188,#3196,#3202,#3203));
#3188 = ORIENTED_EDGE('',*,*,#3189,.F.);
#3189 = EDGE_CURVE('',#3190,#3159,#3192,.T.);
#3190 = VERTEX_POINT('',#3191);
#3191 = CARTESIAN_POINT('',(-0.4,2.,3.5));
#3192 = LINE('',#3193,#3194);
#3193 = CARTESIAN_POINT('',(-0.4,2.,3.5));
#3194 = VECTOR('',#3195,1.);
#3195 = DIRECTION('',(1.,-1.224646799147E-16,0.));
#3196 = ORIENTED_EDGE('',*,*,#3197,.T.);
#3197 = EDGE_CURVE('',#3190,#3055,#3198,.T.);
#3198 = LINE('',#3199,#3200);
#3199 = CARTESIAN_POINT('',(-0.4,2.,2.8));
#3200 = VECTOR('',#3201,1.);
#3201 = DIRECTION('',(0.,0.,1.));
#3202 = ORIENTED_EDGE('',*,*,#3062,.T.);
#3203 = ORIENTED_EDGE('',*,*,#3168,.F.);
#3204 = PLANE('',#3205);
#3205 = AXIS2_PLACEMENT_3D('',#3206,#3207,#3208);
#3206 = CARTESIAN_POINT('',(-0.4,2.,2.8));
#3207 = DIRECTION('',(1.224646799147E-16,1.,0.));
#3208 = DIRECTION('',(1.,-1.224646799147E-16,0.));
#3209 = ADVANCED_FACE('',(#3210),#3235,.T.);
#3210 = FACE_BOUND('',#3211,.T.);
#3211 = EDGE_LOOP('',(#3212,#3220,#3221,#3229));
#3212 = ORIENTED_EDGE('',*,*,#3213,.T.);
#3213 = EDGE_CURVE('',#3214,#3007,#3216,.T.);
#3214 = VERTEX_POINT('',#3215);
#3215 = CARTESIAN_POINT('',(0.3,4.107298334621,4.));
#3216 = LINE('',#3217,#3218);
#3217 = CARTESIAN_POINT('',(0.3,4.107298334621,4.));
#3218 = VECTOR('',#3219,1.);
#3219 = DIRECTION('',(-0.,0.,-1.));
#3220 = ORIENTED_EDGE('',*,*,#3014,.T.);
#3221 = ORIENTED_EDGE('',*,*,#3222,.F.);
#3222 = EDGE_CURVE('',#3223,#3015,#3225,.T.);
#3223 = VERTEX_POINT('',#3224);
#3224 = CARTESIAN_POINT('',(0.3,5.445403330759,4.));
#3225 = LINE('',#3226,#3227);
#3226 = CARTESIAN_POINT('',(0.3,5.445403330759,4.));
#3227 = VECTOR('',#3228,1.);
#3228 = DIRECTION('',(-0.,0.,-1.));
#3229 = ORIENTED_EDGE('',*,*,#3230,.F.);
#3230 = EDGE_CURVE('',#3214,#3223,#3231,.T.);
#3231 = LINE('',#3232,#3233);
#3232 = CARTESIAN_POINT('',(0.3,4.02,4.));
#3233 = VECTOR('',#3234,1.);
#3234 = DIRECTION('',(1.224646799147E-16,1.,0.));
#3235 = PLANE('',#3236);
#3236 = AXIS2_PLACEMENT_3D('',#3237,#3238,#3239);
#3237 = CARTESIAN_POINT('',(0.3,3.914771784232,3.295228215768));
#3238 = DIRECTION('',(1.,-1.224646799147E-16,-2.024895497933E-31));
#3239 = DIRECTION('',(-2.024895497933E-31,2.479781790151E-47,-1.));
#3240 = ADVANCED_FACE('',(#3241),#3259,.T.);
#3241 = FACE_BOUND('',#3242,.T.);
#3242 = EDGE_LOOP('',(#3243,#3244,#3252,#3258));
#3243 = ORIENTED_EDGE('',*,*,#3197,.F.);
#3244 = ORIENTED_EDGE('',*,*,#3245,.F.);
#3245 = EDGE_CURVE('',#3246,#3190,#3248,.T.);
#3246 = VERTEX_POINT('',#3247);
#3247 = CARTESIAN_POINT('',(-0.4,4.107298334621,3.5));
#3248 = LINE('',#3249,#3250);
#3249 = CARTESIAN_POINT('',(-0.4,5.62,3.5));
#3250 = VECTOR('',#3251,1.);
#3251 = DIRECTION('',(-1.224646799147E-16,-1.,0.));
#3252 = ORIENTED_EDGE('',*,*,#3253,.F.);
#3253 = EDGE_CURVE('',#3047,#3246,#3254,.T.);
#3254 = LINE('',#3255,#3256);
#3255 = CARTESIAN_POINT('',(-0.4,4.107298334621,4.));
#3256 = VECTOR('',#3257,1.);
#3257 = DIRECTION('',(-0.,0.,-1.));
#3258 = ORIENTED_EDGE('',*,*,#3054,.T.);
#3259 = PLANE('',#3260);
#3260 = AXIS2_PLACEMENT_3D('',#3261,#3262,#3263);
#3261 = CARTESIAN_POINT('',(-0.4,5.62,2.8));
#3262 = DIRECTION('',(1.,-1.224646799147E-16,0.));
#3263 = DIRECTION('',(-1.224646799147E-16,-1.,0.));
#3264 = ADVANCED_FACE('',(#3265),#3290,.T.);
#3265 = FACE_BOUND('',#3266,.T.);
#3266 = EDGE_LOOP('',(#3267,#3275,#3283,#3289));
#3267 = ORIENTED_EDGE('',*,*,#3268,.F.);
#3268 = EDGE_CURVE('',#3269,#3023,#3271,.T.);
#3269 = VERTEX_POINT('',#3270);
#3270 = CARTESIAN_POINT('',(0.3,5.62,3.5));
#3271 = LINE('',#3272,#3273);
#3272 = CARTESIAN_POINT('',(0.3,5.62,2.8));
#3273 = VECTOR('',#3274,1.);
#3274 = DIRECTION('',(0.,0.,1.));
#3275 = ORIENTED_EDGE('',*,*,#3276,.F.);
#3276 = EDGE_CURVE('',#3277,#3269,#3279,.T.);
#3277 = VERTEX_POINT('',#3278);
#3278 = CARTESIAN_POINT('',(0.3,5.445403330759,3.5));
#3279 = LINE('',#3280,#3281);
#3280 = CARTESIAN_POINT('',(0.3,5.067385892116,3.5));
#3281 = VECTOR('',#3282,1.);
#3282 = DIRECTION('',(1.224646799147E-16,1.,0.));
#3283 = ORIENTED_EDGE('',*,*,#3284,.F.);
#3284 = EDGE_CURVE('',#3015,#3277,#3285,.T.);
#3285 = LINE('',#3286,#3287);
#3286 = CARTESIAN_POINT('',(0.3,5.445403330759,4.));
#3287 = VECTOR('',#3288,1.);
#3288 = DIRECTION('',(-0.,0.,-1.));
#3289 = ORIENTED_EDGE('',*,*,#3022,.T.);
#3290 = PLANE('',#3291);
#3291 = AXIS2_PLACEMENT_3D('',#3292,#3293,#3294);
#3292 = CARTESIAN_POINT('',(0.3,2.,2.8));
#3293 = DIRECTION('',(-1.,1.224646799147E-16,0.));
#3294 = DIRECTION('',(1.224646799147E-16,1.,0.));
#3295 = ADVANCED_FACE('',(#3296),#3321,.T.);
#3296 = FACE_BOUND('',#3297,.T.);
#3297 = EDGE_LOOP('',(#3298,#3306,#3307,#3315));
#3298 = ORIENTED_EDGE('',*,*,#3299,.T.);
#3299 = EDGE_CURVE('',#3300,#3039,#3302,.T.);
#3300 = VERTEX_POINT('',#3301);
#3301 = CARTESIAN_POINT('',(-0.4,5.445403330759,4.));
#3302 = LINE('',#3303,#3304);
#3303 = CARTESIAN_POINT('',(-0.4,5.445403330759,4.));
#3304 = VECTOR('',#3305,1.);
#3305 = DIRECTION('',(-0.,0.,-1.));
#3306 = ORIENTED_EDGE('',*,*,#3046,.T.);
#3307 = ORIENTED_EDGE('',*,*,#3308,.F.);
#3308 = EDGE_CURVE('',#3309,#3047,#3311,.T.);
#3309 = VERTEX_POINT('',#3310);
#3310 = CARTESIAN_POINT('',(-0.4,4.107298334621,4.));
#3311 = LINE('',#3312,#3313);
#3312 = CARTESIAN_POINT('',(-0.4,4.107298334621,4.));
#3313 = VECTOR('',#3314,1.);
#3314 = DIRECTION('',(-0.,0.,-1.));
#3315 = ORIENTED_EDGE('',*,*,#3316,.F.);
#3316 = EDGE_CURVE('',#3300,#3309,#3317,.T.);
#3317 = LINE('',#3318,#3319);
#3318 = CARTESIAN_POINT('',(-0.4,5.62,4.));
#3319 = VECTOR('',#3320,1.);
#3320 = DIRECTION('',(-1.224646799147E-16,-1.,0.));
#3321 = PLANE('',#3322);
#3322 = AXIS2_PLACEMENT_3D('',#3323,#3324,#3325);
#3323 = CARTESIAN_POINT('',(-0.4,3.914771784232,3.295228215768));
#3324 = DIRECTION('',(-1.,1.224646799147E-16,-2.040982205777E-32));
#3325 = DIRECTION('',(-2.040982205777E-32,2.499482325422E-48,1.));
#3326 = ADVANCED_FACE('',(#3327),#3345,.T.);
#3327 = FACE_BOUND('',#3328,.T.);
#3328 = EDGE_LOOP('',(#3329,#3337,#3338,#3339));
#3329 = ORIENTED_EDGE('',*,*,#3330,.T.);
#3330 = EDGE_CURVE('',#3331,#3269,#3333,.T.);
#3331 = VERTEX_POINT('',#3332);
#3332 = CARTESIAN_POINT('',(-0.4,5.62,3.5));
#3333 = LINE('',#3334,#3335);
#3334 = CARTESIAN_POINT('',(0.125,5.62,3.5));
#3335 = VECTOR('',#3336,1.);
#3336 = DIRECTION('',(1.,-1.224646799147E-16,0.));
#3337 = ORIENTED_EDGE('',*,*,#3268,.T.);
#3338 = ORIENTED_EDGE('',*,*,#3030,.T.);
#3339 = ORIENTED_EDGE('',*,*,#3340,.F.);
#3340 = EDGE_CURVE('',#3331,#3031,#3341,.T.);
#3341 = LINE('',#3342,#3343);
#3342 = CARTESIAN_POINT('',(-0.4,5.62,2.8));
#3343 = VECTOR('',#3344,1.);
#3344 = DIRECTION('',(0.,0.,1.));
#3345 = PLANE('',#3346);
#3346 = AXIS2_PLACEMENT_3D('',#3347,#3348,#3349);
#3347 = CARTESIAN_POINT('',(0.3,5.62,2.8));
#3348 = DIRECTION('',(-1.224646799147E-16,-1.,0.));
#3349 = DIRECTION('',(-1.,1.224646799147E-16,0.));
#3350 = ADVANCED_FACE('',(#3351),#3369,.T.);
#3351 = FACE_BOUND('',#3352,.T.);
#3352 = EDGE_LOOP('',(#3353,#3361,#3362,#3363));
#3353 = ORIENTED_EDGE('',*,*,#3354,.F.);
#3354 = EDGE_CURVE('',#3331,#3355,#3357,.T.);
#3355 = VERTEX_POINT('',#3356);
#3356 = CARTESIAN_POINT('',(-0.4,5.445403330759,3.5));
#3357 = LINE('',#3358,#3359);
#3358 = CARTESIAN_POINT('',(-0.4,5.067385892116,3.5));
#3359 = VECTOR('',#3360,1.);
#3360 = DIRECTION('',(-1.224646799147E-16,-1.,0.));
#3361 = ORIENTED_EDGE('',*,*,#3340,.T.);
#3362 = ORIENTED_EDGE('',*,*,#3038,.T.);
#3363 = ORIENTED_EDGE('',*,*,#3364,.T.);
#3364 = EDGE_CURVE('',#3039,#3355,#3365,.T.);
#3365 = LINE('',#3366,#3367);
#3366 = CARTESIAN_POINT('',(-0.4,5.445403330759,4.));
#3367 = VECTOR('',#3368,1.);
#3368 = DIRECTION('',(-0.,0.,-1.));
#3369 = PLANE('',#3370);
#3370 = AXIS2_PLACEMENT_3D('',#3371,#3372,#3373);
#3371 = CARTESIAN_POINT('',(-0.4,5.62,2.8));
#3372 = DIRECTION('',(1.,-1.224646799147E-16,0.));
#3373 = DIRECTION('',(-1.224646799147E-16,-1.,0.));
#3374 = ADVANCED_FACE('',(#3375),#3384,.T.);
#3375 = FACE_BOUND('',#3376,.T.);
#3376 = EDGE_LOOP('',(#3377,#3378,#3379,#3380,#3381,#3382,#3383));
#3377 = ORIENTED_EDGE('',*,*,#3104,.T.);
#3378 = ORIENTED_EDGE('',*,*,#3112,.T.);
#3379 = ORIENTED_EDGE('',*,*,#3120,.T.);
#3380 = ORIENTED_EDGE('',*,*,#3070,.T.);
#3381 = ORIENTED_EDGE('',*,*,#3080,.T.);
#3382 = ORIENTED_EDGE('',*,*,#3088,.T.);
#3383 = ORIENTED_EDGE('',*,*,#3096,.T.);
#3384 = PLANE('',#3385);
#3385 = AXIS2_PLACEMENT_3D('',#3386,#3387,#3388);
#3386 = CARTESIAN_POINT('',(-5.E-02,1.471634973531,3.8));
#3387 = DIRECTION('',(-5.936375983545E-32,-1.579463741435E-30,1.));
#3388 = DIRECTION('',(-1.224646799147E-16,-1.,-1.579463741435E-30));
#3389 = ADVANCED_FACE('',(#3390),#3402,.T.);
#3390 = FACE_BOUND('',#3391,.T.);
#3391 = EDGE_LOOP('',(#3392,#3393,#3394,#3401));
#3392 = ORIENTED_EDGE('',*,*,#3189,.T.);
#3393 = ORIENTED_EDGE('',*,*,#3158,.T.);
#3394 = ORIENTED_EDGE('',*,*,#3395,.F.);
#3395 = EDGE_CURVE('',#3246,#3161,#3396,.T.);
#3396 = CIRCLE('',#3397,0.85);
#3397 = AXIS2_PLACEMENT_3D('',#3398,#3399,#3400);
#3398 = CARTESIAN_POINT('',(-5.E-02,3.332701665379,3.5));
#3399 = DIRECTION('',(0.,-0.,-1.));
#3400 = DIRECTION('',(1.,-1.224646799147E-16,0.));
#3401 = ORIENTED_EDGE('',*,*,#3245,.T.);
#3402 = PLANE('',#3403);
#3403 = AXIS2_PLACEMENT_3D('',#3404,#3405,#3406);
#3404 = CARTESIAN_POINT('',(-5.E-02,3.062907291809,3.5));
#3405 = DIRECTION('',(2.82307419303E-31,-4.605394644585E-32,1.));
#3406 = DIRECTION('',(-1.,1.224646799147E-16,2.82307419303E-31));
#3407 = ADVANCED_FACE('',(#3408),#3422,.F.);
#3408 = FACE_BOUND('',#3409,.F.);
#3409 = EDGE_LOOP('',(#3410,#3411,#3412,#3413,#3414,#3415));
#3410 = ORIENTED_EDGE('',*,*,#3213,.T.);
#3411 = ORIENTED_EDGE('',*,*,#3175,.T.);
#3412 = ORIENTED_EDGE('',*,*,#3395,.F.);
#3413 = ORIENTED_EDGE('',*,*,#3253,.F.);
#3414 = ORIENTED_EDGE('',*,*,#3308,.F.);
#3415 = ORIENTED_EDGE('',*,*,#3416,.T.);
#3416 = EDGE_CURVE('',#3309,#3214,#3417,.T.);
#3417 = CIRCLE('',#3418,0.85);
#3418 = AXIS2_PLACEMENT_3D('',#3419,#3420,#3421);
#3419 = CARTESIAN_POINT('',(-5.E-02,3.332701665379,4.));
#3420 = DIRECTION('',(0.,-0.,-1.));
#3421 = DIRECTION('',(1.,-1.224646799147E-16,0.));
#3422 = CYLINDRICAL_SURFACE('',#3423,0.85);
#3423 = AXIS2_PLACEMENT_3D('',#3424,#3425,#3426);
#3424 = CARTESIAN_POINT('',(-5.E-02,3.332701665379,4.));
#3425 = DIRECTION('',(-0.,0.,-1.));
#3426 = DIRECTION('',(1.,-1.224646799147E-16,-0.));
#3427 = ADVANCED_FACE('',(#3428),#3440,.T.);
#3428 = FACE_BOUND('',#3429,.T.);
#3429 = EDGE_LOOP('',(#3430,#3431,#3432,#3439));
#3430 = ORIENTED_EDGE('',*,*,#3416,.T.);
#3431 = ORIENTED_EDGE('',*,*,#3230,.T.);
#3432 = ORIENTED_EDGE('',*,*,#3433,.T.);
#3433 = EDGE_CURVE('',#3223,#3300,#3434,.T.);
#3434 = CIRCLE('',#3435,0.85);
#3435 = AXIS2_PLACEMENT_3D('',#3436,#3437,#3438);
#3436 = CARTESIAN_POINT('',(-5.E-02,6.22,4.));
#3437 = DIRECTION('',(0.,-0.,-1.));
#3438 = DIRECTION('',(1.,-1.224646799147E-16,0.));
#3439 = ORIENTED_EDGE('',*,*,#3316,.T.);
#3440 = PLANE('',#3441);
#3441 = AXIS2_PLACEMENT_3D('',#3442,#3443,#3444);
#3442 = CARTESIAN_POINT('',(-5.E-02,4.82,4.));
#3443 = DIRECTION('',(0.,0.,1.));
#3444 = DIRECTION('',(-1.,1.224646799147E-16,0.));
#3445 = ADVANCED_FACE('',(#3446),#3460,.F.);
#3446 = FACE_BOUND('',#3447,.F.);
#3447 = EDGE_LOOP('',(#3448,#3455,#3456,#3457,#3458,#3459));
#3448 = ORIENTED_EDGE('',*,*,#3449,.F.);
#3449 = EDGE_CURVE('',#3277,#3355,#3450,.T.);
#3450 = CIRCLE('',#3451,0.85);
#3451 = AXIS2_PLACEMENT_3D('',#3452,#3453,#3454);
#3452 = CARTESIAN_POINT('',(-5.E-02,6.22,3.5));
#3453 = DIRECTION('',(0.,-0.,-1.));
#3454 = DIRECTION('',(1.,-1.224646799147E-16,0.));
#3455 = ORIENTED_EDGE('',*,*,#3284,.F.);
#3456 = ORIENTED_EDGE('',*,*,#3222,.F.);
#3457 = ORIENTED_EDGE('',*,*,#3433,.T.);
#3458 = ORIENTED_EDGE('',*,*,#3299,.T.);
#3459 = ORIENTED_EDGE('',*,*,#3364,.T.);
#3460 = CYLINDRICAL_SURFACE('',#3461,0.85);
#3461 = AXIS2_PLACEMENT_3D('',#3462,#3463,#3464);
#3462 = CARTESIAN_POINT('',(-5.E-02,6.22,4.));
#3463 = DIRECTION('',(-0.,0.,-1.));
#3464 = DIRECTION('',(1.,-1.224646799147E-16,-0.));
#3465 = ADVANCED_FACE('',(#3466),#3472,.F.);
#3466 = FACE_BOUND('',#3467,.F.);
#3467 = EDGE_LOOP('',(#3468,#3469,#3470,#3471));
#3468 = ORIENTED_EDGE('',*,*,#3276,.F.);
#3469 = ORIENTED_EDGE('',*,*,#3449,.T.);
#3470 = ORIENTED_EDGE('',*,*,#3354,.F.);
#3471 = ORIENTED_EDGE('',*,*,#3330,.T.);
#3472 = PLANE('',#3473);
#3473 = AXIS2_PLACEMENT_3D('',#3474,#3475,#3476);
#3474 = CARTESIAN_POINT('',(-5.E-02,6.22,3.5));
#3475 = DIRECTION('',(-0.,0.,-1.));
#3476 = DIRECTION('',(1.,-1.224646799147E-16,-0.));
#3477 = ( GEOMETRIC_REPRESENTATION_CONTEXT(3) 
GLOBAL_UNCERTAINTY_ASSIGNED_CONTEXT((#3481)) 
GLOBAL_UNIT_ASSIGNED_CONTEXT((#3478,#3479,#3480)) REPRESENTATION_CONTEXT
('Context #1','3D Context with UNIT and UNCERTAINTY') );
#3478 = ( LENGTH_UNIT() NAMED_UNIT(*) SI_UNIT(.MILLI.,.METRE.) );
#3479 = ( NAMED_UNIT(*) PLANE_ANGLE_UNIT() SI_UNIT($,.RADIAN.) );
#3480 = ( NAMED_UNIT(*) SI_UNIT($,.STERADIAN.) SOLID_ANGLE_UNIT() );
#3481 = UNCERTAINTY_MEASURE_WITH_UNIT(LENGTH_MEASURE(1.E-07),#3478,
  'distance_accuracy_value','confusion accuracy');
#3482 = CONTEXT_DEPENDENT_SHAPE_REPRESENTATION(#3483,#3485);
#3483 = ( REPRESENTATION_RELATIONSHIP('','',#1783,#1760) 
REPRESENTATION_RELATIONSHIP_WITH_TRANSFORMATION(#3484) 
SHAPE_REPRESENTATION_RELATIONSHIP() );
#3484 = ITEM_DEFINED_TRANSFORMATION('','',#11,#1761);
#3485 = PRODUCT_DEFINITION_SHAPE('Placement','Placement of an item',
  #3486);
#3486 = NEXT_ASSEMBLY_USAGE_OCCURRENCE('13','=>[0:1:1:7]','',#1755,#1778
  ,$);
#3487 = PRODUCT_RELATED_PRODUCT_CATEGORY('part',$,(#1780));
#3488 = CONTEXT_DEPENDENT_SHAPE_REPRESENTATION(#3489,#3491);
#3489 = ( REPRESENTATION_RELATIONSHIP('','',#176,#10) 
REPRESENTATION_RELATIONSHIP_WITH_TRANSFORMATION(#3490) 
SHAPE_REPRESENTATION_RELATIONSHIP() );
#3490 = ITEM_DEFINED_TRANSFORMATION('','',#11,#59);
#3491 = PRODUCT_DEFINITION_SHAPE('Placement','Placement of an item',
  #3492);
#3492 = NEXT_ASSEMBLY_USAGE_OCCURRENCE('15','R17','',#5,#171,$);
#3493 = CONTEXT_DEPENDENT_SHAPE_REPRESENTATION(#3494,#3496);
#3494 = ( REPRESENTATION_RELATIONSHIP('','',#176,#10) 
REPRESENTATION_RELATIONSHIP_WITH_TRANSFORMATION(#3495) 
SHAPE_REPRESENTATION_RELATIONSHIP() );
#3495 = ITEM_DEFINED_TRANSFORMATION('','',#11,#63);
#3496 = PRODUCT_DEFINITION_SHAPE('Placement','Placement of an item',
  #3497);
#3497 = NEXT_ASSEMBLY_USAGE_OCCURRENCE('16','R21','',#5,#171,$);
#3498 = CONTEXT_DEPENDENT_SHAPE_REPRESENTATION(#3499,#3501);
#3499 = ( REPRESENTATION_RELATIONSHIP('','',#176,#10) 
REPRESENTATION_RELATIONSHIP_WITH_TRANSFORMATION(#3500) 
SHAPE_REPRESENTATION_RELATIONSHIP() );
#3500 = ITEM_DEFINED_TRANSFORMATION('','',#11,#67);
#3501 = PRODUCT_DEFINITION_SHAPE('Placement','Placement of an item',
  #3502);
#3502 = NEXT_ASSEMBLY_USAGE_OCCURRENCE('17','R4','',#5,#171,$);
#3503 = CONTEXT_DEPENDENT_SHAPE_REPRESENTATION(#3504,#3506);
#3504 = ( REPRESENTATION_RELATIONSHIP('','',#176,#10) 
REPRESENTATION_RELATIONSHIP_WITH_TRANSFORMATION(#3505) 
SHAPE_REPRESENTATION_RELATIONSHIP() );
#3505 = ITEM_DEFINED_TRANSFORMATION('','',#11,#71);
#3506 = PRODUCT_DEFINITION_SHAPE('Placement','Placement of an item',
  #3507);
#3507 = NEXT_ASSEMBLY_USAGE_OCCURRENCE('18','R18','',#5,#171,$);
#3508 = CONTEXT_DEPENDENT_SHAPE_REPRESENTATION(#3509,#3511);
#3509 = ( REPRESENTATION_RELATIONSHIP('','',#176,#10) 
REPRESENTATION_RELATIONSHIP_WITH_TRANSFORMATION(#3510) 
SHAPE_REPRESENTATION_RELATIONSHIP() );
#3510 = ITEM_DEFINED_TRANSFORMATION('','',#11,#75);
#3511 = PRODUCT_DEFINITION_SHAPE('Placement','Placement of an item',
  #3512);
#3512 = NEXT_ASSEMBLY_USAGE_OCCURRENCE('19','R1','',#5,#171,$);
#3513 = SHAPE_DEFINITION_REPRESENTATION(#3514,#3520);
#3514 = PRODUCT_DEFINITION_SHAPE('','',#3515);
#3515 = PRODUCT_DEFINITION('design','',#3516,#3519);
#3516 = PRODUCT_DEFINITION_FORMATION('','',#3517);
#3517 = PRODUCT('Fuse_BelFuse_0ZRE_0ZRE0005FF_L8.3mm_W3.8mm',
  'Fuse_BelFuse_0ZRE_0ZRE0005FF_L8.3mm_W3.8mm','',(#3518));
#3518 = PRODUCT_CONTEXT('',#2,'mechanical');
#3519 = PRODUCT_DEFINITION_CONTEXT('part definition',#2,'design');
#3520 = SHAPE_REPRESENTATION('',(#11,#3521),#3525);
#3521 = AXIS2_PLACEMENT_3D('',#3522,#3523,#3524);
#3522 = CARTESIAN_POINT('',(0.,0.,0.));
#3523 = DIRECTION('',(0.,0.,1.));
#3524 = DIRECTION('',(1.,0.,-0.));
#3525 = ( GEOMETRIC_REPRESENTATION_CONTEXT(3) 
GLOBAL_UNCERTAINTY_ASSIGNED_CONTEXT((#3529)) 
GLOBAL_UNIT_ASSIGNED_CONTEXT((#3526,#3527,#3528)) REPRESENTATION_CONTEXT
('Context #1','3D Context with UNIT and UNCERTAINTY') );
#3526 = ( LENGTH_UNIT() NAMED_UNIT(*) SI_UNIT(.MILLI.,.METRE.) );
#3527 = ( NAMED_UNIT(*) PLANE_ANGLE_UNIT() SI_UNIT($,.RADIAN.) );
#3528 = ( NAMED_UNIT(*) SI_UNIT($,.STERADIAN.) SOLID_ANGLE_UNIT() );
#3529 = UNCERTAINTY_MEASURE_WITH_UNIT(LENGTH_MEASURE(1.E-06),#3526,
  'distance_accuracy_value','confusion accuracy');
#3530 = CONTEXT_DEPENDENT_SHAPE_REPRESENTATION(#3531,#3533);
#3531 = ( REPRESENTATION_RELATIONSHIP('','',#3520,#10) 
REPRESENTATION_RELATIONSHIP_WITH_TRANSFORMATION(#3532) 
SHAPE_REPRESENTATION_RELATIONSHIP() );
#3532 = ITEM_DEFINED_TRANSFORMATION('','',#11,#79);
#3533 = PRODUCT_DEFINITION_SHAPE('Placement','Placement of an item',
  #3534);
#3534 = NEXT_ASSEMBLY_USAGE_OCCURRENCE('21','F1','',#5,#3515,$);
#3535 = PRODUCT_RELATED_PRODUCT_CATEGORY('part',$,(#3517));
#3536 = SHAPE_DEFINITION_REPRESENTATION(#3537,#3543);
#3537 = PRODUCT_DEFINITION_SHAPE('','',#3538);
#3538 = PRODUCT_DEFINITION('design','',#3539,#3542);
#3539 = PRODUCT_DEFINITION_FORMATION('','',#3540);
#3540 = PRODUCT('A_0ZRE0005FF','A_0ZRE0005FF','',(#3541));
#3541 = PRODUCT_CONTEXT('',#2,'mechanical');
#3542 = PRODUCT_DEFINITION_CONTEXT('part definition',#2,'design');
#3543 = ADVANCED_BREP_SHAPE_REPRESENTATION('',(#11,#3544),#4494);
#3544 = MANIFOLD_SOLID_BREP('',#3545);
#3545 = CLOSED_SHELL('',(#3546,#3579,#3712,#3832,#3933,#3993,#4094,#4154
    ,#4176,#4194,#4204,#4230,#4255,#4273,#4283,#4294,#4320,#4340,#4360,
    #4385,#4410,#4443,#4476,#4485));
#3546 = ADVANCED_FACE('',(#3547),#3574,.T.);
#3547 = FACE_BOUND('',#3548,.T.);
#3548 = EDGE_LOOP('',(#3549,#3558,#3566,#3573));
#3549 = ORIENTED_EDGE('',*,*,#3550,.T.);
#3550 = EDGE_CURVE('',#3551,#3551,#3553,.T.);
#3551 = VERTEX_POINT('',#3552);
#3552 = CARTESIAN_POINT('',(6.7,-0.777142857143,6.55));
#3553 = CIRCLE('',#3554,4.15);
#3554 = AXIS2_PLACEMENT_3D('',#3555,#3556,#3557);
#3555 = CARTESIAN_POINT('',(2.55,-0.777142857143,6.55));
#3556 = DIRECTION('',(-9.542518328991E-34,-1.,5.131708243377E-49));
#3557 = DIRECTION('',(1.,-9.542518328991E-34,5.652828357593E-50));
#3558 = ORIENTED_EDGE('',*,*,#3559,.T.);
#3559 = EDGE_CURVE('',#3551,#3560,#3562,.T.);
#3560 = VERTEX_POINT('',#3561);
#3561 = CARTESIAN_POINT('',(6.7,-0.822857142857,6.55));
#3562 = LINE('',#3563,#3564);
#3563 = CARTESIAN_POINT('',(6.7,-0.32,6.55));
#3564 = VECTOR('',#3565,1.);
#3565 = DIRECTION('',(0.,-1.,0.));
#3566 = ORIENTED_EDGE('',*,*,#3567,.F.);
#3567 = EDGE_CURVE('',#3560,#3560,#3568,.T.);
#3568 = CIRCLE('',#3569,4.15);
#3569 = AXIS2_PLACEMENT_3D('',#3570,#3571,#3572);
#3570 = CARTESIAN_POINT('',(2.55,-0.822857142857,6.55));
#3571 = DIRECTION('',(-9.542518328991E-34,-1.,5.131708243377E-49));
#3572 = DIRECTION('',(1.,-9.542518328991E-34,-5.652828357593E-50));
#3573 = ORIENTED_EDGE('',*,*,#3559,.F.);
#3574 = CYLINDRICAL_SURFACE('',#3575,4.15);
#3575 = AXIS2_PLACEMENT_3D('',#3576,#3577,#3578);
#3576 = CARTESIAN_POINT('',(2.55,-0.32,6.55));
#3577 = DIRECTION('',(0.,1.,0.));
#3578 = DIRECTION('',(1.,0.,0.));
#3579 = ADVANCED_FACE('',(#3580),#3707,.T.);
#3580 = FACE_BOUND('',#3581,.T.);
#3581 = EDGE_LOOP('',(#3582,#3591,#3600,#3698,#3705,#3706));
#3582 = ORIENTED_EDGE('',*,*,#3583,.T.);
#3583 = EDGE_CURVE('',#3551,#3584,#3586,.T.);
#3584 = VERTEX_POINT('',#3585);
#3585 = CARTESIAN_POINT('',(6.242857142857,-0.32,6.55));
#3586 = CIRCLE('',#3587,0.457142857143);
#3587 = AXIS2_PLACEMENT_3D('',#3588,#3589,#3590);
#3588 = CARTESIAN_POINT('',(6.242857142857,-0.777142857143,6.55));
#3589 = DIRECTION('',(-5.652828357593E-50,5.131708243377E-49,1.));
#3590 = DIRECTION('',(1.,-9.542518328991E-34,5.652828357593E-50));
#3591 = ORIENTED_EDGE('',*,*,#3592,.T.);
#3592 = EDGE_CURVE('',#3584,#3593,#3595,.T.);
#3593 = VERTEX_POINT('',#3594);
#3594 = CARTESIAN_POINT('',(-0.397114593033,-0.32,4.324756316023));
#3595 = CIRCLE('',#3596,3.692857142857);
#3596 = AXIS2_PLACEMENT_3D('',#3597,#3598,#3599);
#3597 = CARTESIAN_POINT('',(2.55,-0.32,6.55));
#3598 = DIRECTION('',(-9.542518328991E-34,-1.,5.131708243377E-49));
#3599 = DIRECTION('',(1.,-9.542518328991E-34,5.652828357593E-50));
#3600 = ORIENTED_EDGE('',*,*,#3601,.F.);
#3601 = EDGE_CURVE('',#3602,#3593,#3604,.T.);
#3602 = VERTEX_POINT('',#3603);
#3603 = CARTESIAN_POINT('',(0.397114593033,-0.32,3.549620307024));
#3604 = B_SPLINE_CURVE_WITH_KNOTS('',8,(#3605,#3606,#3607,#3608,#3609,
    #3610,#3611,#3612,#3613,#3614,#3615,#3616,#3617,#3618,#3619,#3620,
    #3621,#3622,#3623,#3624,#3625,#3626,#3627,#3628,#3629,#3630,#3631,
    #3632,#3633,#3634,#3635,#3636,#3637,#3638,#3639,#3640,#3641,#3642,
    #3643,#3644,#3645,#3646,#3647,#3648,#3649,#3650,#3651,#3652,#3653,
    #3654,#3655,#3656,#3657,#3658,#3659,#3660,#3661,#3662,#3663,#3664,
    #3665,#3666,#3667,#3668,#3669,#3670,#3671,#3672,#3673,#3674,#3675,
    #3676,#3677,#3678,#3679,#3680,#3681,#3682,#3683,#3684,#3685,#3686,
    #3687,#3688,#3689,#3690,#3691,#3692,#3693,#3694,#3695,#3696,#3697),
  .UNSPECIFIED.,.F.,.F.,(9,7,7,7,7,7,7,7,7,7,7,7,7,9),(0.,0.127504182284
    ,0.180996146561,0.211943159119,0.278346426323,0.336006946593,
    0.360757681143,0.398827658104,0.545878099461,0.606098026729,
    0.652576475187,0.790337402393,0.950266198829,1.),.UNSPECIFIED.);
#3605 = CARTESIAN_POINT('',(0.397114593033,-0.32,3.549620307024));
#3606 = CARTESIAN_POINT('',(0.397114591359,-0.320000002078,
    3.523839762136));
#3607 = CARTESIAN_POINT('',(0.396230886533,-0.32109688169,3.498380230287
    ));
#3608 = CARTESIAN_POINT('',(0.394414863617,-0.323349986864,
    3.473413178639));
#3609 = CARTESIAN_POINT('',(0.391609007431,-0.326797578319,
    3.449140633611));
#3610 = CARTESIAN_POINT('',(0.387742359198,-0.331448111754,3.42579332604
    ));
#3611 = CARTESIAN_POINT('',(0.382732347196,-0.337272623037,3.40362398438
    ));
#3612 = CARTESIAN_POINT('',(0.376492991409,-0.344198216295,
    3.382895775961));
#3613 = CARTESIAN_POINT('',(0.365784745814,-0.35541881237,3.355882270786
    ));
#3614 = CARTESIAN_POINT('',(0.362390353577,-0.35890739486,3.348197209464
    ));
#3615 = CARTESIAN_POINT('',(0.358760760926,-0.362559512814,
    3.340829492886));
#3616 = CARTESIAN_POINT('',(0.35489062437,-0.366364878155,3.333797459628
    ));
#3617 = CARTESIAN_POINT('',(0.350775025179,-0.370311846,3.327118782683)
  );
#3618 = CARTESIAN_POINT('',(0.346409693058,-0.374387456378,
    3.320810245843));
#3619 = CARTESIAN_POINT('',(0.341791229827,-0.378577475945,
    3.314887520096));
#3620 = CARTESIAN_POINT('',(0.334097609712,-0.385347758483,
    3.306169930106));
#3621 = CARTESIAN_POINT('',(0.331192379136,-0.387862231474,3.30310880702
    ));
#3622 = CARTESIAN_POINT('',(0.328201173028,-0.390406850986,
    3.300184360794));
#3623 = CARTESIAN_POINT('',(0.325123649435,-0.392978518626,
    3.297399180335));
#3624 = CARTESIAN_POINT('',(0.321959592806,-0.395574045299,
    3.294755653411));
#3625 = CARTESIAN_POINT('',(0.318708913988,-0.398190151211,
    3.292255966653));
#3626 = CARTESIAN_POINT('',(0.315371650227,-0.400823465868,
    3.289902105555));
#3627 = CARTESIAN_POINT('',(0.304601735119,-0.409150351897,
    3.282961882816));
#3628 = CARTESIAN_POINT('',(0.296857087637,-0.414894006379,
    3.278907096228));
#3629 = CARTESIAN_POINT('',(0.288716445594,-0.420666895471,
    3.275549585127));
#3630 = CARTESIAN_POINT('',(0.280184323341,-0.426434143791,
    3.272901564591));
#3631 = CARTESIAN_POINT('',(0.271267269264,-0.432161054013,
    3.270970066533));
#3632 = CARTESIAN_POINT('',(0.261973808342,-0.437813564256,
    3.269757631887));
#3633 = CARTESIAN_POINT('',(0.252314384699,-0.443358705466,3.26926300279
    ));
#3634 = CARTESIAN_POINT('',(0.233606559796,-0.453459604105,3.26967181765
    ));
#3635 = CARTESIAN_POINT('',(0.224644702307,-0.45804973166,3.270399774988
    ));
#3636 = CARTESIAN_POINT('',(0.215422733711,-0.462515295588,
    3.271662924958));
#3637 = CARTESIAN_POINT('',(0.20594821784,-0.466837097452,3.273457104307
    ));
#3638 = CARTESIAN_POINT('',(0.196229171289,-0.470996869362,
    3.275777193373));
#3639 = CARTESIAN_POINT('',(0.186273954363,-0.474977257083,3.2786175611)
  );
#3640 = CARTESIAN_POINT('',(0.17609116203,-0.478761803149,3.281972510055
    ));
#3641 = CARTESIAN_POINT('',(0.161224615712,-0.483868691939,
    3.287495431257));
#3642 = CARTESIAN_POINT('',(0.156719441659,-0.485363481823,
    3.289247956696));
#3643 = CARTESIAN_POINT('',(0.152174695618,-0.486818058508,
    3.291093866899));
#3644 = CARTESIAN_POINT('',(0.147591120899,-0.488231201472,
    3.293032730116));
#3645 = CARTESIAN_POINT('',(0.142969501205,-0.489601710778,
    3.295064113721));
#3646 = CARTESIAN_POINT('',(0.138310660636,-0.490928407073,
    3.297187584204));
#3647 = CARTESIAN_POINT('',(0.133615463686,-0.492210131592,3.29940270718
    ));
#3648 = CARTESIAN_POINT('',(0.12160843818,-0.495346288456,3.305256510515
    ));
#3649 = CARTESIAN_POINT('',(0.114248659336,-0.497137621826,
    3.309019551643));
#3650 = CARTESIAN_POINT('',(0.106808271861,-0.498815783097,
    3.312996803659));
#3651 = CARTESIAN_POINT('',(9.929095360529E-02,-0.500376719421,
    3.317186642769));
#3652 = CARTESIAN_POINT('',(9.17012824995E-02,-0.501816412685,
    3.321587065393));
#3653 = CARTESIAN_POINT('',(8.404475192905E-02,-0.503131003921,
    3.326195565069));
#3654 = CARTESIAN_POINT('',(7.632778611378E-02,-0.504316917726,
    3.331009009354));
#3655 = CARTESIAN_POINT('',(3.854495998377E-02,-0.509442470683,
    3.355392730505));
#3656 = CARTESIAN_POINT('',(7.412333260425E-03,-0.511591450929,
    3.377973562916));
#3657 = CARTESIAN_POINT('',(-2.337310516554E-02,-0.511414082374,
    3.402965138096));
#3658 = CARTESIAN_POINT('',(-5.283882645503E-02,-0.509101517406,
    3.429360538712));
#3659 = CARTESIAN_POINT('',(-8.045734631754E-02,-0.505118944633,
    3.456420617943));
#3660 = CARTESIAN_POINT('',(-0.106120405794,-0.499895588728,
    3.483703357397));
#3661 = CARTESIAN_POINT('',(-0.130026046112,-0.493712502847,
    3.51115598207));
#3662 = CARTESIAN_POINT('',(-0.161819666427,-0.483743848394,
    3.550720095693));
#3663 = CARTESIAN_POINT('',(-0.170796085649,-0.480709283036,
    3.562275385294));
#3664 = CARTESIAN_POINT('',(-0.179517784085,-0.47755098259,
    3.573889602519));
#3665 = CARTESIAN_POINT('',(-0.187990511482,-0.474282496779,
    3.585561925908));
#3666 = CARTESIAN_POINT('',(-0.196219719682,-0.470916476497,
    3.597292104017));
#3667 = CARTESIAN_POINT('',(-0.204210631186,-0.467464782166,
    3.609080365057));
#3668 = CARTESIAN_POINT('',(-0.211968307719,-0.463938592097,
    3.620927326526));
#3669 = CARTESIAN_POINT('',(-0.225309006863,-0.457577643902,
    3.642023542103));
#3670 = CARTESIAN_POINT('',(-0.230984250666,-0.454768764801,
    3.651248566605));
#3671 = CARTESIAN_POINT('',(-0.236525644512,-0.451926737853,
    3.660509335794));
#3672 = CARTESIAN_POINT('',(-0.241935321104,-0.449056270668,
    3.669806221806));
#3673 = CARTESIAN_POINT('',(-0.247215351543,-0.446161914159,
    3.679139611474));
#3674 = CARTESIAN_POINT('',(-0.252367745327,-0.44324806254,
    3.688509906332));
#3675 = CARTESIAN_POINT('',(-0.257394450352,-0.440318953332,
    3.697917522608));
#3676 = CARTESIAN_POINT('',(-0.276829430134,-0.428663735254,
    3.735358721175));
#3677 = CARTESIAN_POINT('',(-0.290273511727,-0.419851059829,
    3.763685169716));
#3678 = CARTESIAN_POINT('',(-0.30267984066,-0.411047091226,
    3.792354155629));
#3679 = CARTESIAN_POINT('',(-0.314093487873,-0.402349627498,
    3.821373632299));
#3680 = CARTESIAN_POINT('',(-0.324556744473,-0.393849194643,
    3.85074672419));
#3681 = CARTESIAN_POINT('',(-0.334110228107,-0.38562988922,
    3.880471021777));
#3682 = CARTESIAN_POINT('',(-0.342792703488,-0.377769683552,
    3.910538034943));
#3683 = CARTESIAN_POINT('',(-0.359749220758,-0.361715183319,
    3.976218564517));
#3684 = CARTESIAN_POINT('',(-0.367731247305,-0.353672153043,
    4.011940266053));
#3685 = CARTESIAN_POINT('',(-0.374641827446,-0.346322911795,
    4.048073640572));
#3686 = CARTESIAN_POINT('',(-0.380529814114,-0.339770268521,
    4.084575826769));
#3687 = CARTESIAN_POINT('',(-0.385436561764,-0.334106327163,
    4.121384603144));
#3688 = CARTESIAN_POINT('',(-0.389393373639,-0.329412417916,
    4.158416683428));
#3689 = CARTESIAN_POINT('',(-0.392416616994,-0.325760664561,
    4.195565075192));
#3690 = CARTESIAN_POINT('',(-0.395148543001,-0.322426231142,
    4.244242122934));
#3691 = CARTESIAN_POINT('',(-0.395705694768,-0.321742485013,
    4.255786724804));
#3692 = CARTESIAN_POINT('',(-0.396171836912,-0.321167921314,
    4.267325242617));
#3693 = CARTESIAN_POINT('',(-0.396546581245,-0.32070448538,
    4.278853211844));
#3694 = CARTESIAN_POINT('',(-0.396829276044,-0.320354096092,
    4.290365768062));
#3695 = CARTESIAN_POINT('',(-0.397019006056,-0.320118645869,
    4.301857646955));
#3696 = CARTESIAN_POINT('',(-0.397114592493,-0.320000000671,
    4.31332318431));
#3697 = CARTESIAN_POINT('',(-0.397114593033,-0.32,4.324756316023));
#3698 = ORIENTED_EDGE('',*,*,#3699,.T.);
#3699 = EDGE_CURVE('',#3602,#3584,#3700,.T.);
#3700 = CIRCLE('',#3701,3.692857142857);
#3701 = AXIS2_PLACEMENT_3D('',#3702,#3703,#3704);
#3702 = CARTESIAN_POINT('',(2.55,-0.32,6.55));
#3703 = DIRECTION('',(-9.542518328991E-34,-1.,5.131708243377E-49));
#3704 = DIRECTION('',(1.,-9.542518328991E-34,5.652828357593E-50));
#3705 = ORIENTED_EDGE('',*,*,#3583,.F.);
#3706 = ORIENTED_EDGE('',*,*,#3550,.F.);
#3707 = TOROIDAL_SURFACE('',#3708,3.692857142857,0.457142857143);
#3708 = AXIS2_PLACEMENT_3D('',#3709,#3710,#3711);
#3709 = CARTESIAN_POINT('',(2.55,-0.777142857143,6.55));
#3710 = DIRECTION('',(9.542518328991E-34,1.,-5.131708243377E-49));
#3711 = DIRECTION('',(1.,-9.542518328991E-34,5.652828357593E-50));
#3712 = ADVANCED_FACE('',(#3713),#3827,.T.);
#3713 = FACE_BOUND('',#3714,.T.);
#3714 = EDGE_LOOP('',(#3715,#3716,#3725,#3734,#3819,#3826));
#3715 = ORIENTED_EDGE('',*,*,#3567,.T.);
#3716 = ORIENTED_EDGE('',*,*,#3717,.T.);
#3717 = EDGE_CURVE('',#3560,#3718,#3720,.T.);
#3718 = VERTEX_POINT('',#3719);
#3719 = CARTESIAN_POINT('',(6.242857142857,-1.28,6.55));
#3720 = CIRCLE('',#3721,0.457142857143);
#3721 = AXIS2_PLACEMENT_3D('',#3722,#3723,#3724);
#3722 = CARTESIAN_POINT('',(6.242857142857,-0.822857142857,6.55));
#3723 = DIRECTION('',(-5.652828357593E-50,-5.131708243377E-49,-1.));
#3724 = DIRECTION('',(1.,-9.542518328991E-34,-5.652828357593E-50));
#3725 = ORIENTED_EDGE('',*,*,#3726,.F.);
#3726 = EDGE_CURVE('',#3727,#3718,#3729,.T.);
#3727 = VERTEX_POINT('',#3728);
#3728 = CARTESIAN_POINT('',(5.497114593033,-1.28,4.324756316023));
#3729 = CIRCLE('',#3730,3.692857142857);
#3730 = AXIS2_PLACEMENT_3D('',#3731,#3732,#3733);
#3731 = CARTESIAN_POINT('',(2.55,-1.28,6.55));
#3732 = DIRECTION('',(-9.542518328991E-34,-1.,5.131708243377E-49));
#3733 = DIRECTION('',(1.,-9.542518328991E-34,-5.652828357593E-50));
#3734 = ORIENTED_EDGE('',*,*,#3735,.T.);
#3735 = EDGE_CURVE('',#3727,#3736,#3738,.T.);
#3736 = VERTEX_POINT('',#3737);
#3737 = CARTESIAN_POINT('',(4.702885406967,-1.28,3.549620307024));
#3738 = B_SPLINE_CURVE_WITH_KNOTS('',7,(#3739,#3740,#3741,#3742,#3743,
    #3744,#3745,#3746,#3747,#3748,#3749,#3750,#3751,#3752,#3753,#3754,
    #3755,#3756,#3757,#3758,#3759,#3760,#3761,#3762,#3763,#3764,#3765,
    #3766,#3767,#3768,#3769,#3770,#3771,#3772,#3773,#3774,#3775,#3776,
    #3777,#3778,#3779,#3780,#3781,#3782,#3783,#3784,#3785,#3786,#3787,
    #3788,#3789,#3790,#3791,#3792,#3793,#3794,#3795,#3796,#3797,#3798,
    #3799,#3800,#3801,#3802,#3803,#3804,#3805,#3806,#3807,#3808,#3809,
    #3810,#3811,#3812,#3813,#3814,#3815,#3816,#3817,#3818),
  .UNSPECIFIED.,.F.,.F.,(8,6,6,6,6,6,6,6,6,6,6,6,6,8),(0.,
    5.014469031028E-02,0.210509804823,0.34773204488,0.394232719464,
    0.454330841354,0.53484221992,0.639399528001,0.664280590141,
    0.721982347739,0.788302162374,0.819191665315,0.872795853478,1.),
  .UNSPECIFIED.);
#3739 = CARTESIAN_POINT('',(5.497114593033,-1.28,4.324756316023));
#3740 = CARTESIAN_POINT('',(5.497114592412,-1.279999999229,
    4.311614889054));
#3741 = CARTESIAN_POINT('',(5.496985677488,-1.279839985043,
    4.298429758328));
#3742 = CARTESIAN_POINT('',(5.496730194893,-1.279522951141,4.28521079275
    ));
#3743 = CARTESIAN_POINT('',(5.496349952647,-1.279051945666,
    4.271967043987));
#3744 = CARTESIAN_POINT('',(5.495846220155,-1.2784300712,4.258706746465)
  );
#3745 = CARTESIAN_POINT('',(5.495219728208,-1.277660484769,
    4.245437317369));
#3746 = CARTESIAN_POINT('',(5.492075141817,-1.273823104182,4.18972099237
    ));
#3747 = CARTESIAN_POINT('',(5.488426677448,-1.269422410014,
    4.147254638305));
#3748 = CARTESIAN_POINT('',(5.483534219433,-1.263650256624,
    4.104980823774));
#3749 = CARTESIAN_POINT('',(5.477362473391,-1.256624658111,
    4.063059561036));
#3750 = CARTESIAN_POINT('',(5.469851130807,-1.248484211919,4.02160585801
    ));
#3751 = CARTESIAN_POINT('',(5.460924770084,-1.239390082097,
    3.980695501795));
#3752 = CARTESIAN_POINT('',(5.441567483651,-1.221077005921,
    3.905858660971));
#3753 = CARTESIAN_POINT('',(5.431541010655,-1.212066911348,
    3.871781897634));
#3754 = CARTESIAN_POINT('',(5.420358328813,-1.202603691267,
    3.838160209922));
#3755 = CARTESIAN_POINT('',(5.407957311134,-1.192812249818,3.80500436404
    ));
#3756 = CARTESIAN_POINT('',(5.394273144287,-1.182829286078,3.77231351567
    ));
#3757 = CARTESIAN_POINT('',(5.379237135449,-1.172804768345,
    3.740076823992));
#3758 = CARTESIAN_POINT('',(5.357190527327,-1.159550885106,
    3.697499171877));
#3759 = CARTESIAN_POINT('',(5.351446261868,-1.156210744109,
    3.686772843827));
#3760 = CARTESIAN_POINT('',(5.345534781058,-1.15289152753,3.676096002886
    ));
#3761 = CARTESIAN_POINT('',(5.339452968352,-1.149600022792,
    3.665467993783));
#3762 = CARTESIAN_POINT('',(5.333197585652,-1.146343326379,3.6548881884)
  );
#3763 = CARTESIAN_POINT('',(5.326765273311,-1.143128843841,
    3.644355985768));
#3764 = CARTESIAN_POINT('',(5.311606174242,-1.135874375886,
    3.620319627003));
#3765 = CARTESIAN_POINT('',(5.302758597063,-1.131867961511,
    3.606847266923));
#3766 = CARTESIAN_POINT('',(5.293602000872,-1.127961740471,
    3.593452281873));
#3767 = CARTESIAN_POINT('',(5.284128383406,-1.124173524216,
    3.580133793764));
#3768 = CARTESIAN_POINT('',(5.274329379369,-1.120522521851,
    3.566891728334));
#3769 = CARTESIAN_POINT('',(5.264196081948,-1.117029620144,
    3.553727047101));
#3770 = CARTESIAN_POINT('',(5.23968289768,-1.109280749654,3.523112365876
    ));
#3771 = CARTESIAN_POINT('',(5.225040532652,-1.105172144734,
    3.505738944144));
#3772 = CARTESIAN_POINT('',(5.209754112761,-1.101440435541,
    3.488507727579));
#3773 = CARTESIAN_POINT('',(5.19379724203,-1.098149391894,3.471430184671
    ));
#3774 = CARTESIAN_POINT('',(5.177157743412,-1.095374919642,
    3.454543724971));
#3775 = CARTESIAN_POINT('',(5.159840617216,-1.093202013631,
    3.437912185112));
#3776 = CARTESIAN_POINT('',(5.118534486282,-1.089799293064,
    3.400476425378));
#3777 = CARTESIAN_POINT('',(5.093845956246,-1.08902389057,3.37968177632)
  );
#3778 = CARTESIAN_POINT('',(5.068597901595,-1.089704094116,
    3.360175412377));
#3779 = CARTESIAN_POINT('',(5.043457476043,-1.091910523048,
    3.342497160599));
#3780 = CARTESIAN_POINT('',(5.018892249367,-1.095512313758,
    3.326915765542));
#3781 = CARTESIAN_POINT('',(4.995137085707,-1.100335390568,
    3.313494491392));
#3782 = CARTESIAN_POINT('',(4.966751944107,-1.10768229661,3.299566352736
    ));
#3783 = CARTESIAN_POINT('',(4.961343440763,-1.109157239446,
    3.297012438457));
#3784 = CARTESIAN_POINT('',(4.955984213689,-1.110693020043,
    3.294582636447));
#3785 = CARTESIAN_POINT('',(4.950675673211,-1.11228773714,3.292277658754
    ));
#3786 = CARTESIAN_POINT('',(4.945419144086,-1.113939447252,
    3.290098214775));
#3787 = CARTESIAN_POINT('',(4.940215865497,-1.115646164667,
    3.288045011261));
#3788 = CARTESIAN_POINT('',(4.923126218472,-1.121486780374,
    3.281651558514));
#3789 = CARTESIAN_POINT('',(4.911478425536,-1.125852507413,
    3.277867245364));
#3790 = CARTESIAN_POINT('',(4.900137727817,-1.130477938425,
    3.274774387665));
#3791 = CARTESIAN_POINT('',(4.889117980275,-1.135336194641,
    3.272382347414));
#3792 = CARTESIAN_POINT('',(4.878432485261,-1.140398575729,
    3.270700075506));
#3793 = CARTESIAN_POINT('',(4.868093700508,-1.145634512845,
    3.269734913432));
#3794 = CARTESIAN_POINT('',(4.846641516436,-1.157191614716,
    3.269211505768));
#3795 = CARTESIAN_POINT('',(4.83564226163,-1.163558466291,3.269884898488
    ));
#3796 = CARTESIAN_POINT('',(4.825134968007,-1.170061710231,
    3.271518694409));
#3797 = CARTESIAN_POINT('',(4.815135713853,-1.176647845198,3.27411382144
    ));
#3798 = CARTESIAN_POINT('',(4.805656706946,-1.183261455626,3.27766314241
    ));
#3799 = CARTESIAN_POINT('',(4.796706121052,-1.189846432657,
    3.282149583342));
#3800 = CARTESIAN_POINT('',(4.784367027876,-1.199375028021,
    3.290056918561));
#3801 = CARTESIAN_POINT('',(4.780561467571,-1.202384746832,
    3.292766727542));
#3802 = CARTESIAN_POINT('',(4.776871523035,-1.205370800444,
    3.295670844909));
#3803 = CARTESIAN_POINT('',(4.773297212167,-1.208327818457,
    3.298766022663));
#3804 = CARTESIAN_POINT('',(4.769838299238,-1.211250611126,
    3.302048608582));
#3805 = CARTESIAN_POINT('',(4.766494294887,-1.214134169367,
    3.305514546219));
#3806 = CARTESIAN_POINT('',(4.757659546097,-1.22190119128,3.315484438893
    ));
#3807 = CARTESIAN_POINT('',(4.752398388003,-1.226696175736,
    3.322348399253));
#3808 = CARTESIAN_POINT('',(4.747477287624,-1.231333494158,
    3.329728062122));
#3809 = CARTESIAN_POINT('',(4.74289031143,-1.235790526563,3.337597502371
    ));
#3810 = CARTESIAN_POINT('',(4.738629896821,-1.240047271704,
    3.345928673108));
#3811 = CARTESIAN_POINT('',(4.734687462365,-1.244086461826,
    3.354692015198));
#3812 = CARTESIAN_POINT('',(4.722431759221,-1.256928300048,3.38560597489
    ));
#3813 = CARTESIAN_POINT('',(4.715548608708,-1.264657699857,
    3.409619701304));
#3814 = CARTESIAN_POINT('',(4.710284854608,-1.270886242895,
    3.435486666469));
#3815 = CARTESIAN_POINT('',(4.706498432889,-1.275517000389,
    3.462783335889));
#3816 = CARTESIAN_POINT('',(4.704063818162,-1.278537322369,
    3.491117996764));
#3817 = CARTESIAN_POINT('',(4.702885408881,-1.279999997625,
    3.520155119921));
#3818 = CARTESIAN_POINT('',(4.702885406967,-1.28,3.549620307024));
#3819 = ORIENTED_EDGE('',*,*,#3820,.F.);
#3820 = EDGE_CURVE('',#3718,#3736,#3821,.T.);
#3821 = CIRCLE('',#3822,3.692857142857);
#3822 = AXIS2_PLACEMENT_3D('',#3823,#3824,#3825);
#3823 = CARTESIAN_POINT('',(2.55,-1.28,6.55));
#3824 = DIRECTION('',(-9.542518328991E-34,-1.,5.131708243377E-49));
#3825 = DIRECTION('',(1.,-9.542518328991E-34,-5.652828357593E-50));
#3826 = ORIENTED_EDGE('',*,*,#3717,.F.);
#3827 = TOROIDAL_SURFACE('',#3828,3.692857142857,0.457142857143);
#3828 = AXIS2_PLACEMENT_3D('',#3829,#3830,#3831);
#3829 = CARTESIAN_POINT('',(2.55,-0.822857142857,6.55));
#3830 = DIRECTION('',(-9.542518328991E-34,-1.,5.131708243377E-49));
#3831 = DIRECTION('',(1.,-9.542518328991E-34,-5.652828357593E-50));
#3832 = ADVANCED_FACE('',(#3833),#3928,.F.);
#3833 = FACE_BOUND('',#3834,.F.);
#3834 = EDGE_LOOP('',(#3835,#3836,#3837,#3845,#3854,#3875,#3883,#3904,
    #3913,#3922));
#3835 = ORIENTED_EDGE('',*,*,#3699,.T.);
#3836 = ORIENTED_EDGE('',*,*,#3592,.T.);
#3837 = ORIENTED_EDGE('',*,*,#3838,.F.);
#3838 = EDGE_CURVE('',#3839,#3593,#3841,.T.);
#3839 = VERTEX_POINT('',#3840);
#3840 = CARTESIAN_POINT('',(-0.397114593033,-0.32,4.643883301911));
#3841 = LINE('',#3842,#3843);
#3842 = CARTESIAN_POINT('',(-0.397114593033,-0.32,1.642146637881E-49));
#3843 = VECTOR('',#3844,1.);
#3844 = DIRECTION('',(0.,0.,-1.));
#3845 = ORIENTED_EDGE('',*,*,#3846,.F.);
#3846 = EDGE_CURVE('',#3847,#3839,#3849,.T.);
#3847 = VERTEX_POINT('',#3848);
#3848 = CARTESIAN_POINT('',(2.027503419018,-0.32,6.795464814703));
#3849 = ELLIPSE('',#3850,5.395239196577,0.51);
#3850 = AXIS2_PLACEMENT_3D('',#3851,#3852,#3853);
#3851 = CARTESIAN_POINT('',(2.606190856952,-0.32,6.611650199198));
#3852 = DIRECTION('',(-9.542518328991E-34,-1.,5.131708243377E-49));
#3853 = DIRECTION('',(-0.773329809563,7.379513882112E-34,-0.634003947654
    ));
#3854 = ORIENTED_EDGE('',*,*,#3855,.T.);
#3855 = EDGE_CURVE('',#3847,#3856,#3858,.T.);
#3856 = VERTEX_POINT('',#3857);
#3857 = CARTESIAN_POINT('',(2.354044375686,-0.32,6.764450851464));
#3858 = B_SPLINE_CURVE_WITH_KNOTS('',8,(#3859,#3860,#3861,#3862,#3863,
    #3864,#3865,#3866,#3867,#3868,#3869,#3870,#3871,#3872,#3873,#3874),
  .UNSPECIFIED.,.F.,.F.,(9,7,9),(0.,0.192148006028,1.),.UNSPECIFIED.);
#3859 = CARTESIAN_POINT('',(2.027503419018,-0.32,6.795464814703));
#3860 = CARTESIAN_POINT('',(2.034257918814,-0.32,6.801068331508));
#3861 = CARTESIAN_POINT('',(2.04125311616,-0.32,6.806379636109));
#3862 = CARTESIAN_POINT('',(2.048474199573,-0.32,6.811386507462));
#3863 = CARTESIAN_POINT('',(2.055905762257,-0.32,6.816077707322));
#3864 = CARTESIAN_POINT('',(2.0635318021,-0.32,6.820442980241));
#3865 = CARTESIAN_POINT('',(2.071335721678,-0.32,6.82447305357));
#3866 = CARTESIAN_POINT('',(2.07930032825,-0.32,6.828159637457));
#3867 = CARTESIAN_POINT('',(2.121494393534,-0.32,6.845520147517));
#3868 = CARTESIAN_POINT('',(2.158109383286,-0.32,6.853345325458));
#3869 = CARTESIAN_POINT('',(2.195937645038,-0.32,6.854431425609));
#3870 = CARTESIAN_POINT('',(2.23353078733,-0.32,6.848578910174));
#3871 = CARTESIAN_POINT('',(2.26941837579,-0.32,6.835960590033));
#3872 = CARTESIAN_POINT('',(2.302212189227,-0.32,6.817111238652));
#3873 = CARTESIAN_POINT('',(2.330717276249,-0.32,6.792904203752));
#3874 = CARTESIAN_POINT('',(2.354044375686,-0.32,6.764450851464));
#3875 = ORIENTED_EDGE('',*,*,#3876,.F.);
#3876 = EDGE_CURVE('',#3877,#3856,#3879,.T.);
#3877 = VERTEX_POINT('',#3878);
#3878 = CARTESIAN_POINT('',(2.706585014529,-0.32,6.334437464152));
#3879 = LINE('',#3880,#3881);
#3880 = CARTESIAN_POINT('',(2.534134794495,-0.32,6.544784570525));
#3881 = VECTOR('',#3882,1.);
#3882 = DIRECTION('',(-0.634003947654,6.049994291146E-34,0.773329809563)
  );
#3883 = ORIENTED_EDGE('',*,*,#3884,.F.);
#3884 = EDGE_CURVE('',#3885,#3877,#3887,.T.);
#3885 = VERTEX_POINT('',#3886);
#3886 = CARTESIAN_POINT('',(2.672969450131,-0.32,6.008154065665));
#3887 = B_SPLINE_CURVE_WITH_KNOTS('',8,(#3888,#3889,#3890,#3891,#3892,
    #3893,#3894,#3895,#3896,#3897,#3898,#3899,#3900,#3901,#3902,#3903),
  .UNSPECIFIED.,.F.,.F.,(9,7,9),(0.,0.192148006029,1.),.UNSPECIFIED.);
#3888 = CARTESIAN_POINT('',(2.672969450131,-0.32,6.008154065665));
#3889 = CARTESIAN_POINT('',(2.679788601908,-0.32,6.013678722861));
#3890 = CARTESIAN_POINT('',(2.686368409306,-0.32,6.01949670164));
#3891 = CARTESIAN_POINT('',(2.692693984308,-0.32,6.025595874314));
#3892 = CARTESIAN_POINT('',(2.698751285887,-0.32,6.031963336731));
#3893 = CARTESIAN_POINT('',(2.70452712001,-0.32,6.038585408275));
#3894 = CARTESIAN_POINT('',(2.710009139636,-0.32,6.045447631867));
#3895 = CARTESIAN_POINT('',(2.715185844716,-0.32,6.052534773965));
#3896 = CARTESIAN_POINT('',(2.740482685293,-0.32,6.090505766994));
#3897 = CARTESIAN_POINT('',(2.755335356808,-0.32,6.124875652552));
#3898 = CARTESIAN_POINT('',(2.763817663394,-0.32,6.161756643259));
#3899 = CARTESIAN_POINT('',(2.765449942939,-0.32,6.199767588368));
#3900 = CARTESIAN_POINT('',(2.760113331955,-0.32,6.237432712708));
#3901 = CARTESIAN_POINT('',(2.748060023429,-0.32,6.273285885525));
#3902 = CARTESIAN_POINT('',(2.729912108258,-0.32,6.305984107183));
#3903 = CARTESIAN_POINT('',(2.706585014529,-0.32,6.334437464152));
#3904 = ORIENTED_EDGE('',*,*,#3905,.F.);
#3905 = EDGE_CURVE('',#3906,#3885,#3908,.T.);
#3906 = VERTEX_POINT('',#3907);
#3907 = CARTESIAN_POINT('',(2.606190856952,-0.32,5.954135940798));
#3908 = ELLIPSE('',#3909,5.395239196577,0.51);
#3909 = AXIS2_PLACEMENT_3D('',#3910,#3911,#3912);
#3910 = CARTESIAN_POINT('',(2.606190856952,-0.32,6.611650199198));
#3911 = DIRECTION('',(-9.542518328991E-34,-1.,5.131708243377E-49));
#3912 = DIRECTION('',(-0.773329809563,7.379513882112E-34,-0.634003947654
    ));
#3913 = ORIENTED_EDGE('',*,*,#3914,.F.);
#3914 = EDGE_CURVE('',#3915,#3906,#3917,.T.);
#3915 = VERTEX_POINT('',#3916);
#3916 = CARTESIAN_POINT('',(0.397114593033,-0.32,4.269028003579));
#3917 = ELLIPSE('',#3918,5.395239196577,0.51);
#3918 = AXIS2_PLACEMENT_3D('',#3919,#3920,#3921);
#3919 = CARTESIAN_POINT('',(2.606190856952,-0.32,6.611650199198));
#3920 = DIRECTION('',(-9.542518328991E-34,-1.,5.131708243377E-49));
#3921 = DIRECTION('',(-0.773329809563,7.379513882112E-34,-0.634003947654
    ));
#3922 = ORIENTED_EDGE('',*,*,#3923,.T.);
#3923 = EDGE_CURVE('',#3915,#3602,#3924,.T.);
#3924 = LINE('',#3925,#3926);
#3925 = CARTESIAN_POINT('',(0.397114593033,-0.32,1.642146637881E-49));
#3926 = VECTOR('',#3927,1.);
#3927 = DIRECTION('',(0.,0.,-1.));
#3928 = PLANE('',#3929);
#3929 = AXIS2_PLACEMENT_3D('',#3930,#3931,#3932);
#3930 = CARTESIAN_POINT('',(2.55,-0.32,6.55));
#3931 = DIRECTION('',(-9.542518328991E-34,-1.,5.131708243377E-49));
#3932 = DIRECTION('',(-1.,9.542518328991E-34,0.));
#3933 = ADVANCED_FACE('',(#3934),#3988,.T.);
#3934 = FACE_BOUND('',#3935,.T.);
#3935 = EDGE_LOOP('',(#3936,#3947,#3956,#3963,#3970,#3971,#3978,#3979,
    #3980,#3981));
#3936 = ORIENTED_EDGE('',*,*,#3937,.T.);
#3937 = EDGE_CURVE('',#3938,#3940,#3942,.T.);
#3938 = VERTEX_POINT('',#3939);
#3939 = CARTESIAN_POINT('',(-0.506198537337,6.215336513663E-02,
    4.717514258401));
#3940 = VERTEX_POINT('',#3941);
#3941 = CARTESIAN_POINT('',(6.215336513662E-02,0.506198537337,4.475));
#3942 = ELLIPSE('',#3943,0.564723972864,0.51);
#3943 = AXIS2_PLACEMENT_3D('',#3944,#3945,#3946);
#3944 = CARTESIAN_POINT('',(0.,0.,4.475));
#3945 = DIRECTION('',(-0.426237605379,5.233539721673E-02,-0.903096069064
    ));
#3946 = DIRECTION('',(-0.896364527912,0.110059724969,0.429438575399));
#3947 = ORIENTED_EDGE('',*,*,#3948,.T.);
#3948 = EDGE_CURVE('',#3940,#3949,#3951,.T.);
#3949 = VERTEX_POINT('',#3950);
#3950 = CARTESIAN_POINT('',(0.506198537337,-6.215336513663E-02,
    4.232485741599));
#3951 = ELLIPSE('',#3952,0.564723972864,0.51);
#3952 = AXIS2_PLACEMENT_3D('',#3953,#3954,#3955);
#3953 = CARTESIAN_POINT('',(0.,0.,4.475));
#3954 = DIRECTION('',(-0.426237605379,5.233539721673E-02,-0.903096069064
    ));
#3955 = DIRECTION('',(-0.896364527912,0.110059724969,0.429438575399));
#3956 = ORIENTED_EDGE('',*,*,#3957,.T.);
#3957 = EDGE_CURVE('',#3949,#3958,#3960,.T.);
#3958 = VERTEX_POINT('',#3959);
#3959 = CARTESIAN_POINT('',(0.506198537337,-6.215336513663E-02,
    0.231818181818));
#3960 = B_SPLINE_CURVE_WITH_KNOTS('',1,(#3961,#3962),.UNSPECIFIED.,.F.,
  .F.,(2,2),(-4.232485741599,-0.231818181818),.PIECEWISE_BEZIER_KNOTS.);
#3961 = CARTESIAN_POINT('',(0.506198537337,-6.215336513663E-02,
    4.232485741599));
#3962 = CARTESIAN_POINT('',(0.506198537337,-6.215336513663E-02,
    0.231818181818));
#3963 = ORIENTED_EDGE('',*,*,#3964,.T.);
#3964 = EDGE_CURVE('',#3958,#3958,#3965,.T.);
#3965 = CIRCLE('',#3966,0.51);
#3966 = AXIS2_PLACEMENT_3D('',#3967,#3968,#3969);
#3967 = CARTESIAN_POINT('',(0.,0.,0.231818181818));
#3968 = DIRECTION('',(-0.,0.,1.));
#3969 = DIRECTION('',(0.992546151641,-0.121869343405,0.));
#3970 = ORIENTED_EDGE('',*,*,#3957,.F.);
#3971 = ORIENTED_EDGE('',*,*,#3972,.T.);
#3972 = EDGE_CURVE('',#3949,#3915,#3973,.T.);
#3973 = ELLIPSE('',#3974,0.564723972864,0.51);
#3974 = AXIS2_PLACEMENT_3D('',#3975,#3976,#3977);
#3975 = CARTESIAN_POINT('',(0.,0.,4.475));
#3976 = DIRECTION('',(-0.426237605379,5.233539721673E-02,-0.903096069064
    ));
#3977 = DIRECTION('',(-0.896364527912,0.110059724969,0.429438575399));
#3978 = ORIENTED_EDGE('',*,*,#3923,.T.);
#3979 = ORIENTED_EDGE('',*,*,#3601,.T.);
#3980 = ORIENTED_EDGE('',*,*,#3838,.F.);
#3981 = ORIENTED_EDGE('',*,*,#3982,.T.);
#3982 = EDGE_CURVE('',#3839,#3938,#3983,.T.);
#3983 = ELLIPSE('',#3984,0.564723972864,0.51);
#3984 = AXIS2_PLACEMENT_3D('',#3985,#3986,#3987);
#3985 = CARTESIAN_POINT('',(0.,0.,4.475));
#3986 = DIRECTION('',(-0.426237605379,5.233539721673E-02,-0.903096069064
    ));
#3987 = DIRECTION('',(-0.896364527912,0.110059724969,0.429438575399));
#3988 = CYLINDRICAL_SURFACE('',#3989,0.51);
#3989 = AXIS2_PLACEMENT_3D('',#3990,#3991,#3992);
#3990 = CARTESIAN_POINT('',(0.,0.,0.));
#3991 = DIRECTION('',(-0.,0.,-1.));
#3992 = DIRECTION('',(0.992546151641,-0.121869343405,-0.));
#3993 = ADVANCED_FACE('',(#3994),#4089,.T.);
#3994 = FACE_BOUND('',#3995,.T.);
#3995 = EDGE_LOOP('',(#3996,#3997,#3998,#4006,#4015,#4024,#4045,#4053,
    #4074,#4083));
#3996 = ORIENTED_EDGE('',*,*,#3726,.T.);
#3997 = ORIENTED_EDGE('',*,*,#3820,.T.);
#3998 = ORIENTED_EDGE('',*,*,#3999,.F.);
#3999 = EDGE_CURVE('',#4000,#3736,#4002,.T.);
#4000 = VERTEX_POINT('',#4001);
#4001 = CARTESIAN_POINT('',(4.702885406967,-1.28,4.269028003579));
#4002 = LINE('',#4003,#4004);
#4003 = CARTESIAN_POINT('',(4.702885406967,-1.28,-1.642146637881E-49));
#4004 = VECTOR('',#4005,1.);
#4005 = DIRECTION('',(0.,0.,-1.));
#4006 = ORIENTED_EDGE('',*,*,#4007,.F.);
#4007 = EDGE_CURVE('',#4008,#4000,#4010,.T.);
#4008 = VERTEX_POINT('',#4009);
#4009 = CARTESIAN_POINT('',(2.493809143048,-1.28,5.954135940798));
#4010 = ELLIPSE('',#4011,5.395239196577,0.51);
#4011 = AXIS2_PLACEMENT_3D('',#4012,#4013,#4014);
#4012 = CARTESIAN_POINT('',(2.493809143048,-1.28,6.611650199198));
#4013 = DIRECTION('',(-9.542518328991E-34,-1.,5.986992950607E-49));
#4014 = DIRECTION('',(0.773329809563,-7.379513882112E-34,-0.634003947654
    ));
#4015 = ORIENTED_EDGE('',*,*,#4016,.F.);
#4016 = EDGE_CURVE('',#4017,#4008,#4019,.T.);
#4017 = VERTEX_POINT('',#4018);
#4018 = CARTESIAN_POINT('',(2.427030549869,-1.28,6.008154065665));
#4019 = ELLIPSE('',#4020,5.395239196577,0.51);
#4020 = AXIS2_PLACEMENT_3D('',#4021,#4022,#4023);
#4021 = CARTESIAN_POINT('',(2.493809143048,-1.28,6.611650199198));
#4022 = DIRECTION('',(-9.542518328991E-34,-1.,5.986992950607E-49));
#4023 = DIRECTION('',(0.773329809563,-7.379513882112E-34,-0.634003947654
    ));
#4024 = ORIENTED_EDGE('',*,*,#4025,.T.);
#4025 = EDGE_CURVE('',#4017,#4026,#4028,.T.);
#4026 = VERTEX_POINT('',#4027);
#4027 = CARTESIAN_POINT('',(2.393414985471,-1.28,6.334437464152));
#4028 = B_SPLINE_CURVE_WITH_KNOTS('',8,(#4029,#4030,#4031,#4032,#4033,
    #4034,#4035,#4036,#4037,#4038,#4039,#4040,#4041,#4042,#4043,#4044),
  .UNSPECIFIED.,.F.,.F.,(9,7,9),(0.,0.192148006028,1.),.UNSPECIFIED.);
#4029 = CARTESIAN_POINT('',(2.427030549869,-1.28,6.008154065665));
#4030 = CARTESIAN_POINT('',(2.420211398092,-1.28,6.013678722861));
#4031 = CARTESIAN_POINT('',(2.413631590694,-1.28,6.01949670164));
#4032 = CARTESIAN_POINT('',(2.407306015692,-1.28,6.025595874314));
#4033 = CARTESIAN_POINT('',(2.401248714113,-1.28,6.031963336731));
#4034 = CARTESIAN_POINT('',(2.39547287999,-1.28,6.038585408275));
#4035 = CARTESIAN_POINT('',(2.389990860364,-1.28,6.045447631867));
#4036 = CARTESIAN_POINT('',(2.384814155284,-1.28,6.052534773965));
#4037 = CARTESIAN_POINT('',(2.359517314707,-1.28,6.090505766994));
#4038 = CARTESIAN_POINT('',(2.344664643192,-1.28,6.124875652551));
#4039 = CARTESIAN_POINT('',(2.336182336606,-1.28,6.16175664326));
#4040 = CARTESIAN_POINT('',(2.334550057061,-1.28,6.199767588366));
#4041 = CARTESIAN_POINT('',(2.339886668045,-1.28,6.237432712709));
#4042 = CARTESIAN_POINT('',(2.351939976571,-1.28,6.273285885524));
#4043 = CARTESIAN_POINT('',(2.370087891742,-1.28,6.305984107184));
#4044 = CARTESIAN_POINT('',(2.393414985471,-1.28,6.334437464152));
#4045 = ORIENTED_EDGE('',*,*,#4046,.F.);
#4046 = EDGE_CURVE('',#4047,#4026,#4049,.T.);
#4047 = VERTEX_POINT('',#4048);
#4048 = CARTESIAN_POINT('',(2.745955624314,-1.28,6.764450851464));
#4049 = LINE('',#4050,#4051);
#4050 = CARTESIAN_POINT('',(2.565865205505,-1.28,6.544784570525));
#4051 = VECTOR('',#4052,1.);
#4052 = DIRECTION('',(-0.634003947654,6.049994291146E-34,-0.773329809563
    ));
#4053 = ORIENTED_EDGE('',*,*,#4054,.F.);
#4054 = EDGE_CURVE('',#4055,#4047,#4057,.T.);
#4055 = VERTEX_POINT('',#4056);
#4056 = CARTESIAN_POINT('',(3.072496580982,-1.28,6.795464814703));
#4057 = B_SPLINE_CURVE_WITH_KNOTS('',8,(#4058,#4059,#4060,#4061,#4062,
    #4063,#4064,#4065,#4066,#4067,#4068,#4069,#4070,#4071,#4072,#4073),
  .UNSPECIFIED.,.F.,.F.,(9,7,9),(0.,0.192148006028,1.),.UNSPECIFIED.);
#4058 = CARTESIAN_POINT('',(3.072496580982,-1.28,6.795464814703));
#4059 = CARTESIAN_POINT('',(3.065742081186,-1.28,6.801068331508));
#4060 = CARTESIAN_POINT('',(3.05874688384,-1.28,6.806379636109));
#4061 = CARTESIAN_POINT('',(3.051525800427,-1.28,6.811386507462));
#4062 = CARTESIAN_POINT('',(3.044094237743,-1.28,6.816077707322));
#4063 = CARTESIAN_POINT('',(3.0364681979,-1.28,6.820442980241));
#4064 = CARTESIAN_POINT('',(3.028664278322,-1.28,6.82447305357));
#4065 = CARTESIAN_POINT('',(3.02069967175,-1.28,6.828159637457));
#4066 = CARTESIAN_POINT('',(2.978505606466,-1.28,6.845520147517));
#4067 = CARTESIAN_POINT('',(2.941890616714,-1.28,6.853345325458));
#4068 = CARTESIAN_POINT('',(2.904062354963,-1.28,6.854431425609));
#4069 = CARTESIAN_POINT('',(2.866469212669,-1.28,6.848578910174));
#4070 = CARTESIAN_POINT('',(2.83058162421,-1.28,6.835960590033));
#4071 = CARTESIAN_POINT('',(2.797787810773,-1.28,6.817111238652));
#4072 = CARTESIAN_POINT('',(2.769282723751,-1.28,6.792904203752));
#4073 = CARTESIAN_POINT('',(2.745955624314,-1.28,6.764450851464));
#4074 = ORIENTED_EDGE('',*,*,#4075,.F.);
#4075 = EDGE_CURVE('',#4076,#4055,#4078,.T.);
#4076 = VERTEX_POINT('',#4077);
#4077 = CARTESIAN_POINT('',(5.497114593033,-1.28,4.643883301911));
#4078 = ELLIPSE('',#4079,5.395239196577,0.51);
#4079 = AXIS2_PLACEMENT_3D('',#4080,#4081,#4082);
#4080 = CARTESIAN_POINT('',(2.493809143048,-1.28,6.611650199198));
#4081 = DIRECTION('',(-9.542518328991E-34,-1.,5.986992950607E-49));
#4082 = DIRECTION('',(0.773329809563,-7.379513882112E-34,-0.634003947654
    ));
#4083 = ORIENTED_EDGE('',*,*,#4084,.T.);
#4084 = EDGE_CURVE('',#4076,#3727,#4085,.T.);
#4085 = LINE('',#4086,#4087);
#4086 = CARTESIAN_POINT('',(5.497114593033,-1.28,-1.642146637881E-49));
#4087 = VECTOR('',#4088,1.);
#4088 = DIRECTION('',(0.,0.,-1.));
#4089 = PLANE('',#4090);
#4090 = AXIS2_PLACEMENT_3D('',#4091,#4092,#4093);
#4091 = CARTESIAN_POINT('',(2.55,-1.28,6.55));
#4092 = DIRECTION('',(-9.542518328991E-34,-1.,5.131708243377E-49));
#4093 = DIRECTION('',(-1.,9.542518328991E-34,0.));
#4094 = ADVANCED_FACE('',(#4095),#4149,.T.);
#4095 = FACE_BOUND('',#4096,.T.);
#4096 = EDGE_LOOP('',(#4097,#4108,#4117,#4124,#4131,#4132,#4139,#4140,
    #4141,#4142));
#4097 = ORIENTED_EDGE('',*,*,#4098,.T.);
#4098 = EDGE_CURVE('',#4099,#4101,#4103,.T.);
#4099 = VERTEX_POINT('',#4100);
#4100 = CARTESIAN_POINT('',(5.606198537337,-1.662153365137,
    4.717514258401));
#4101 = VERTEX_POINT('',#4102);
#4102 = CARTESIAN_POINT('',(5.037846634863,-2.106198537337,4.475));
#4103 = ELLIPSE('',#4104,0.564723972864,0.51);
#4104 = AXIS2_PLACEMENT_3D('',#4105,#4106,#4107);
#4105 = CARTESIAN_POINT('',(5.1,-1.6,4.475));
#4106 = DIRECTION('',(0.426237605379,-5.233539721673E-02,-0.903096069064
    ));
#4107 = DIRECTION('',(0.896364527912,-0.110059724969,0.429438575399));
#4108 = ORIENTED_EDGE('',*,*,#4109,.T.);
#4109 = EDGE_CURVE('',#4101,#4110,#4112,.T.);
#4110 = VERTEX_POINT('',#4111);
#4111 = CARTESIAN_POINT('',(4.593801462663,-1.537846634863,
    4.232485741599));
#4112 = ELLIPSE('',#4113,0.564723972864,0.51);
#4113 = AXIS2_PLACEMENT_3D('',#4114,#4115,#4116);
#4114 = CARTESIAN_POINT('',(5.1,-1.6,4.475));
#4115 = DIRECTION('',(0.426237605379,-5.233539721673E-02,-0.903096069064
    ));
#4116 = DIRECTION('',(0.896364527912,-0.110059724969,0.429438575399));
#4117 = ORIENTED_EDGE('',*,*,#4118,.T.);
#4118 = EDGE_CURVE('',#4110,#4119,#4121,.T.);
#4119 = VERTEX_POINT('',#4120);
#4120 = CARTESIAN_POINT('',(4.593801462663,-1.537846634863,
    0.231818181818));
#4121 = B_SPLINE_CURVE_WITH_KNOTS('',1,(#4122,#4123),.UNSPECIFIED.,.F.,
  .F.,(2,2),(-4.232485741599,-0.231818181818),.PIECEWISE_BEZIER_KNOTS.);
#4122 = CARTESIAN_POINT('',(4.593801462663,-1.537846634863,
    4.232485741599));
#4123 = CARTESIAN_POINT('',(4.593801462663,-1.537846634863,
    0.231818181818));
#4124 = ORIENTED_EDGE('',*,*,#4125,.T.);
#4125 = EDGE_CURVE('',#4119,#4119,#4126,.T.);
#4126 = CIRCLE('',#4127,0.51);
#4127 = AXIS2_PLACEMENT_3D('',#4128,#4129,#4130);
#4128 = CARTESIAN_POINT('',(5.1,-1.6,0.231818181818));
#4129 = DIRECTION('',(0.,0.,1.));
#4130 = DIRECTION('',(-0.992546151641,0.121869343405,0.));
#4131 = ORIENTED_EDGE('',*,*,#4118,.F.);
#4132 = ORIENTED_EDGE('',*,*,#4133,.T.);
#4133 = EDGE_CURVE('',#4110,#4000,#4134,.T.);
#4134 = ELLIPSE('',#4135,0.564723972864,0.51);
#4135 = AXIS2_PLACEMENT_3D('',#4136,#4137,#4138);
#4136 = CARTESIAN_POINT('',(5.1,-1.6,4.475));
#4137 = DIRECTION('',(0.426237605379,-5.233539721673E-02,-0.903096069064
    ));
#4138 = DIRECTION('',(0.896364527912,-0.110059724969,0.429438575399));
#4139 = ORIENTED_EDGE('',*,*,#3999,.T.);
#4140 = ORIENTED_EDGE('',*,*,#3735,.F.);
#4141 = ORIENTED_EDGE('',*,*,#4084,.F.);
#4142 = ORIENTED_EDGE('',*,*,#4143,.T.);
#4143 = EDGE_CURVE('',#4076,#4099,#4144,.T.);
#4144 = ELLIPSE('',#4145,0.564723972864,0.51);
#4145 = AXIS2_PLACEMENT_3D('',#4146,#4147,#4148);
#4146 = CARTESIAN_POINT('',(5.1,-1.6,4.475));
#4147 = DIRECTION('',(0.426237605379,-5.233539721673E-02,-0.903096069064
    ));
#4148 = DIRECTION('',(0.896364527912,-0.110059724969,0.429438575399));
#4149 = CYLINDRICAL_SURFACE('',#4150,0.51);
#4150 = AXIS2_PLACEMENT_3D('',#4151,#4152,#4153);
#4151 = CARTESIAN_POINT('',(5.1,-1.6,0.));
#4152 = DIRECTION('',(0.,0.,-1.));
#4153 = DIRECTION('',(-0.992546151641,0.121869343405,0.));
#4154 = ADVANCED_FACE('',(#4155),#4171,.T.);
#4155 = FACE_BOUND('',#4156,.T.);
#4156 = EDGE_LOOP('',(#4157,#4158,#4159,#4160,#4167,#4168,#4169,#4170));
#4157 = ORIENTED_EDGE('',*,*,#3937,.F.);
#4158 = ORIENTED_EDGE('',*,*,#3982,.F.);
#4159 = ORIENTED_EDGE('',*,*,#3846,.F.);
#4160 = ORIENTED_EDGE('',*,*,#4161,.F.);
#4161 = EDGE_CURVE('',#3885,#3847,#4162,.T.);
#4162 = CIRCLE('',#4163,0.51);
#4163 = AXIS2_PLACEMENT_3D('',#4164,#4165,#4166);
#4164 = CARTESIAN_POINT('',(2.352523515766,-0.288853566897,
    6.403684472655));
#4165 = DIRECTION('',(0.76986701181,-9.452778299868E-02,0.631165019918)
  );
#4166 = DIRECTION('',(0.62646041157,-7.691966655766E-02,-0.775648578695)
  );
#4167 = ORIENTED_EDGE('',*,*,#3905,.F.);
#4168 = ORIENTED_EDGE('',*,*,#3914,.F.);
#4169 = ORIENTED_EDGE('',*,*,#3972,.F.);
#4170 = ORIENTED_EDGE('',*,*,#3948,.F.);
#4171 = CYLINDRICAL_SURFACE('',#4172,0.51);
#4172 = AXIS2_PLACEMENT_3D('',#4173,#4174,#4175);
#4173 = CARTESIAN_POINT('',(0.,0.,4.475));
#4174 = DIRECTION('',(-0.76986701181,9.452778299868E-02,-0.631165019918)
  );
#4175 = DIRECTION('',(0.62646041157,-7.691966655766E-02,-0.775648578695)
  );
#4176 = ADVANCED_FACE('',(#4177),#4189,.T.);
#4177 = FACE_BOUND('',#4178,.T.);
#4178 = EDGE_LOOP('',(#4179,#4180,#4181,#4182));
#4179 = ORIENTED_EDGE('',*,*,#3884,.F.);
#4180 = ORIENTED_EDGE('',*,*,#4161,.T.);
#4181 = ORIENTED_EDGE('',*,*,#3855,.T.);
#4182 = ORIENTED_EDGE('',*,*,#4183,.F.);
#4183 = EDGE_CURVE('',#3877,#3856,#4184,.T.);
#4184 = CIRCLE('',#4185,0.278181818182);
#4185 = AXIS2_PLACEMENT_3D('',#4186,#4187,#4188);
#4186 = CARTESIAN_POINT('',(2.530992686685,-0.310766825683,6.55));
#4187 = DIRECTION('',(0.76986701181,-9.452778299868E-02,0.631165019918)
  );
#4188 = DIRECTION('',(0.62646041157,-7.691966655766E-02,-0.775648578695)
  );
#4189 = TOROIDAL_SURFACE('',#4190,0.278181818182,0.231818181818);
#4190 = AXIS2_PLACEMENT_3D('',#4191,#4192,#4193);
#4191 = CARTESIAN_POINT('',(2.352523515766,-0.288853566897,
    6.403684472655));
#4192 = DIRECTION('',(0.76986701181,-9.452778299868E-02,0.631165019918)
  );
#4193 = DIRECTION('',(0.62646041157,-7.691966655766E-02,-0.775648578695)
  );
#4194 = ADVANCED_FACE('',(#4195),#4199,.T.);
#4195 = FACE_BOUND('',#4196,.T.);
#4196 = EDGE_LOOP('',(#4197,#4198));
#4197 = ORIENTED_EDGE('',*,*,#3876,.F.);
#4198 = ORIENTED_EDGE('',*,*,#4183,.T.);
#4199 = PLANE('',#4200);
#4200 = AXIS2_PLACEMENT_3D('',#4201,#4202,#4203);
#4201 = CARTESIAN_POINT('',(2.530992686685,-0.310766825683,6.55));
#4202 = DIRECTION('',(0.76986701181,-9.452778299868E-02,0.631165019918)
  );
#4203 = DIRECTION('',(0.121869343405,0.992546151641,2.607636329088E-14)
  );
#4204 = ADVANCED_FACE('',(#4205),#4225,.T.);
#4205 = FACE_BOUND('',#4206,.T.);
#4206 = EDGE_LOOP('',(#4207,#4216,#4223,#4224));
#4207 = ORIENTED_EDGE('',*,*,#4208,.T.);
#4208 = EDGE_CURVE('',#4209,#4209,#4211,.T.);
#4209 = VERTEX_POINT('',#4210);
#4210 = CARTESIAN_POINT('',(0.276108293093,-3.390183552907E-02,0.));
#4211 = CIRCLE('',#4212,0.278181818182);
#4212 = AXIS2_PLACEMENT_3D('',#4213,#4214,#4215);
#4213 = CARTESIAN_POINT('',(0.,0.,0.));
#4214 = DIRECTION('',(-0.,0.,1.));
#4215 = DIRECTION('',(0.992546151641,-0.121869343405,0.));
#4216 = ORIENTED_EDGE('',*,*,#4217,.F.);
#4217 = EDGE_CURVE('',#3958,#4209,#4218,.T.);
#4218 = CIRCLE('',#4219,0.231818181818);
#4219 = AXIS2_PLACEMENT_3D('',#4220,#4221,#4222);
#4220 = CARTESIAN_POINT('',(0.276108293093,-3.390183552907E-02,
    0.231818181818));
#4221 = DIRECTION('',(0.121869343405,0.992546151641,0.));
#4222 = DIRECTION('',(0.992546151641,-0.121869343405,0.));
#4223 = ORIENTED_EDGE('',*,*,#3964,.F.);
#4224 = ORIENTED_EDGE('',*,*,#4217,.T.);
#4225 = TOROIDAL_SURFACE('',#4226,0.278181818182,0.231818181818);
#4226 = AXIS2_PLACEMENT_3D('',#4227,#4228,#4229);
#4227 = CARTESIAN_POINT('',(0.,0.,0.231818181818));
#4228 = DIRECTION('',(-0.,0.,-1.));
#4229 = DIRECTION('',(0.992546151641,-0.121869343405,-0.));
#4230 = ADVANCED_FACE('',(#4231),#4250,.T.);
#4231 = FACE_BOUND('',#4232,.T.);
#4232 = EDGE_LOOP('',(#4233,#4234,#4241,#4242,#4247,#4248,#4249));
#4233 = ORIENTED_EDGE('',*,*,#4075,.T.);
#4234 = ORIENTED_EDGE('',*,*,#4235,.F.);
#4235 = EDGE_CURVE('',#4017,#4055,#4236,.T.);
#4236 = CIRCLE('',#4237,0.51);
#4237 = AXIS2_PLACEMENT_3D('',#4238,#4239,#4240);
#4238 = CARTESIAN_POINT('',(2.747476484234,-1.311146433103,
    6.403684472655));
#4239 = DIRECTION('',(-0.76986701181,9.452778299868E-02,0.631165019918)
  );
#4240 = DIRECTION('',(-0.62646041157,7.691966655766E-02,-0.775648578695)
  );
#4241 = ORIENTED_EDGE('',*,*,#4016,.T.);
#4242 = ORIENTED_EDGE('',*,*,#4243,.T.);
#4243 = EDGE_CURVE('',#4008,#4110,#4244,.T.);
#4244 = B_SPLINE_CURVE_WITH_KNOTS('',1,(#4245,#4246),.UNSPECIFIED.,.F.,
  .F.,(2,2),(-3.055753110184,-0.242514258401),.PIECEWISE_BEZIER_KNOTS.);
#4245 = CARTESIAN_POINT('',(2.427981674333,-1.271917403158,
    6.008103697521));
#4246 = CARTESIAN_POINT('',(4.593801462663,-1.537846634863,
    4.232485741599));
#4247 = ORIENTED_EDGE('',*,*,#4109,.F.);
#4248 = ORIENTED_EDGE('',*,*,#4098,.F.);
#4249 = ORIENTED_EDGE('',*,*,#4143,.F.);
#4250 = CYLINDRICAL_SURFACE('',#4251,0.51);
#4251 = AXIS2_PLACEMENT_3D('',#4252,#4253,#4254);
#4252 = CARTESIAN_POINT('',(5.1,-1.6,4.475));
#4253 = DIRECTION('',(0.76986701181,-9.452778299868E-02,-0.631165019918)
  );
#4254 = DIRECTION('',(-0.62646041157,7.691966655766E-02,-0.775648578695)
  );
#4255 = ADVANCED_FACE('',(#4256),#4268,.T.);
#4256 = FACE_BOUND('',#4257,.T.);
#4257 = EDGE_LOOP('',(#4258,#4259,#4260,#4261));
#4258 = ORIENTED_EDGE('',*,*,#4025,.F.);
#4259 = ORIENTED_EDGE('',*,*,#4235,.T.);
#4260 = ORIENTED_EDGE('',*,*,#4054,.T.);
#4261 = ORIENTED_EDGE('',*,*,#4262,.F.);
#4262 = EDGE_CURVE('',#4026,#4047,#4263,.T.);
#4263 = CIRCLE('',#4264,0.278181818182);
#4264 = AXIS2_PLACEMENT_3D('',#4265,#4266,#4267);
#4265 = CARTESIAN_POINT('',(2.569007313315,-1.289233174317,6.55));
#4266 = DIRECTION('',(-0.76986701181,9.452778299868E-02,0.631165019918)
  );
#4267 = DIRECTION('',(-0.62646041157,7.691966655766E-02,-0.775648578695)
  );
#4268 = TOROIDAL_SURFACE('',#4269,0.278181818182,0.231818181818);
#4269 = AXIS2_PLACEMENT_3D('',#4270,#4271,#4272);
#4270 = CARTESIAN_POINT('',(2.747476484234,-1.311146433103,
    6.403684472655));
#4271 = DIRECTION('',(-0.76986701181,9.452778299868E-02,0.631165019918)
  );
#4272 = DIRECTION('',(-0.62646041157,7.691966655766E-02,-0.775648578695)
  );
#4273 = ADVANCED_FACE('',(#4274),#4278,.T.);
#4274 = FACE_BOUND('',#4275,.T.);
#4275 = EDGE_LOOP('',(#4276,#4277));
#4276 = ORIENTED_EDGE('',*,*,#4046,.T.);
#4277 = ORIENTED_EDGE('',*,*,#4262,.T.);
#4278 = PLANE('',#4279);
#4279 = AXIS2_PLACEMENT_3D('',#4280,#4281,#4282);
#4280 = CARTESIAN_POINT('',(2.569007313315,-1.289233174317,6.55));
#4281 = DIRECTION('',(-0.76986701181,9.452778299868E-02,0.631165019918)
  );
#4282 = DIRECTION('',(-0.121869343405,-0.992546151641,2.607636329088E-14
    ));
#4283 = ADVANCED_FACE('',(#4284),#4289,.T.);
#4284 = FACE_BOUND('',#4285,.T.);
#4285 = EDGE_LOOP('',(#4286,#4287,#4288));
#4286 = ORIENTED_EDGE('',*,*,#4007,.T.);
#4287 = ORIENTED_EDGE('',*,*,#4133,.F.);
#4288 = ORIENTED_EDGE('',*,*,#4243,.F.);
#4289 = CYLINDRICAL_SURFACE('',#4290,0.51);
#4290 = AXIS2_PLACEMENT_3D('',#4291,#4292,#4293);
#4291 = CARTESIAN_POINT('',(5.1,-1.6,4.475));
#4292 = DIRECTION('',(0.76986701181,-9.452778299868E-02,-0.631165019918)
  );
#4293 = DIRECTION('',(-0.62646041157,7.691966655766E-02,-0.775648578695)
  );
#4294 = ADVANCED_FACE('',(#4295),#4315,.T.);
#4295 = FACE_BOUND('',#4296,.T.);
#4296 = EDGE_LOOP('',(#4297,#4306,#4313,#4314));
#4297 = ORIENTED_EDGE('',*,*,#4298,.T.);
#4298 = EDGE_CURVE('',#4299,#4299,#4301,.T.);
#4299 = VERTEX_POINT('',#4300);
#4300 = CARTESIAN_POINT('',(4.823891706907,-1.566098164471,0.));
#4301 = CIRCLE('',#4302,0.278181818182);
#4302 = AXIS2_PLACEMENT_3D('',#4303,#4304,#4305);
#4303 = CARTESIAN_POINT('',(5.1,-1.6,0.));
#4304 = DIRECTION('',(0.,0.,1.));
#4305 = DIRECTION('',(-0.992546151641,0.121869343405,0.));
#4306 = ORIENTED_EDGE('',*,*,#4307,.F.);
#4307 = EDGE_CURVE('',#4119,#4299,#4308,.T.);
#4308 = CIRCLE('',#4309,0.231818181818);
#4309 = AXIS2_PLACEMENT_3D('',#4310,#4311,#4312);
#4310 = CARTESIAN_POINT('',(4.823891706907,-1.566098164471,
    0.231818181818));
#4311 = DIRECTION('',(-0.121869343405,-0.992546151641,0.));
#4312 = DIRECTION('',(-0.992546151641,0.121869343405,0.));
#4313 = ORIENTED_EDGE('',*,*,#4125,.F.);
#4314 = ORIENTED_EDGE('',*,*,#4307,.T.);
#4315 = TOROIDAL_SURFACE('',#4316,0.278181818182,0.231818181818);
#4316 = AXIS2_PLACEMENT_3D('',#4317,#4318,#4319);
#4317 = CARTESIAN_POINT('',(5.1,-1.6,0.231818181818));
#4318 = DIRECTION('',(0.,0.,-1.));
#4319 = DIRECTION('',(-0.992546151641,0.121869343405,0.));
#4320 = ADVANCED_FACE('',(#4321,#4324),#4335,.F.);
#4321 = FACE_BOUND('',#4322,.F.);
#4322 = EDGE_LOOP('',(#4323));
#4323 = ORIENTED_EDGE('',*,*,#4208,.T.);
#4324 = FACE_BOUND('',#4325,.F.);
#4325 = EDGE_LOOP('',(#4326));
#4326 = ORIENTED_EDGE('',*,*,#4327,.F.);
#4327 = EDGE_CURVE('',#4328,#4328,#4330,.T.);
#4328 = VERTEX_POINT('',#4329);
#4329 = CARTESIAN_POINT('',(0.255,0.,0.));
#4330 = CIRCLE('',#4331,0.255);
#4331 = AXIS2_PLACEMENT_3D('',#4332,#4333,#4334);
#4332 = CARTESIAN_POINT('',(0.,0.,0.));
#4333 = DIRECTION('',(0.,0.,1.));
#4334 = DIRECTION('',(1.,0.,-0.));
#4335 = PLANE('',#4336);
#4336 = AXIS2_PLACEMENT_3D('',#4337,#4338,#4339);
#4337 = CARTESIAN_POINT('',(-7.827112432334E-18,2.219493908141E-17,0.));
#4338 = DIRECTION('',(0.,0.,1.));
#4339 = DIRECTION('',(0.992546151641,-0.121869343405,0.));
#4340 = ADVANCED_FACE('',(#4341,#4344),#4355,.F.);
#4341 = FACE_BOUND('',#4342,.F.);
#4342 = EDGE_LOOP('',(#4343));
#4343 = ORIENTED_EDGE('',*,*,#4298,.T.);
#4344 = FACE_BOUND('',#4345,.F.);
#4345 = EDGE_LOOP('',(#4346));
#4346 = ORIENTED_EDGE('',*,*,#4347,.F.);
#4347 = EDGE_CURVE('',#4348,#4348,#4350,.T.);
#4348 = VERTEX_POINT('',#4349);
#4349 = CARTESIAN_POINT('',(5.355,-1.6,0.));
#4350 = CIRCLE('',#4351,0.255);
#4351 = AXIS2_PLACEMENT_3D('',#4352,#4353,#4354);
#4352 = CARTESIAN_POINT('',(5.1,-1.6,0.));
#4353 = DIRECTION('',(0.,0.,1.));
#4354 = DIRECTION('',(1.,0.,-0.));
#4355 = PLANE('',#4356);
#4356 = AXIS2_PLACEMENT_3D('',#4357,#4358,#4359);
#4357 = CARTESIAN_POINT('',(5.1,-1.6,0.));
#4358 = DIRECTION('',(0.,0.,1.));
#4359 = DIRECTION('',(-0.992546151641,0.121869343405,0.));
#4360 = ADVANCED_FACE('',(#4361),#4380,.T.);
#4361 = FACE_BOUND('',#4362,.T.);
#4362 = EDGE_LOOP('',(#4363,#4372,#4378,#4379));
#4363 = ORIENTED_EDGE('',*,*,#4364,.T.);
#4364 = EDGE_CURVE('',#4365,#4365,#4367,.T.);
#4365 = VERTEX_POINT('',#4366);
#4366 = CARTESIAN_POINT('',(0.255,0.,-2.268181818182));
#4367 = CIRCLE('',#4368,0.255);
#4368 = AXIS2_PLACEMENT_3D('',#4369,#4370,#4371);
#4369 = CARTESIAN_POINT('',(0.,0.,-2.268181818182));
#4370 = DIRECTION('',(0.,0.,1.));
#4371 = DIRECTION('',(1.,0.,-0.));
#4372 = ORIENTED_EDGE('',*,*,#4373,.F.);
#4373 = EDGE_CURVE('',#4328,#4365,#4374,.T.);
#4374 = LINE('',#4375,#4376);
#4375 = CARTESIAN_POINT('',(0.255,0.,0.));
#4376 = VECTOR('',#4377,1.);
#4377 = DIRECTION('',(-0.,-0.,-1.));
#4378 = ORIENTED_EDGE('',*,*,#4327,.F.);
#4379 = ORIENTED_EDGE('',*,*,#4373,.T.);
#4380 = CYLINDRICAL_SURFACE('',#4381,0.255);
#4381 = AXIS2_PLACEMENT_3D('',#4382,#4383,#4384);
#4382 = CARTESIAN_POINT('',(0.,0.,0.));
#4383 = DIRECTION('',(0.,0.,1.));
#4384 = DIRECTION('',(1.,0.,-0.));
#4385 = ADVANCED_FACE('',(#4386),#4405,.T.);
#4386 = FACE_BOUND('',#4387,.T.);
#4387 = EDGE_LOOP('',(#4388,#4397,#4403,#4404));
#4388 = ORIENTED_EDGE('',*,*,#4389,.T.);
#4389 = EDGE_CURVE('',#4390,#4390,#4392,.T.);
#4390 = VERTEX_POINT('',#4391);
#4391 = CARTESIAN_POINT('',(5.355,-1.6,-2.268181818182));
#4392 = CIRCLE('',#4393,0.255);
#4393 = AXIS2_PLACEMENT_3D('',#4394,#4395,#4396);
#4394 = CARTESIAN_POINT('',(5.1,-1.6,-2.268181818182));
#4395 = DIRECTION('',(0.,0.,1.));
#4396 = DIRECTION('',(1.,0.,-0.));
#4397 = ORIENTED_EDGE('',*,*,#4398,.F.);
#4398 = EDGE_CURVE('',#4348,#4390,#4399,.T.);
#4399 = LINE('',#4400,#4401);
#4400 = CARTESIAN_POINT('',(5.355,-1.6,0.));
#4401 = VECTOR('',#4402,1.);
#4402 = DIRECTION('',(-0.,-0.,-1.));
#4403 = ORIENTED_EDGE('',*,*,#4347,.F.);
#4404 = ORIENTED_EDGE('',*,*,#4398,.T.);
#4405 = CYLINDRICAL_SURFACE('',#4406,0.255);
#4406 = AXIS2_PLACEMENT_3D('',#4407,#4408,#4409);
#4407 = CARTESIAN_POINT('',(5.1,-1.6,0.));
#4408 = DIRECTION('',(0.,0.,1.));
#4409 = DIRECTION('',(1.,0.,-0.));
#4410 = ADVANCED_FACE('',(#4411),#4431,.T.);
#4411 = FACE_BOUND('',#4412,.T.);
#4412 = EDGE_LOOP('',(#4413,#4422,#4429,#4430));
#4413 = ORIENTED_EDGE('',*,*,#4414,.T.);
#4414 = EDGE_CURVE('',#4415,#4415,#4417,.T.);
#4415 = VERTEX_POINT('',#4416);
#4416 = CARTESIAN_POINT('',(2.318181818182E-02,0.,-2.5));
#4417 = CIRCLE('',#4418,2.318181818182E-02);
#4418 = AXIS2_PLACEMENT_3D('',#4419,#4420,#4421);
#4419 = CARTESIAN_POINT('',(0.,0.,-2.5));
#4420 = DIRECTION('',(0.,0.,1.));
#4421 = DIRECTION('',(1.,0.,-0.));
#4422 = ORIENTED_EDGE('',*,*,#4423,.F.);
#4423 = EDGE_CURVE('',#4365,#4415,#4424,.T.);
#4424 = CIRCLE('',#4425,0.231818181818);
#4425 = AXIS2_PLACEMENT_3D('',#4426,#4427,#4428);
#4426 = CARTESIAN_POINT('',(2.318181818182E-02,0.,-2.268181818182));
#4427 = DIRECTION('',(-0.,1.,0.));
#4428 = DIRECTION('',(1.,0.,0.));
#4429 = ORIENTED_EDGE('',*,*,#4364,.F.);
#4430 = ORIENTED_EDGE('',*,*,#4423,.T.);
#4431 = SURFACE_OF_REVOLUTION('',#4432,#4440);
#4432 = B_SPLINE_CURVE_WITH_KNOTS('',6,(#4433,#4434,#4435,#4436,#4437,
    #4438,#4439),.UNSPECIFIED.,.F.,.F.,(7,7),(0.,1.570796326795),
  .PIECEWISE_BEZIER_KNOTS.);
#4433 = CARTESIAN_POINT('',(0.255,0.,-2.268181818182));
#4434 = CARTESIAN_POINT('',(0.255,0.,-2.328871676263));
#4435 = CARTESIAN_POINT('',(0.235938127332,0.,-2.389556370618));
#4436 = CARTESIAN_POINT('',(0.197784989235,0.,-2.442784989235));
#4437 = CARTESIAN_POINT('',(0.144556370618,0.,-2.480938127332));
#4438 = CARTESIAN_POINT('',(8.387167626253E-02,0.,-2.5));
#4439 = CARTESIAN_POINT('',(2.318181818182E-02,0.,-2.5));
#4440 = AXIS1_PLACEMENT('',#4441,#4442);
#4441 = CARTESIAN_POINT('',(0.,0.,-2.268181818182));
#4442 = DIRECTION('',(-0.,-0.,-1.));
#4443 = ADVANCED_FACE('',(#4444),#4464,.T.);
#4444 = FACE_BOUND('',#4445,.T.);
#4445 = EDGE_LOOP('',(#4446,#4455,#4462,#4463));
#4446 = ORIENTED_EDGE('',*,*,#4447,.T.);
#4447 = EDGE_CURVE('',#4448,#4448,#4450,.T.);
#4448 = VERTEX_POINT('',#4449);
#4449 = CARTESIAN_POINT('',(5.123181818182,-1.6,-2.5));
#4450 = CIRCLE('',#4451,2.318181818182E-02);
#4451 = AXIS2_PLACEMENT_3D('',#4452,#4453,#4454);
#4452 = CARTESIAN_POINT('',(5.1,-1.6,-2.5));
#4453 = DIRECTION('',(0.,0.,1.));
#4454 = DIRECTION('',(1.,0.,-0.));
#4455 = ORIENTED_EDGE('',*,*,#4456,.F.);
#4456 = EDGE_CURVE('',#4390,#4448,#4457,.T.);
#4457 = CIRCLE('',#4458,0.231818181818);
#4458 = AXIS2_PLACEMENT_3D('',#4459,#4460,#4461);
#4459 = CARTESIAN_POINT('',(5.123181818182,-1.6,-2.268181818182));
#4460 = DIRECTION('',(-0.,1.,0.));
#4461 = DIRECTION('',(1.,0.,0.));
#4462 = ORIENTED_EDGE('',*,*,#4389,.F.);
#4463 = ORIENTED_EDGE('',*,*,#4456,.T.);
#4464 = SURFACE_OF_REVOLUTION('',#4465,#4473);
#4465 = B_SPLINE_CURVE_WITH_KNOTS('',6,(#4466,#4467,#4468,#4469,#4470,
    #4471,#4472),.UNSPECIFIED.,.F.,.F.,(7,7),(0.,1.570796326795),
  .PIECEWISE_BEZIER_KNOTS.);
#4466 = CARTESIAN_POINT('',(5.355,-1.6,-2.268181818182));
#4467 = CARTESIAN_POINT('',(5.355,-1.6,-2.328871676263));
#4468 = CARTESIAN_POINT('',(5.335938127332,-1.6,-2.389556370618));
#4469 = CARTESIAN_POINT('',(5.297784989235,-1.6,-2.442784989235));
#4470 = CARTESIAN_POINT('',(5.244556370618,-1.6,-2.480938127332));
#4471 = CARTESIAN_POINT('',(5.183871676263,-1.6,-2.5));
#4472 = CARTESIAN_POINT('',(5.123181818182,-1.6,-2.5));
#4473 = AXIS1_PLACEMENT('',#4474,#4475);
#4474 = CARTESIAN_POINT('',(5.1,-1.6,-2.268181818182));
#4475 = DIRECTION('',(-0.,-0.,-1.));
#4476 = ADVANCED_FACE('',(#4477),#4480,.F.);
#4477 = FACE_BOUND('',#4478,.F.);
#4478 = EDGE_LOOP('',(#4479));
#4479 = ORIENTED_EDGE('',*,*,#4414,.T.);
#4480 = PLANE('',#4481);
#4481 = AXIS2_PLACEMENT_3D('',#4482,#4483,#4484);
#4482 = CARTESIAN_POINT('',(-5.236826487973E-18,1.053780815914E-17,-2.5)
  );
#4483 = DIRECTION('',(0.,0.,1.));
#4484 = DIRECTION('',(1.,0.,-0.));
#4485 = ADVANCED_FACE('',(#4486),#4489,.F.);
#4486 = FACE_BOUND('',#4487,.F.);
#4487 = EDGE_LOOP('',(#4488));
#4488 = ORIENTED_EDGE('',*,*,#4447,.T.);
#4489 = PLANE('',#4490);
#4490 = AXIS2_PLACEMENT_3D('',#4491,#4492,#4493);
#4491 = CARTESIAN_POINT('',(5.1,-1.6,-2.5));
#4492 = DIRECTION('',(0.,0.,1.));
#4493 = DIRECTION('',(1.,0.,-0.));
#4494 = ( GEOMETRIC_REPRESENTATION_CONTEXT(3) 
GLOBAL_UNCERTAINTY_ASSIGNED_CONTEXT((#4498)) 
GLOBAL_UNIT_ASSIGNED_CONTEXT((#4495,#4496,#4497)) REPRESENTATION_CONTEXT
('Context #1','3D Context with UNIT and UNCERTAINTY') );
#4495 = ( LENGTH_UNIT() NAMED_UNIT(*) SI_UNIT(.MILLI.,.METRE.) );
#4496 = ( NAMED_UNIT(*) PLANE_ANGLE_UNIT() SI_UNIT($,.RADIAN.) );
#4497 = ( NAMED_UNIT(*) SI_UNIT($,.STERADIAN.) SOLID_ANGLE_UNIT() );
#4498 = UNCERTAINTY_MEASURE_WITH_UNIT(LENGTH_MEASURE(1.E-06),#4495,
  'distance_accuracy_value','confusion accuracy');
#4499 = CONTEXT_DEPENDENT_SHAPE_REPRESENTATION(#4500,#4502);
#4500 = ( REPRESENTATION_RELATIONSHIP('','',#3543,#3520) 
REPRESENTATION_RELATIONSHIP_WITH_TRANSFORMATION(#4501) 
SHAPE_REPRESENTATION_RELATIONSHIP() );
#4501 = ITEM_DEFINED_TRANSFORMATION('','',#11,#3521);
#4502 = PRODUCT_DEFINITION_SHAPE('Placement','Placement of an item',
  #4503);
#4503 = NEXT_ASSEMBLY_USAGE_OCCURRENCE('20','=>[0:1:1:9]','',#3515,#3538
  ,$);
#4504 = PRODUCT_RELATED_PRODUCT_CATEGORY('part',$,(#3540));
#4505 = CONTEXT_DEPENDENT_SHAPE_REPRESENTATION(#4506,#4508);
#4506 = ( REPRESENTATION_RELATIONSHIP('','',#176,#10) 
REPRESENTATION_RELATIONSHIP_WITH_TRANSFORMATION(#4507) 
SHAPE_REPRESENTATION_RELATIONSHIP() );
#4507 = ITEM_DEFINED_TRANSFORMATION('','',#11,#83);
#4508 = PRODUCT_DEFINITION_SHAPE('Placement','Placement of an item',
  #4509);
#4509 = NEXT_ASSEMBLY_USAGE_OCCURRENCE('22','R27','',#5,#171,$);
#4510 = CONTEXT_DEPENDENT_SHAPE_REPRESENTATION(#4511,#4513);
#4511 = ( REPRESENTATION_RELATIONSHIP('','',#176,#10) 
REPRESENTATION_RELATIONSHIP_WITH_TRANSFORMATION(#4512) 
SHAPE_REPRESENTATION_RELATIONSHIP() );
#4512 = ITEM_DEFINED_TRANSFORMATION('','',#11,#87);
#4513 = PRODUCT_DEFINITION_SHAPE('Placement','Placement of an item',
  #4514);
#4514 = NEXT_ASSEMBLY_USAGE_OCCURRENCE('23','R25','',#5,#171,$);
#4515 = CONTEXT_DEPENDENT_SHAPE_REPRESENTATION(#4516,#4518);
#4516 = ( REPRESENTATION_RELATIONSHIP('','',#1013,#10) 
REPRESENTATION_RELATIONSHIP_WITH_TRANSFORMATION(#4517) 
SHAPE_REPRESENTATION_RELATIONSHIP() );
#4517 = ITEM_DEFINED_TRANSFORMATION('','',#11,#91);
#4518 = PRODUCT_DEFINITION_SHAPE('Placement','Placement of an item',
  #4519);
#4519 = NEXT_ASSEMBLY_USAGE_OCCURRENCE('24','Red1','',#5,#1008,$);
#4520 = CONTEXT_DEPENDENT_SHAPE_REPRESENTATION(#4521,#4523);
#4521 = ( REPRESENTATION_RELATIONSHIP('','',#176,#10) 
REPRESENTATION_RELATIONSHIP_WITH_TRANSFORMATION(#4522) 
SHAPE_REPRESENTATION_RELATIONSHIP() );
#4522 = ITEM_DEFINED_TRANSFORMATION('','',#11,#95);
#4523 = PRODUCT_DEFINITION_SHAPE('Placement','Placement of an item',
  #4524);
#4524 = NEXT_ASSEMBLY_USAGE_OCCURRENCE('25','R9','',#5,#171,$);
#4525 = CONTEXT_DEPENDENT_SHAPE_REPRESENTATION(#4526,#4528);
#4526 = ( REPRESENTATION_RELATIONSHIP('','',#176,#10) 
REPRESENTATION_RELATIONSHIP_WITH_TRANSFORMATION(#4527) 
SHAPE_REPRESENTATION_RELATIONSHIP() );
#4527 = ITEM_DEFINED_TRANSFORMATION('','',#11,#99);
#4528 = PRODUCT_DEFINITION_SHAPE('Placement','Placement of an item',
  #4529);
#4529 = NEXT_ASSEMBLY_USAGE_OCCURRENCE('26','R12','',#5,#171,$);
#4530 = CONTEXT_DEPENDENT_SHAPE_REPRESENTATION(#4531,#4533);
#4531 = ( REPRESENTATION_RELATIONSHIP('','',#176,#10) 
REPRESENTATION_RELATIONSHIP_WITH_TRANSFORMATION(#4532) 
SHAPE_REPRESENTATION_RELATIONSHIP() );
#4532 = ITEM_DEFINED_TRANSFORMATION('','',#11,#103);
#4533 = PRODUCT_DEFINITION_SHAPE('Placement','Placement of an item',
  #4534);
#4534 = NEXT_ASSEMBLY_USAGE_OCCURRENCE('27','R8','',#5,#171,$);
#4535 = CONTEXT_DEPENDENT_SHAPE_REPRESENTATION(#4536,#4538);
#4536 = ( REPRESENTATION_RELATIONSHIP('','',#176,#10) 
REPRESENTATION_RELATIONSHIP_WITH_TRANSFORMATION(#4537) 
SHAPE_REPRESENTATION_RELATIONSHIP() );
#4537 = ITEM_DEFINED_TRANSFORMATION('','',#11,#107);
#4538 = PRODUCT_DEFINITION_SHAPE('Placement','Placement of an item',
  #4539);
#4539 = NEXT_ASSEMBLY_USAGE_OCCURRENCE('28','R13','',#5,#171,$);
#4540 = CONTEXT_DEPENDENT_SHAPE_REPRESENTATION(#4541,#4543);
#4541 = ( REPRESENTATION_RELATIONSHIP('','',#176,#10) 
REPRESENTATION_RELATIONSHIP_WITH_TRANSFORMATION(#4542) 
SHAPE_REPRESENTATION_RELATIONSHIP() );
#4542 = ITEM_DEFINED_TRANSFORMATION('','',#11,#111);
#4543 = PRODUCT_DEFINITION_SHAPE('Placement','Placement of an item',
  #4544);
#4544 = NEXT_ASSEMBLY_USAGE_OCCURRENCE('29','R19','',#5,#171,$);
#4545 = CONTEXT_DEPENDENT_SHAPE_REPRESENTATION(#4546,#4548);
#4546 = ( REPRESENTATION_RELATIONSHIP('','',#1760,#10) 
REPRESENTATION_RELATIONSHIP_WITH_TRANSFORMATION(#4547) 
SHAPE_REPRESENTATION_RELATIONSHIP() );
#4547 = ITEM_DEFINED_TRANSFORMATION('','',#11,#115);
#4548 = PRODUCT_DEFINITION_SHAPE('Placement','Placement of an item',
  #4549);
#4549 = NEXT_ASSEMBLY_USAGE_OCCURRENCE('30','SW1','',#5,#1755,$);
#4550 = CONTEXT_DEPENDENT_SHAPE_REPRESENTATION(#4551,#4553);
#4551 = ( REPRESENTATION_RELATIONSHIP('','',#176,#10) 
REPRESENTATION_RELATIONSHIP_WITH_TRANSFORMATION(#4552) 
SHAPE_REPRESENTATION_RELATIONSHIP() );
#4552 = ITEM_DEFINED_TRANSFORMATION('','',#11,#119);
#4553 = PRODUCT_DEFINITION_SHAPE('Placement','Placement of an item',
  #4554);
#4554 = NEXT_ASSEMBLY_USAGE_OCCURRENCE('31','R11','',#5,#171,$);
#4555 = CONTEXT_DEPENDENT_SHAPE_REPRESENTATION(#4556,#4558);
#4556 = ( REPRESENTATION_RELATIONSHIP('','',#176,#10) 
REPRESENTATION_RELATIONSHIP_WITH_TRANSFORMATION(#4557) 
SHAPE_REPRESENTATION_RELATIONSHIP() );
#4557 = ITEM_DEFINED_TRANSFORMATION('','',#11,#123);
#4558 = PRODUCT_DEFINITION_SHAPE('Placement','Placement of an item',
  #4559);
#4559 = NEXT_ASSEMBLY_USAGE_OCCURRENCE('32','R22','',#5,#171,$);
#4560 = CONTEXT_DEPENDENT_SHAPE_REPRESENTATION(#4561,#4563);
#4561 = ( REPRESENTATION_RELATIONSHIP('','',#1760,#10) 
REPRESENTATION_RELATIONSHIP_WITH_TRANSFORMATION(#4562) 
SHAPE_REPRESENTATION_RELATIONSHIP() );
#4562 = ITEM_DEFINED_TRANSFORMATION('','',#11,#127);
#4563 = PRODUCT_DEFINITION_SHAPE('Placement','Placement of an item',
  #4564);
#4564 = NEXT_ASSEMBLY_USAGE_OCCURRENCE('33','SW3','',#5,#1755,$);
#4565 = CONTEXT_DEPENDENT_SHAPE_REPRESENTATION(#4566,#4568);
#4566 = ( REPRESENTATION_RELATIONSHIP('','',#176,#10) 
REPRESENTATION_RELATIONSHIP_WITH_TRANSFORMATION(#4567) 
SHAPE_REPRESENTATION_RELATIONSHIP() );
#4567 = ITEM_DEFINED_TRANSFORMATION('','',#11,#131);
#4568 = PRODUCT_DEFINITION_SHAPE('Placement','Placement of an item',
  #4569);
#4569 = NEXT_ASSEMBLY_USAGE_OCCURRENCE('34','R16','',#5,#171,$);
#4570 = CONTEXT_DEPENDENT_SHAPE_REPRESENTATION(#4571,#4573);
#4571 = ( REPRESENTATION_RELATIONSHIP('','',#176,#10) 
REPRESENTATION_RELATIONSHIP_WITH_TRANSFORMATION(#4572) 
SHAPE_REPRESENTATION_RELATIONSHIP() );
#4572 = ITEM_DEFINED_TRANSFORMATION('','',#11,#135);
#4573 = PRODUCT_DEFINITION_SHAPE('Placement','Placement of an item',
  #4574);
#4574 = NEXT_ASSEMBLY_USAGE_OCCURRENCE('35','R3','',#5,#171,$);
#4575 = CONTEXT_DEPENDENT_SHAPE_REPRESENTATION(#4576,#4578);
#4576 = ( REPRESENTATION_RELATIONSHIP('','',#176,#10) 
REPRESENTATION_RELATIONSHIP_WITH_TRANSFORMATION(#4577) 
SHAPE_REPRESENTATION_RELATIONSHIP() );
#4577 = ITEM_DEFINED_TRANSFORMATION('','',#11,#139);
#4578 = PRODUCT_DEFINITION_SHAPE('Placement','Placement of an item',
  #4579);
#4579 = NEXT_ASSEMBLY_USAGE_OCCURRENCE('36','R15','',#5,#171,$);
#4580 = CONTEXT_DEPENDENT_SHAPE_REPRESENTATION(#4581,#4583);
#4581 = ( REPRESENTATION_RELATIONSHIP('','',#1013,#10) 
REPRESENTATION_RELATIONSHIP_WITH_TRANSFORMATION(#4582) 
SHAPE_REPRESENTATION_RELATIONSHIP() );
#4582 = ITEM_DEFINED_TRANSFORMATION('','',#11,#143);
#4583 = PRODUCT_DEFINITION_SHAPE('Placement','Placement of an item',
  #4584);
#4584 = NEXT_ASSEMBLY_USAGE_OCCURRENCE('37','Green1','',#5,#1008,$);
#4585 = CONTEXT_DEPENDENT_SHAPE_REPRESENTATION(#4586,#4588);
#4586 = ( REPRESENTATION_RELATIONSHIP('','',#176,#10) 
REPRESENTATION_RELATIONSHIP_WITH_TRANSFORMATION(#4587) 
SHAPE_REPRESENTATION_RELATIONSHIP() );
#4587 = ITEM_DEFINED_TRANSFORMATION('','',#11,#147);
#4588 = PRODUCT_DEFINITION_SHAPE('Placement','Placement of an item',
  #4589);
#4589 = NEXT_ASSEMBLY_USAGE_OCCURRENCE('38','R24','',#5,#171,$);
#4590 = CONTEXT_DEPENDENT_SHAPE_REPRESENTATION(#4591,#4593);
#4591 = ( REPRESENTATION_RELATIONSHIP('','',#176,#10) 
REPRESENTATION_RELATIONSHIP_WITH_TRANSFORMATION(#4592) 
SHAPE_REPRESENTATION_RELATIONSHIP() );
#4592 = ITEM_DEFINED_TRANSFORMATION('','',#11,#151);
#4593 = PRODUCT_DEFINITION_SHAPE('Placement','Placement of an item',
  #4594);
#4594 = NEXT_ASSEMBLY_USAGE_OCCURRENCE('39','R28','',#5,#171,$);
#4595 = SHAPE_DEFINITION_REPRESENTATION(#4596,#4602);
#4596 = PRODUCT_DEFINITION_SHAPE('','',#4597);
#4597 = PRODUCT_DEFINITION('design','',#4598,#4601);
#4598 = PRODUCT_DEFINITION_FORMATION('','',#4599);
#4599 = PRODUCT('LED_0805_2012Metric','LED_0805_2012Metric','',(#4600));
#4600 = PRODUCT_CONTEXT('',#2,'mechanical');
#4601 = PRODUCT_DEFINITION_CONTEXT('part definition',#2,'design');
#4602 = SHAPE_REPRESENTATION('',(#11,#4603),#4607);
#4603 = AXIS2_PLACEMENT_3D('',#4604,#4605,#4606);
#4604 = CARTESIAN_POINT('',(0.,0.,0.));
#4605 = DIRECTION('',(0.,0.,1.));
#4606 = DIRECTION('',(1.,0.,-0.));
#4607 = ( GEOMETRIC_REPRESENTATION_CONTEXT(3) 
GLOBAL_UNCERTAINTY_ASSIGNED_CONTEXT((#4611)) 
GLOBAL_UNIT_ASSIGNED_CONTEXT((#4608,#4609,#4610)) REPRESENTATION_CONTEXT
('Context #1','3D Context with UNIT and UNCERTAINTY') );
#4608 = ( LENGTH_UNIT() NAMED_UNIT(*) SI_UNIT(.MILLI.,.METRE.) );
#4609 = ( NAMED_UNIT(*) PLANE_ANGLE_UNIT() SI_UNIT($,.RADIAN.) );
#4610 = ( NAMED_UNIT(*) SI_UNIT($,.STERADIAN.) SOLID_ANGLE_UNIT() );
#4611 = UNCERTAINTY_MEASURE_WITH_UNIT(LENGTH_MEASURE(1.E-07),#4608,
  'distance_accuracy_value','confusion accuracy');
#4612 = CONTEXT_DEPENDENT_SHAPE_REPRESENTATION(#4613,#4615);
#4613 = ( REPRESENTATION_RELATIONSHIP('','',#4602,#10) 
REPRESENTATION_RELATIONSHIP_WITH_TRANSFORMATION(#4614) 
SHAPE_REPRESENTATION_RELATIONSHIP() );
#4614 = ITEM_DEFINED_TRANSFORMATION('','',#11,#155);
#4615 = PRODUCT_DEFINITION_SHAPE('Placement','Placement of an item',
  #4616);
#4616 = NEXT_ASSEMBLY_USAGE_OCCURRENCE('41','Status1','',#5,#4597,$);
#4617 = PRODUCT_RELATED_PRODUCT_CATEGORY('part',$,(#4599));
#4618 = SHAPE_DEFINITION_REPRESENTATION(#4619,#4625);
#4619 = PRODUCT_DEFINITION_SHAPE('','',#4620);
#4620 = PRODUCT_DEFINITION('design','',#4621,#4624);
#4621 = PRODUCT_DEFINITION_FORMATION('','',#4622);
#4622 = PRODUCT('LED_0805_2012Metric','LED_0805_2012Metric','',(#4623));
#4623 = PRODUCT_CONTEXT('',#2,'mechanical');
#4624 = PRODUCT_DEFINITION_CONTEXT('part definition',#2,'design');
#4625 = ADVANCED_BREP_SHAPE_REPRESENTATION('',(#11,#4626),#6149);
#4626 = MANIFOLD_SOLID_BREP('',#4627);
#4627 = CLOSED_SHELL('',(#4628,#4668,#4715,#4794,#4818,#4858,#4889,#4906
    ,#4939,#4963,#5030,#5151,#5218,#5242,#5273,#5306,#5362,#5386,#5410,
    #5434,#5467,#5479,#5542,#5567,#5584,#5608,#5626,#5644,#5662,#5679,
    #5696,#5727,#5752,#5777,#5801,#5818,#5849,#5873,#5890,#5918,#5943,
    #5967,#5992,#6039,#6056,#6068,#6090,#6102,#6120,#6138));
#4628 = ADVANCED_FACE('',(#4629),#4663,.F.);
#4629 = FACE_BOUND('',#4630,.F.);
#4630 = EDGE_LOOP('',(#4631,#4641,#4649,#4657));
#4631 = ORIENTED_EDGE('',*,*,#4632,.T.);
#4632 = EDGE_CURVE('',#4633,#4635,#4637,.T.);
#4633 = VERTEX_POINT('',#4634);
#4634 = CARTESIAN_POINT('',(-0.65,-0.625,0.465));
#4635 = VERTEX_POINT('',#4636);
#4636 = CARTESIAN_POINT('',(-0.585,-0.625,1.1));
#4637 = LINE('',#4638,#4639);
#4638 = CARTESIAN_POINT('',(-0.65,-0.625,0.465));
#4639 = VECTOR('',#4640,1.);
#4640 = DIRECTION('',(0.101830105936,0.,0.994801804142));
#4641 = ORIENTED_EDGE('',*,*,#4642,.T.);
#4642 = EDGE_CURVE('',#4635,#4643,#4645,.T.);
#4643 = VERTEX_POINT('',#4644);
#4644 = CARTESIAN_POINT('',(0.585,-0.625,1.1));
#4645 = LINE('',#4646,#4647);
#4646 = CARTESIAN_POINT('',(-0.585,-0.625,1.1));
#4647 = VECTOR('',#4648,1.);
#4648 = DIRECTION('',(1.,0.,0.));
#4649 = ORIENTED_EDGE('',*,*,#4650,.T.);
#4650 = EDGE_CURVE('',#4643,#4651,#4653,.T.);
#4651 = VERTEX_POINT('',#4652);
#4652 = CARTESIAN_POINT('',(0.65,-0.625,0.465));
#4653 = LINE('',#4654,#4655);
#4654 = CARTESIAN_POINT('',(0.585,-0.625,1.1));
#4655 = VECTOR('',#4656,1.);
#4656 = DIRECTION('',(0.101830105936,0.,-0.994801804142));
#4657 = ORIENTED_EDGE('',*,*,#4658,.T.);
#4658 = EDGE_CURVE('',#4651,#4633,#4659,.T.);
#4659 = LINE('',#4660,#4661);
#4660 = CARTESIAN_POINT('',(0.65,-0.625,0.465));
#4661 = VECTOR('',#4662,1.);
#4662 = DIRECTION('',(-1.,0.,-4.270088556251E-17));
#4663 = PLANE('',#4664);
#4664 = AXIS2_PLACEMENT_3D('',#4665,#4666,#4667);
#4665 = CARTESIAN_POINT('',(1.481626402817E-17,-0.625,0.771483451357));
#4666 = DIRECTION('',(-5.57234551408E-33,1.,3.18580557984E-32));
#4667 = DIRECTION('',(0.,-3.18580557984E-32,1.));
#4668 = ADVANCED_FACE('',(#4669),#4710,.T.);
#4669 = FACE_BOUND('',#4670,.T.);
#4670 = EDGE_LOOP('',(#4671,#4681,#4689,#4695,#4696,#4704));
#4671 = ORIENTED_EDGE('',*,*,#4672,.T.);
#4672 = EDGE_CURVE('',#4673,#4675,#4677,.T.);
#4673 = VERTEX_POINT('',#4674);
#4674 = CARTESIAN_POINT('',(-0.65,0.625,0.465));
#4675 = VERTEX_POINT('',#4676);
#4676 = CARTESIAN_POINT('',(-0.65,0.46875,0.465));
#4677 = LINE('',#4678,#4679);
#4678 = CARTESIAN_POINT('',(-0.65,0.625,0.465));
#4679 = VECTOR('',#4680,1.);
#4680 = DIRECTION('',(0.,-1.,0.));
#4681 = ORIENTED_EDGE('',*,*,#4682,.F.);
#4682 = EDGE_CURVE('',#4683,#4675,#4685,.T.);
#4683 = VERTEX_POINT('',#4684);
#4684 = CARTESIAN_POINT('',(-0.65,-0.46875,0.465));
#4685 = LINE('',#4686,#4687);
#4686 = CARTESIAN_POINT('',(-0.65,-0.625,0.465));
#4687 = VECTOR('',#4688,1.);
#4688 = DIRECTION('',(0.,1.,0.));
#4689 = ORIENTED_EDGE('',*,*,#4690,.T.);
#4690 = EDGE_CURVE('',#4683,#4633,#4691,.T.);
#4691 = LINE('',#4692,#4693);
#4692 = CARTESIAN_POINT('',(-0.65,0.625,0.465));
#4693 = VECTOR('',#4694,1.);
#4694 = DIRECTION('',(0.,-1.,0.));
#4695 = ORIENTED_EDGE('',*,*,#4632,.T.);
#4696 = ORIENTED_EDGE('',*,*,#4697,.F.);
#4697 = EDGE_CURVE('',#4698,#4635,#4700,.T.);
#4698 = VERTEX_POINT('',#4699);
#4699 = CARTESIAN_POINT('',(-0.585,0.625,1.1));
#4700 = LINE('',#4701,#4702);
#4701 = CARTESIAN_POINT('',(-0.585,0.625,1.1));
#4702 = VECTOR('',#4703,1.);
#4703 = DIRECTION('',(0.,-1.,0.));
#4704 = ORIENTED_EDGE('',*,*,#4705,.F.);
#4705 = EDGE_CURVE('',#4673,#4698,#4706,.T.);
#4706 = LINE('',#4707,#4708);
#4707 = CARTESIAN_POINT('',(-0.65,0.625,0.465));
#4708 = VECTOR('',#4709,1.);
#4709 = DIRECTION('',(0.101830105936,0.,0.994801804142));
#4710 = PLANE('',#4711);
#4711 = AXIS2_PLACEMENT_3D('',#4712,#4713,#4714);
#4712 = CARTESIAN_POINT('',(-0.65,0.625,0.465));
#4713 = DIRECTION('',(-0.994801804142,0.,0.101830105936));
#4714 = DIRECTION('',(0.101830105936,0.,0.994801804142));
#4715 = ADVANCED_FACE('',(#4716),#4789,.F.);
#4716 = FACE_BOUND('',#4717,.F.);
#4717 = EDGE_LOOP('',(#4718,#4728,#4736,#4744,#4750,#4751,#4759,#4767,
    #4775,#4783));
#4718 = ORIENTED_EDGE('',*,*,#4719,.F.);
#4719 = EDGE_CURVE('',#4720,#4722,#4724,.T.);
#4720 = VERTEX_POINT('',#4721);
#4721 = CARTESIAN_POINT('',(-0.965,-0.625,3.5E-02));
#4722 = VERTEX_POINT('',#4723);
#4723 = CARTESIAN_POINT('',(-0.9125,-0.625,3.5E-02));
#4724 = LINE('',#4725,#4726);
#4725 = CARTESIAN_POINT('',(-0.965,-0.625,3.5E-02));
#4726 = VECTOR('',#4727,1.);
#4727 = DIRECTION('',(1.,0.,0.));
#4728 = ORIENTED_EDGE('',*,*,#4729,.T.);
#4729 = EDGE_CURVE('',#4720,#4730,#4732,.T.);
#4730 = VERTEX_POINT('',#4731);
#4731 = CARTESIAN_POINT('',(-0.965,-0.625,0.465));
#4732 = LINE('',#4733,#4734);
#4733 = CARTESIAN_POINT('',(-0.965,-0.625,3.5E-02));
#4734 = VECTOR('',#4735,1.);
#4735 = DIRECTION('',(0.,0.,1.));
#4736 = ORIENTED_EDGE('',*,*,#4737,.T.);
#4737 = EDGE_CURVE('',#4730,#4738,#4740,.T.);
#4738 = VERTEX_POINT('',#4739);
#4739 = CARTESIAN_POINT('',(-0.9125,-0.625,0.465));
#4740 = LINE('',#4741,#4742);
#4741 = CARTESIAN_POINT('',(-0.965,-0.625,0.465));
#4742 = VECTOR('',#4743,1.);
#4743 = DIRECTION('',(1.,0.,0.));
#4744 = ORIENTED_EDGE('',*,*,#4745,.T.);
#4745 = EDGE_CURVE('',#4738,#4633,#4746,.T.);
#4746 = LINE('',#4747,#4748);
#4747 = CARTESIAN_POINT('',(-0.965,-0.625,0.465));
#4748 = VECTOR('',#4749,1.);
#4749 = DIRECTION('',(1.,0.,0.));
#4750 = ORIENTED_EDGE('',*,*,#4658,.F.);
#4751 = ORIENTED_EDGE('',*,*,#4752,.T.);
#4752 = EDGE_CURVE('',#4651,#4753,#4755,.T.);
#4753 = VERTEX_POINT('',#4754);
#4754 = CARTESIAN_POINT('',(0.9125,-0.625,0.465));
#4755 = LINE('',#4756,#4757);
#4756 = CARTESIAN_POINT('',(-0.965,-0.625,0.465));
#4757 = VECTOR('',#4758,1.);
#4758 = DIRECTION('',(1.,0.,0.));
#4759 = ORIENTED_EDGE('',*,*,#4760,.T.);
#4760 = EDGE_CURVE('',#4753,#4761,#4763,.T.);
#4761 = VERTEX_POINT('',#4762);
#4762 = CARTESIAN_POINT('',(0.965,-0.625,0.465));
#4763 = LINE('',#4764,#4765);
#4764 = CARTESIAN_POINT('',(-0.965,-0.625,0.465));
#4765 = VECTOR('',#4766,1.);
#4766 = DIRECTION('',(1.,0.,0.));
#4767 = ORIENTED_EDGE('',*,*,#4768,.F.);
#4768 = EDGE_CURVE('',#4769,#4761,#4771,.T.);
#4769 = VERTEX_POINT('',#4770);
#4770 = CARTESIAN_POINT('',(0.965,-0.625,3.5E-02));
#4771 = LINE('',#4772,#4773);
#4772 = CARTESIAN_POINT('',(0.965,-0.625,3.5E-02));
#4773 = VECTOR('',#4774,1.);
#4774 = DIRECTION('',(0.,0.,1.));
#4775 = ORIENTED_EDGE('',*,*,#4776,.F.);
#4776 = EDGE_CURVE('',#4777,#4769,#4779,.T.);
#4777 = VERTEX_POINT('',#4778);
#4778 = CARTESIAN_POINT('',(0.9125,-0.625,3.5E-02));
#4779 = LINE('',#4780,#4781);
#4780 = CARTESIAN_POINT('',(-0.965,-0.625,3.5E-02));
#4781 = VECTOR('',#4782,1.);
#4782 = DIRECTION('',(1.,0.,0.));
#4783 = ORIENTED_EDGE('',*,*,#4784,.F.);
#4784 = EDGE_CURVE('',#4722,#4777,#4785,.T.);
#4785 = LINE('',#4786,#4787);
#4786 = CARTESIAN_POINT('',(-0.965,-0.625,3.5E-02));
#4787 = VECTOR('',#4788,1.);
#4788 = DIRECTION('',(1.,0.,0.));
#4789 = PLANE('',#4790);
#4790 = AXIS2_PLACEMENT_3D('',#4791,#4792,#4793);
#4791 = CARTESIAN_POINT('',(-0.965,-0.625,3.5E-02));
#4792 = DIRECTION('',(0.,1.,0.));
#4793 = DIRECTION('',(0.,-0.,1.));
#4794 = ADVANCED_FACE('',(#4795),#4813,.T.);
#4795 = FACE_BOUND('',#4796,.T.);
#4796 = EDGE_LOOP('',(#4797,#4798,#4799,#4807));
#4797 = ORIENTED_EDGE('',*,*,#4697,.T.);
#4798 = ORIENTED_EDGE('',*,*,#4642,.T.);
#4799 = ORIENTED_EDGE('',*,*,#4800,.F.);
#4800 = EDGE_CURVE('',#4801,#4643,#4803,.T.);
#4801 = VERTEX_POINT('',#4802);
#4802 = CARTESIAN_POINT('',(0.585,0.625,1.1));
#4803 = LINE('',#4804,#4805);
#4804 = CARTESIAN_POINT('',(0.585,0.625,1.1));
#4805 = VECTOR('',#4806,1.);
#4806 = DIRECTION('',(0.,-1.,0.));
#4807 = ORIENTED_EDGE('',*,*,#4808,.F.);
#4808 = EDGE_CURVE('',#4698,#4801,#4809,.T.);
#4809 = LINE('',#4810,#4811);
#4810 = CARTESIAN_POINT('',(-0.585,0.625,1.1));
#4811 = VECTOR('',#4812,1.);
#4812 = DIRECTION('',(1.,0.,0.));
#4813 = PLANE('',#4814);
#4814 = AXIS2_PLACEMENT_3D('',#4815,#4816,#4817);
#4815 = CARTESIAN_POINT('',(-0.585,0.625,1.1));
#4816 = DIRECTION('',(0.,0.,1.));
#4817 = DIRECTION('',(1.,0.,-0.));
#4818 = ADVANCED_FACE('',(#4819),#4853,.T.);
#4819 = FACE_BOUND('',#4820,.T.);
#4820 = EDGE_LOOP('',(#4821,#4822,#4823,#4831,#4839,#4847));
#4821 = ORIENTED_EDGE('',*,*,#4800,.T.);
#4822 = ORIENTED_EDGE('',*,*,#4650,.T.);
#4823 = ORIENTED_EDGE('',*,*,#4824,.F.);
#4824 = EDGE_CURVE('',#4825,#4651,#4827,.T.);
#4825 = VERTEX_POINT('',#4826);
#4826 = CARTESIAN_POINT('',(0.65,-0.46875,0.465));
#4827 = LINE('',#4828,#4829);
#4828 = CARTESIAN_POINT('',(0.65,0.625,0.465));
#4829 = VECTOR('',#4830,1.);
#4830 = DIRECTION('',(0.,-1.,0.));
#4831 = ORIENTED_EDGE('',*,*,#4832,.F.);
#4832 = EDGE_CURVE('',#4833,#4825,#4835,.T.);
#4833 = VERTEX_POINT('',#4834);
#4834 = CARTESIAN_POINT('',(0.65,0.46875,0.465));
#4835 = LINE('',#4836,#4837);
#4836 = CARTESIAN_POINT('',(0.65,0.625,0.465));
#4837 = VECTOR('',#4838,1.);
#4838 = DIRECTION('',(0.,-1.,0.));
#4839 = ORIENTED_EDGE('',*,*,#4840,.F.);
#4840 = EDGE_CURVE('',#4841,#4833,#4843,.T.);
#4841 = VERTEX_POINT('',#4842);
#4842 = CARTESIAN_POINT('',(0.65,0.625,0.465));
#4843 = LINE('',#4844,#4845);
#4844 = CARTESIAN_POINT('',(0.65,0.625,0.465));
#4845 = VECTOR('',#4846,1.);
#4846 = DIRECTION('',(0.,-1.,0.));
#4847 = ORIENTED_EDGE('',*,*,#4848,.F.);
#4848 = EDGE_CURVE('',#4801,#4841,#4849,.T.);
#4849 = LINE('',#4850,#4851);
#4850 = CARTESIAN_POINT('',(0.585,0.625,1.1));
#4851 = VECTOR('',#4852,1.);
#4852 = DIRECTION('',(0.101830105936,0.,-0.994801804142));
#4853 = PLANE('',#4854);
#4854 = AXIS2_PLACEMENT_3D('',#4855,#4856,#4857);
#4855 = CARTESIAN_POINT('',(0.585,0.625,1.1));
#4856 = DIRECTION('',(0.994801804142,0.,0.101830105936));
#4857 = DIRECTION('',(0.101830105936,0.,-0.994801804142));
#4858 = ADVANCED_FACE('',(#4859),#4884,.T.);
#4859 = FACE_BOUND('',#4860,.T.);
#4860 = EDGE_LOOP('',(#4861,#4869,#4877,#4883));
#4861 = ORIENTED_EDGE('',*,*,#4862,.F.);
#4862 = EDGE_CURVE('',#4863,#4673,#4865,.T.);
#4863 = VERTEX_POINT('',#4864);
#4864 = CARTESIAN_POINT('',(-0.9125,0.625,0.465));
#4865 = LINE('',#4866,#4867);
#4866 = CARTESIAN_POINT('',(-0.965,0.625,0.465));
#4867 = VECTOR('',#4868,1.);
#4868 = DIRECTION('',(1.,0.,0.));
#4869 = ORIENTED_EDGE('',*,*,#4870,.F.);
#4870 = EDGE_CURVE('',#4871,#4863,#4873,.T.);
#4871 = VERTEX_POINT('',#4872);
#4872 = CARTESIAN_POINT('',(-0.9125,0.46875,0.465));
#4873 = LINE('',#4874,#4875);
#4874 = CARTESIAN_POINT('',(-0.9125,7.8125E-02,0.465));
#4875 = VECTOR('',#4876,1.);
#4876 = DIRECTION('',(0.,1.,0.));
#4877 = ORIENTED_EDGE('',*,*,#4878,.F.);
#4878 = EDGE_CURVE('',#4675,#4871,#4879,.T.);
#4879 = LINE('',#4880,#4881);
#4880 = CARTESIAN_POINT('',(-0.93875,0.46875,0.465));
#4881 = VECTOR('',#4882,1.);
#4882 = DIRECTION('',(-1.,0.,0.));
#4883 = ORIENTED_EDGE('',*,*,#4672,.F.);
#4884 = PLANE('',#4885);
#4885 = AXIS2_PLACEMENT_3D('',#4886,#4887,#4888);
#4886 = CARTESIAN_POINT('',(-0.965,-0.625,0.465));
#4887 = DIRECTION('',(0.,0.,1.));
#4888 = DIRECTION('',(1.,0.,-0.));
#4889 = ADVANCED_FACE('',(#4890),#4901,.T.);
#4890 = FACE_BOUND('',#4891,.T.);
#4891 = EDGE_LOOP('',(#4892,#4893,#4894,#4895));
#4892 = ORIENTED_EDGE('',*,*,#4705,.T.);
#4893 = ORIENTED_EDGE('',*,*,#4808,.T.);
#4894 = ORIENTED_EDGE('',*,*,#4848,.T.);
#4895 = ORIENTED_EDGE('',*,*,#4896,.T.);
#4896 = EDGE_CURVE('',#4841,#4673,#4897,.T.);
#4897 = LINE('',#4898,#4899);
#4898 = CARTESIAN_POINT('',(0.65,0.625,0.465));
#4899 = VECTOR('',#4900,1.);
#4900 = DIRECTION('',(-1.,0.,-4.270088556251E-17));
#4901 = PLANE('',#4902);
#4902 = AXIS2_PLACEMENT_3D('',#4903,#4904,#4905);
#4903 = CARTESIAN_POINT('',(1.481626402817E-17,0.625,0.771483451357));
#4904 = DIRECTION('',(-5.57234551408E-33,1.,3.18580557984E-32));
#4905 = DIRECTION('',(0.,-3.18580557984E-32,1.));
#4906 = ADVANCED_FACE('',(#4907),#4934,.T.);
#4907 = FACE_BOUND('',#4908,.T.);
#4908 = EDGE_LOOP('',(#4909,#4918,#4926,#4933));
#4909 = ORIENTED_EDGE('',*,*,#4910,.F.);
#4910 = EDGE_CURVE('',#4911,#4675,#4913,.T.);
#4911 = VERTEX_POINT('',#4912);
#4912 = CARTESIAN_POINT('',(-0.685,0.46875,0.5));
#4913 = CIRCLE('',#4914,3.5E-02);
#4914 = AXIS2_PLACEMENT_3D('',#4915,#4916,#4917);
#4915 = CARTESIAN_POINT('',(-0.685,0.46875,0.465));
#4916 = DIRECTION('',(-0.,1.,0.));
#4917 = DIRECTION('',(1.,0.,0.));
#4918 = ORIENTED_EDGE('',*,*,#4919,.F.);
#4919 = EDGE_CURVE('',#4920,#4911,#4922,.T.);
#4920 = VERTEX_POINT('',#4921);
#4921 = CARTESIAN_POINT('',(-0.685,-0.46875,0.5));
#4922 = LINE('',#4923,#4924);
#4923 = CARTESIAN_POINT('',(-0.685,-0.625,0.5));
#4924 = VECTOR('',#4925,1.);
#4925 = DIRECTION('',(0.,1.,0.));
#4926 = ORIENTED_EDGE('',*,*,#4927,.T.);
#4927 = EDGE_CURVE('',#4920,#4683,#4928,.T.);
#4928 = CIRCLE('',#4929,3.5E-02);
#4929 = AXIS2_PLACEMENT_3D('',#4930,#4931,#4932);
#4930 = CARTESIAN_POINT('',(-0.685,-0.46875,0.465));
#4931 = DIRECTION('',(-0.,1.,0.));
#4932 = DIRECTION('',(1.,0.,0.));
#4933 = ORIENTED_EDGE('',*,*,#4682,.T.);
#4934 = CYLINDRICAL_SURFACE('',#4935,3.5E-02);
#4935 = AXIS2_PLACEMENT_3D('',#4936,#4937,#4938);
#4936 = CARTESIAN_POINT('',(-0.685,-0.625,0.465));
#4937 = DIRECTION('',(0.,1.,0.));
#4938 = DIRECTION('',(1.,0.,0.));
#4939 = ADVANCED_FACE('',(#4940),#4958,.T.);
#4940 = FACE_BOUND('',#4941,.T.);
#4941 = EDGE_LOOP('',(#4942,#4950,#4951,#4952));
#4942 = ORIENTED_EDGE('',*,*,#4943,.F.);
#4943 = EDGE_CURVE('',#4738,#4944,#4946,.T.);
#4944 = VERTEX_POINT('',#4945);
#4945 = CARTESIAN_POINT('',(-0.9125,-0.46875,0.465));
#4946 = LINE('',#4947,#4948);
#4947 = CARTESIAN_POINT('',(-0.9125,-0.546875,0.465));
#4948 = VECTOR('',#4949,1.);
#4949 = DIRECTION('',(0.,1.,0.));
#4950 = ORIENTED_EDGE('',*,*,#4745,.T.);
#4951 = ORIENTED_EDGE('',*,*,#4690,.F.);
#4952 = ORIENTED_EDGE('',*,*,#4953,.F.);
#4953 = EDGE_CURVE('',#4944,#4683,#4954,.T.);
#4954 = LINE('',#4955,#4956);
#4955 = CARTESIAN_POINT('',(-2.625E-02,-0.46875,0.465));
#4956 = VECTOR('',#4957,1.);
#4957 = DIRECTION('',(1.,0.,0.));
#4958 = PLANE('',#4959);
#4959 = AXIS2_PLACEMENT_3D('',#4960,#4961,#4962);
#4960 = CARTESIAN_POINT('',(-0.965,-0.625,0.465));
#4961 = DIRECTION('',(0.,0.,1.));
#4962 = DIRECTION('',(1.,0.,-0.));
#4963 = ADVANCED_FACE('',(#4964),#5025,.F.);
#4964 = FACE_BOUND('',#4965,.F.);
#4965 = EDGE_LOOP('',(#4966,#4976,#4985,#4993,#5002,#5010,#5016,#5017,
    #5018,#5019));
#4966 = ORIENTED_EDGE('',*,*,#4967,.F.);
#4967 = EDGE_CURVE('',#4968,#4970,#4972,.T.);
#4968 = VERTEX_POINT('',#4969);
#4969 = CARTESIAN_POINT('',(-0.965,-0.625,-6.938893903907E-18));
#4970 = VERTEX_POINT('',#4971);
#4971 = CARTESIAN_POINT('',(-0.9125,-0.625,0.));
#4972 = LINE('',#4973,#4974);
#4973 = CARTESIAN_POINT('',(-1.,-0.625,0.));
#4974 = VECTOR('',#4975,1.);
#4975 = DIRECTION('',(1.,0.,0.));
#4976 = ORIENTED_EDGE('',*,*,#4977,.F.);
#4977 = EDGE_CURVE('',#4978,#4968,#4980,.T.);
#4978 = VERTEX_POINT('',#4979);
#4979 = CARTESIAN_POINT('',(-1.,-0.625,3.5E-02));
#4980 = CIRCLE('',#4981,3.5E-02);
#4981 = AXIS2_PLACEMENT_3D('',#4982,#4983,#4984);
#4982 = CARTESIAN_POINT('',(-0.965,-0.625,3.5E-02));
#4983 = DIRECTION('',(0.,-1.,0.));
#4984 = DIRECTION('',(0.,0.,1.));
#4985 = ORIENTED_EDGE('',*,*,#4986,.T.);
#4986 = EDGE_CURVE('',#4978,#4987,#4989,.T.);
#4987 = VERTEX_POINT('',#4988);
#4988 = CARTESIAN_POINT('',(-1.,-0.625,0.465));
#4989 = LINE('',#4990,#4991);
#4990 = CARTESIAN_POINT('',(-1.,-0.625,0.));
#4991 = VECTOR('',#4992,1.);
#4992 = DIRECTION('',(0.,0.,1.));
#4993 = ORIENTED_EDGE('',*,*,#4994,.T.);
#4994 = EDGE_CURVE('',#4987,#4995,#4997,.T.);
#4995 = VERTEX_POINT('',#4996);
#4996 = CARTESIAN_POINT('',(-0.965,-0.625,0.5));
#4997 = CIRCLE('',#4998,3.5E-02);
#4998 = AXIS2_PLACEMENT_3D('',#4999,#5000,#5001);
#4999 = CARTESIAN_POINT('',(-0.965,-0.625,0.465));
#5000 = DIRECTION('',(0.,1.,0.));
#5001 = DIRECTION('',(0.,-0.,1.));
#5002 = ORIENTED_EDGE('',*,*,#5003,.T.);
#5003 = EDGE_CURVE('',#4995,#5004,#5006,.T.);
#5004 = VERTEX_POINT('',#5005);
#5005 = CARTESIAN_POINT('',(-0.9125,-0.625,0.5));
#5006 = LINE('',#5007,#5008);
#5007 = CARTESIAN_POINT('',(-1.,-0.625,0.5));
#5008 = VECTOR('',#5009,1.);
#5009 = DIRECTION('',(1.,0.,0.));
#5010 = ORIENTED_EDGE('',*,*,#5011,.F.);
#5011 = EDGE_CURVE('',#4738,#5004,#5012,.T.);
#5012 = LINE('',#5013,#5014);
#5013 = CARTESIAN_POINT('',(-0.9125,-0.625,0.375));
#5014 = VECTOR('',#5015,1.);
#5015 = DIRECTION('',(0.,0.,1.));
#5016 = ORIENTED_EDGE('',*,*,#4737,.F.);
#5017 = ORIENTED_EDGE('',*,*,#4729,.F.);
#5018 = ORIENTED_EDGE('',*,*,#4719,.T.);
#5019 = ORIENTED_EDGE('',*,*,#5020,.F.);
#5020 = EDGE_CURVE('',#4970,#4722,#5021,.T.);
#5021 = LINE('',#5022,#5023);
#5022 = CARTESIAN_POINT('',(-0.9125,-0.625,0.375));
#5023 = VECTOR('',#5024,1.);
#5024 = DIRECTION('',(0.,0.,1.));
#5025 = PLANE('',#5026);
#5026 = AXIS2_PLACEMENT_3D('',#5027,#5028,#5029);
#5027 = CARTESIAN_POINT('',(-1.,-0.625,0.));
#5028 = DIRECTION('',(0.,1.,0.));
#5029 = DIRECTION('',(0.,-0.,1.));
#5030 = ADVANCED_FACE('',(#5031,#5120),#5146,.F.);
#5031 = FACE_BOUND('',#5032,.F.);
#5032 = EDGE_LOOP('',(#5033,#5041,#5042,#5050,#5058,#5066,#5074,#5082,
    #5090,#5098,#5106,#5114));
#5033 = ORIENTED_EDGE('',*,*,#5034,.F.);
#5034 = EDGE_CURVE('',#4722,#5035,#5037,.T.);
#5035 = VERTEX_POINT('',#5036);
#5036 = CARTESIAN_POINT('',(-0.9125,-0.46875,3.5E-02));
#5037 = LINE('',#5038,#5039);
#5038 = CARTESIAN_POINT('',(-0.9125,-0.546875,3.5E-02));
#5039 = VECTOR('',#5040,1.);
#5040 = DIRECTION('',(0.,1.,0.));
#5041 = ORIENTED_EDGE('',*,*,#4784,.T.);
#5042 = ORIENTED_EDGE('',*,*,#5043,.F.);
#5043 = EDGE_CURVE('',#5044,#4777,#5046,.T.);
#5044 = VERTEX_POINT('',#5045);
#5045 = CARTESIAN_POINT('',(0.9125,-0.46875,3.5E-02));
#5046 = LINE('',#5047,#5048);
#5047 = CARTESIAN_POINT('',(0.9125,-0.703125,3.5E-02));
#5048 = VECTOR('',#5049,1.);
#5049 = DIRECTION('',(0.,-1.,0.));
#5050 = ORIENTED_EDGE('',*,*,#5051,.F.);
#5051 = EDGE_CURVE('',#5052,#5044,#5054,.T.);
#5052 = VERTEX_POINT('',#5053);
#5053 = CARTESIAN_POINT('',(0.65,-0.46875,3.5E-02));
#5054 = LINE('',#5055,#5056);
#5055 = CARTESIAN_POINT('',(-2.625E-02,-0.46875,3.5E-02));
#5056 = VECTOR('',#5057,1.);
#5057 = DIRECTION('',(1.,0.,0.));
#5058 = ORIENTED_EDGE('',*,*,#5059,.T.);
#5059 = EDGE_CURVE('',#5052,#5060,#5062,.T.);
#5060 = VERTEX_POINT('',#5061);
#5061 = CARTESIAN_POINT('',(0.65,0.46875,3.5E-02));
#5062 = LINE('',#5063,#5064);
#5063 = CARTESIAN_POINT('',(0.65,-0.625,3.5E-02));
#5064 = VECTOR('',#5065,1.);
#5065 = DIRECTION('',(0.,1.,0.));
#5066 = ORIENTED_EDGE('',*,*,#5067,.F.);
#5067 = EDGE_CURVE('',#5068,#5060,#5070,.T.);
#5068 = VERTEX_POINT('',#5069);
#5069 = CARTESIAN_POINT('',(0.9125,0.46875,3.5E-02));
#5070 = LINE('',#5071,#5072);
#5071 = CARTESIAN_POINT('',(-0.93875,0.46875,3.5E-02));
#5072 = VECTOR('',#5073,1.);
#5073 = DIRECTION('',(-1.,0.,0.));
#5074 = ORIENTED_EDGE('',*,*,#5075,.F.);
#5075 = EDGE_CURVE('',#5076,#5068,#5078,.T.);
#5076 = VERTEX_POINT('',#5077);
#5077 = CARTESIAN_POINT('',(0.9125,0.625,3.5E-02));
#5078 = LINE('',#5079,#5080);
#5079 = CARTESIAN_POINT('',(0.9125,-7.8125E-02,3.5E-02));
#5080 = VECTOR('',#5081,1.);
#5081 = DIRECTION('',(0.,-1.,0.));
#5082 = ORIENTED_EDGE('',*,*,#5083,.F.);
#5083 = EDGE_CURVE('',#5084,#5076,#5086,.T.);
#5084 = VERTEX_POINT('',#5085);
#5085 = CARTESIAN_POINT('',(-0.9125,0.625,3.5E-02));
#5086 = LINE('',#5087,#5088);
#5087 = CARTESIAN_POINT('',(-0.965,0.625,3.5E-02));
#5088 = VECTOR('',#5089,1.);
#5089 = DIRECTION('',(1.,0.,0.));
#5090 = ORIENTED_EDGE('',*,*,#5091,.F.);
#5091 = EDGE_CURVE('',#5092,#5084,#5094,.T.);
#5092 = VERTEX_POINT('',#5093);
#5093 = CARTESIAN_POINT('',(-0.9125,0.46875,3.5E-02));
#5094 = LINE('',#5095,#5096);
#5095 = CARTESIAN_POINT('',(-0.9125,7.8125E-02,3.5E-02));
#5096 = VECTOR('',#5097,1.);
#5097 = DIRECTION('',(0.,1.,0.));
#5098 = ORIENTED_EDGE('',*,*,#5099,.F.);
#5099 = EDGE_CURVE('',#5100,#5092,#5102,.T.);
#5100 = VERTEX_POINT('',#5101);
#5101 = CARTESIAN_POINT('',(-0.65,0.46875,3.5E-02));
#5102 = LINE('',#5103,#5104);
#5103 = CARTESIAN_POINT('',(-0.93875,0.46875,3.5E-02));
#5104 = VECTOR('',#5105,1.);
#5105 = DIRECTION('',(-1.,0.,0.));
#5106 = ORIENTED_EDGE('',*,*,#5107,.F.);
#5107 = EDGE_CURVE('',#5108,#5100,#5110,.T.);
#5108 = VERTEX_POINT('',#5109);
#5109 = CARTESIAN_POINT('',(-0.65,-0.46875,3.5E-02));
#5110 = LINE('',#5111,#5112);
#5111 = CARTESIAN_POINT('',(-0.65,-0.625,3.5E-02));
#5112 = VECTOR('',#5113,1.);
#5113 = DIRECTION('',(0.,1.,0.));
#5114 = ORIENTED_EDGE('',*,*,#5115,.F.);
#5115 = EDGE_CURVE('',#5035,#5108,#5116,.T.);
#5116 = LINE('',#5117,#5118);
#5117 = CARTESIAN_POINT('',(-2.625E-02,-0.46875,3.5E-02));
#5118 = VECTOR('',#5119,1.);
#5119 = DIRECTION('',(1.,0.,0.));
#5120 = FACE_BOUND('',#5121,.F.);
#5121 = EDGE_LOOP('',(#5122,#5132,#5140));
#5122 = ORIENTED_EDGE('',*,*,#5123,.T.);
#5123 = EDGE_CURVE('',#5124,#5126,#5128,.T.);
#5124 = VERTEX_POINT('',#5125);
#5125 = CARTESIAN_POINT('',(0.433012701892,0.5,3.5E-02));
#5126 = VERTEX_POINT('',#5127);
#5127 = CARTESIAN_POINT('',(0.433012701892,-0.5,3.5E-02));
#5128 = LINE('',#5129,#5130);
#5129 = CARTESIAN_POINT('',(0.433012701892,0.5,3.5E-02));
#5130 = VECTOR('',#5131,1.);
#5131 = DIRECTION('',(0.,-1.,0.));
#5132 = ORIENTED_EDGE('',*,*,#5133,.T.);
#5133 = EDGE_CURVE('',#5126,#5134,#5136,.T.);
#5134 = VERTEX_POINT('',#5135);
#5135 = CARTESIAN_POINT('',(-0.433012701892,0.,3.5E-02));
#5136 = LINE('',#5137,#5138);
#5137 = CARTESIAN_POINT('',(0.433012701892,-0.5,3.5E-02));
#5138 = VECTOR('',#5139,1.);
#5139 = DIRECTION('',(-0.866025403784,0.5,0.));
#5140 = ORIENTED_EDGE('',*,*,#5141,.T.);
#5141 = EDGE_CURVE('',#5134,#5124,#5142,.T.);
#5142 = LINE('',#5143,#5144);
#5143 = CARTESIAN_POINT('',(-0.433012701892,0.,3.5E-02));
#5144 = VECTOR('',#5145,1.);
#5145 = DIRECTION('',(0.866025403784,0.5,0.));
#5146 = PLANE('',#5147);
#5147 = AXIS2_PLACEMENT_3D('',#5148,#5149,#5150);
#5148 = CARTESIAN_POINT('',(-0.965,-0.625,3.5E-02));
#5149 = DIRECTION('',(0.,0.,1.));
#5150 = DIRECTION('',(1.,0.,-0.));
#5151 = ADVANCED_FACE('',(#5152),#5213,.F.);
#5152 = FACE_BOUND('',#5153,.F.);
#5153 = EDGE_LOOP('',(#5154,#5164,#5170,#5171,#5172,#5173,#5181,#5189,
    #5198,#5206));
#5154 = ORIENTED_EDGE('',*,*,#5155,.F.);
#5155 = EDGE_CURVE('',#5156,#5158,#5160,.T.);
#5156 = VERTEX_POINT('',#5157);
#5157 = CARTESIAN_POINT('',(0.9125,-0.625,0.));
#5158 = VERTEX_POINT('',#5159);
#5159 = CARTESIAN_POINT('',(0.965,-0.625,-6.938893903907E-18));
#5160 = LINE('',#5161,#5162);
#5161 = CARTESIAN_POINT('',(0.65,-0.625,0.));
#5162 = VECTOR('',#5163,1.);
#5163 = DIRECTION('',(1.,0.,0.));
#5164 = ORIENTED_EDGE('',*,*,#5165,.F.);
#5165 = EDGE_CURVE('',#4777,#5156,#5166,.T.);
#5166 = LINE('',#5167,#5168);
#5167 = CARTESIAN_POINT('',(0.9125,-0.625,0.375));
#5168 = VECTOR('',#5169,1.);
#5169 = DIRECTION('',(0.,0.,-1.));
#5170 = ORIENTED_EDGE('',*,*,#4776,.T.);
#5171 = ORIENTED_EDGE('',*,*,#4768,.T.);
#5172 = ORIENTED_EDGE('',*,*,#4760,.F.);
#5173 = ORIENTED_EDGE('',*,*,#5174,.F.);
#5174 = EDGE_CURVE('',#5175,#4753,#5177,.T.);
#5175 = VERTEX_POINT('',#5176);
#5176 = CARTESIAN_POINT('',(0.9125,-0.625,0.5));
#5177 = LINE('',#5178,#5179);
#5178 = CARTESIAN_POINT('',(0.9125,-0.625,0.375));
#5179 = VECTOR('',#5180,1.);
#5180 = DIRECTION('',(0.,0.,-1.));
#5181 = ORIENTED_EDGE('',*,*,#5182,.T.);
#5182 = EDGE_CURVE('',#5175,#5183,#5185,.T.);
#5183 = VERTEX_POINT('',#5184);
#5184 = CARTESIAN_POINT('',(0.965,-0.625,0.5));
#5185 = LINE('',#5186,#5187);
#5186 = CARTESIAN_POINT('',(0.65,-0.625,0.5));
#5187 = VECTOR('',#5188,1.);
#5188 = DIRECTION('',(1.,0.,0.));
#5189 = ORIENTED_EDGE('',*,*,#5190,.F.);
#5190 = EDGE_CURVE('',#5191,#5183,#5193,.T.);
#5191 = VERTEX_POINT('',#5192);
#5192 = CARTESIAN_POINT('',(1.,-0.625,0.465));
#5193 = CIRCLE('',#5194,3.5E-02);
#5194 = AXIS2_PLACEMENT_3D('',#5195,#5196,#5197);
#5195 = CARTESIAN_POINT('',(0.965,-0.625,0.465));
#5196 = DIRECTION('',(0.,-1.,0.));
#5197 = DIRECTION('',(0.,0.,1.));
#5198 = ORIENTED_EDGE('',*,*,#5199,.F.);
#5199 = EDGE_CURVE('',#5200,#5191,#5202,.T.);
#5200 = VERTEX_POINT('',#5201);
#5201 = CARTESIAN_POINT('',(1.,-0.625,3.5E-02));
#5202 = LINE('',#5203,#5204);
#5203 = CARTESIAN_POINT('',(1.,-0.625,0.));
#5204 = VECTOR('',#5205,1.);
#5205 = DIRECTION('',(0.,0.,1.));
#5206 = ORIENTED_EDGE('',*,*,#5207,.T.);
#5207 = EDGE_CURVE('',#5200,#5158,#5208,.T.);
#5208 = CIRCLE('',#5209,3.5E-02);
#5209 = AXIS2_PLACEMENT_3D('',#5210,#5211,#5212);
#5210 = CARTESIAN_POINT('',(0.965,-0.625,3.5E-02));
#5211 = DIRECTION('',(0.,1.,0.));
#5212 = DIRECTION('',(0.,-0.,1.));
#5213 = PLANE('',#5214);
#5214 = AXIS2_PLACEMENT_3D('',#5215,#5216,#5217);
#5215 = CARTESIAN_POINT('',(0.65,-0.625,0.));
#5216 = DIRECTION('',(0.,1.,0.));
#5217 = DIRECTION('',(0.,-0.,1.));
#5218 = ADVANCED_FACE('',(#5219),#5237,.T.);
#5219 = FACE_BOUND('',#5220,.T.);
#5220 = EDGE_LOOP('',(#5221,#5229,#5230,#5231));
#5221 = ORIENTED_EDGE('',*,*,#5222,.F.);
#5222 = EDGE_CURVE('',#4825,#5223,#5225,.T.);
#5223 = VERTEX_POINT('',#5224);
#5224 = CARTESIAN_POINT('',(0.9125,-0.46875,0.465));
#5225 = LINE('',#5226,#5227);
#5226 = CARTESIAN_POINT('',(-2.625E-02,-0.46875,0.465));
#5227 = VECTOR('',#5228,1.);
#5228 = DIRECTION('',(1.,0.,0.));
#5229 = ORIENTED_EDGE('',*,*,#4824,.T.);
#5230 = ORIENTED_EDGE('',*,*,#4752,.T.);
#5231 = ORIENTED_EDGE('',*,*,#5232,.F.);
#5232 = EDGE_CURVE('',#5223,#4753,#5233,.T.);
#5233 = LINE('',#5234,#5235);
#5234 = CARTESIAN_POINT('',(0.9125,-0.703125,0.465));
#5235 = VECTOR('',#5236,1.);
#5236 = DIRECTION('',(0.,-1.,0.));
#5237 = PLANE('',#5238);
#5238 = AXIS2_PLACEMENT_3D('',#5239,#5240,#5241);
#5239 = CARTESIAN_POINT('',(-0.965,-0.625,0.465));
#5240 = DIRECTION('',(0.,0.,1.));
#5241 = DIRECTION('',(1.,0.,-0.));
#5242 = ADVANCED_FACE('',(#5243),#5268,.T.);
#5243 = FACE_BOUND('',#5244,.T.);
#5244 = EDGE_LOOP('',(#5245,#5253,#5254,#5262));
#5245 = ORIENTED_EDGE('',*,*,#5246,.F.);
#5246 = EDGE_CURVE('',#4841,#5247,#5249,.T.);
#5247 = VERTEX_POINT('',#5248);
#5248 = CARTESIAN_POINT('',(0.9125,0.625,0.465));
#5249 = LINE('',#5250,#5251);
#5250 = CARTESIAN_POINT('',(-0.965,0.625,0.465));
#5251 = VECTOR('',#5252,1.);
#5252 = DIRECTION('',(1.,0.,0.));
#5253 = ORIENTED_EDGE('',*,*,#4840,.T.);
#5254 = ORIENTED_EDGE('',*,*,#5255,.F.);
#5255 = EDGE_CURVE('',#5256,#4833,#5258,.T.);
#5256 = VERTEX_POINT('',#5257);
#5257 = CARTESIAN_POINT('',(0.9125,0.46875,0.465));
#5258 = LINE('',#5259,#5260);
#5259 = CARTESIAN_POINT('',(-0.93875,0.46875,0.465));
#5260 = VECTOR('',#5261,1.);
#5261 = DIRECTION('',(-1.,0.,0.));
#5262 = ORIENTED_EDGE('',*,*,#5263,.F.);
#5263 = EDGE_CURVE('',#5247,#5256,#5264,.T.);
#5264 = LINE('',#5265,#5266);
#5265 = CARTESIAN_POINT('',(0.9125,-7.8125E-02,0.465));
#5266 = VECTOR('',#5267,1.);
#5267 = DIRECTION('',(0.,-1.,0.));
#5268 = PLANE('',#5269);
#5269 = AXIS2_PLACEMENT_3D('',#5270,#5271,#5272);
#5270 = CARTESIAN_POINT('',(-0.965,-0.625,0.465));
#5271 = DIRECTION('',(0.,0.,1.));
#5272 = DIRECTION('',(1.,0.,-0.));
#5273 = ADVANCED_FACE('',(#5274),#5301,.T.);
#5274 = FACE_BOUND('',#5275,.T.);
#5275 = EDGE_LOOP('',(#5276,#5277,#5286,#5294));
#5276 = ORIENTED_EDGE('',*,*,#4832,.T.);
#5277 = ORIENTED_EDGE('',*,*,#5278,.T.);
#5278 = EDGE_CURVE('',#4825,#5279,#5281,.T.);
#5279 = VERTEX_POINT('',#5280);
#5280 = CARTESIAN_POINT('',(0.685,-0.46875,0.5));
#5281 = CIRCLE('',#5282,3.5E-02);
#5282 = AXIS2_PLACEMENT_3D('',#5283,#5284,#5285);
#5283 = CARTESIAN_POINT('',(0.685,-0.46875,0.465));
#5284 = DIRECTION('',(0.,1.,-0.));
#5285 = DIRECTION('',(-1.,0.,0.));
#5286 = ORIENTED_EDGE('',*,*,#5287,.T.);
#5287 = EDGE_CURVE('',#5279,#5288,#5290,.T.);
#5288 = VERTEX_POINT('',#5289);
#5289 = CARTESIAN_POINT('',(0.685,0.46875,0.5));
#5290 = LINE('',#5291,#5292);
#5291 = CARTESIAN_POINT('',(0.685,-0.625,0.5));
#5292 = VECTOR('',#5293,1.);
#5293 = DIRECTION('',(0.,1.,0.));
#5294 = ORIENTED_EDGE('',*,*,#5295,.F.);
#5295 = EDGE_CURVE('',#4833,#5288,#5296,.T.);
#5296 = CIRCLE('',#5297,3.5E-02);
#5297 = AXIS2_PLACEMENT_3D('',#5298,#5299,#5300);
#5298 = CARTESIAN_POINT('',(0.685,0.46875,0.465));
#5299 = DIRECTION('',(0.,1.,-0.));
#5300 = DIRECTION('',(-1.,0.,0.));
#5301 = CYLINDRICAL_SURFACE('',#5302,3.5E-02);
#5302 = AXIS2_PLACEMENT_3D('',#5303,#5304,#5305);
#5303 = CARTESIAN_POINT('',(0.685,-0.625,0.465));
#5304 = DIRECTION('',(0.,1.,0.));
#5305 = DIRECTION('',(-1.,0.,0.));
#5306 = ADVANCED_FACE('',(#5307),#5357,.T.);
#5307 = FACE_BOUND('',#5308,.T.);
#5308 = EDGE_LOOP('',(#5309,#5317,#5325,#5331,#5332,#5333,#5334,#5342,
    #5350,#5356));
#5309 = ORIENTED_EDGE('',*,*,#5310,.F.);
#5310 = EDGE_CURVE('',#5311,#5084,#5313,.T.);
#5311 = VERTEX_POINT('',#5312);
#5312 = CARTESIAN_POINT('',(-0.965,0.625,3.5E-02));
#5313 = LINE('',#5314,#5315);
#5314 = CARTESIAN_POINT('',(-0.965,0.625,3.5E-02));
#5315 = VECTOR('',#5316,1.);
#5316 = DIRECTION('',(1.,0.,0.));
#5317 = ORIENTED_EDGE('',*,*,#5318,.T.);
#5318 = EDGE_CURVE('',#5311,#5319,#5321,.T.);
#5319 = VERTEX_POINT('',#5320);
#5320 = CARTESIAN_POINT('',(-0.965,0.625,0.465));
#5321 = LINE('',#5322,#5323);
#5322 = CARTESIAN_POINT('',(-0.965,0.625,3.5E-02));
#5323 = VECTOR('',#5324,1.);
#5324 = DIRECTION('',(0.,0.,1.));
#5325 = ORIENTED_EDGE('',*,*,#5326,.T.);
#5326 = EDGE_CURVE('',#5319,#4863,#5327,.T.);
#5327 = LINE('',#5328,#5329);
#5328 = CARTESIAN_POINT('',(-0.965,0.625,0.465));
#5329 = VECTOR('',#5330,1.);
#5330 = DIRECTION('',(1.,0.,0.));
#5331 = ORIENTED_EDGE('',*,*,#4862,.T.);
#5332 = ORIENTED_EDGE('',*,*,#4896,.F.);
#5333 = ORIENTED_EDGE('',*,*,#5246,.T.);
#5334 = ORIENTED_EDGE('',*,*,#5335,.T.);
#5335 = EDGE_CURVE('',#5247,#5336,#5338,.T.);
#5336 = VERTEX_POINT('',#5337);
#5337 = CARTESIAN_POINT('',(0.965,0.625,0.465));
#5338 = LINE('',#5339,#5340);
#5339 = CARTESIAN_POINT('',(-0.965,0.625,0.465));
#5340 = VECTOR('',#5341,1.);
#5341 = DIRECTION('',(1.,0.,0.));
#5342 = ORIENTED_EDGE('',*,*,#5343,.F.);
#5343 = EDGE_CURVE('',#5344,#5336,#5346,.T.);
#5344 = VERTEX_POINT('',#5345);
#5345 = CARTESIAN_POINT('',(0.965,0.625,3.5E-02));
#5346 = LINE('',#5347,#5348);
#5347 = CARTESIAN_POINT('',(0.965,0.625,3.5E-02));
#5348 = VECTOR('',#5349,1.);
#5349 = DIRECTION('',(0.,0.,1.));
#5350 = ORIENTED_EDGE('',*,*,#5351,.F.);
#5351 = EDGE_CURVE('',#5076,#5344,#5352,.T.);
#5352 = LINE('',#5353,#5354);
#5353 = CARTESIAN_POINT('',(-0.965,0.625,3.5E-02));
#5354 = VECTOR('',#5355,1.);
#5355 = DIRECTION('',(1.,0.,0.));
#5356 = ORIENTED_EDGE('',*,*,#5083,.F.);
#5357 = PLANE('',#5358);
#5358 = AXIS2_PLACEMENT_3D('',#5359,#5360,#5361);
#5359 = CARTESIAN_POINT('',(-0.965,0.625,3.5E-02));
#5360 = DIRECTION('',(0.,1.,0.));
#5361 = DIRECTION('',(0.,-0.,1.));
#5362 = ADVANCED_FACE('',(#5363),#5381,.F.);
#5363 = FACE_BOUND('',#5364,.F.);
#5364 = EDGE_LOOP('',(#5365,#5373,#5379,#5380));
#5365 = ORIENTED_EDGE('',*,*,#5366,.F.);
#5366 = EDGE_CURVE('',#5367,#4911,#5369,.T.);
#5367 = VERTEX_POINT('',#5368);
#5368 = CARTESIAN_POINT('',(-0.9125,0.46875,0.5));
#5369 = LINE('',#5370,#5371);
#5370 = CARTESIAN_POINT('',(-0.95625,0.46875,0.5));
#5371 = VECTOR('',#5372,1.);
#5372 = DIRECTION('',(1.,0.,0.));
#5373 = ORIENTED_EDGE('',*,*,#5374,.T.);
#5374 = EDGE_CURVE('',#5367,#4871,#5375,.T.);
#5375 = LINE('',#5376,#5377);
#5376 = CARTESIAN_POINT('',(-0.9125,0.46875,0.75));
#5377 = VECTOR('',#5378,1.);
#5378 = DIRECTION('',(-0.,-0.,-1.));
#5379 = ORIENTED_EDGE('',*,*,#4878,.F.);
#5380 = ORIENTED_EDGE('',*,*,#4910,.F.);
#5381 = PLANE('',#5382);
#5382 = AXIS2_PLACEMENT_3D('',#5383,#5384,#5385);
#5383 = CARTESIAN_POINT('',(-0.9125,0.46875,0.75));
#5384 = DIRECTION('',(0.,-1.,0.));
#5385 = DIRECTION('',(1.,0.,0.));
#5386 = ADVANCED_FACE('',(#5387),#5405,.F.);
#5387 = FACE_BOUND('',#5388,.F.);
#5388 = EDGE_LOOP('',(#5389,#5390,#5398,#5404));
#5389 = ORIENTED_EDGE('',*,*,#5374,.F.);
#5390 = ORIENTED_EDGE('',*,*,#5391,.F.);
#5391 = EDGE_CURVE('',#5392,#5367,#5394,.T.);
#5392 = VERTEX_POINT('',#5393);
#5393 = CARTESIAN_POINT('',(-0.9125,0.625,0.5));
#5394 = LINE('',#5395,#5396);
#5395 = CARTESIAN_POINT('',(-0.9125,7.8125E-02,0.5));
#5396 = VECTOR('',#5397,1.);
#5397 = DIRECTION('',(0.,-1.,0.));
#5398 = ORIENTED_EDGE('',*,*,#5399,.F.);
#5399 = EDGE_CURVE('',#4863,#5392,#5400,.T.);
#5400 = LINE('',#5401,#5402);
#5401 = CARTESIAN_POINT('',(-0.9125,0.625,0.375));
#5402 = VECTOR('',#5403,1.);
#5403 = DIRECTION('',(0.,0.,1.));
#5404 = ORIENTED_EDGE('',*,*,#4870,.F.);
#5405 = PLANE('',#5406);
#5406 = AXIS2_PLACEMENT_3D('',#5407,#5408,#5409);
#5407 = CARTESIAN_POINT('',(-0.9125,0.78125,0.75));
#5408 = DIRECTION('',(-1.,0.,0.));
#5409 = DIRECTION('',(0.,-1.,0.));
#5410 = ADVANCED_FACE('',(#5411),#5429,.F.);
#5411 = FACE_BOUND('',#5412,.F.);
#5412 = EDGE_LOOP('',(#5413,#5421,#5427,#5428));
#5413 = ORIENTED_EDGE('',*,*,#5414,.F.);
#5414 = EDGE_CURVE('',#5415,#4944,#5417,.T.);
#5415 = VERTEX_POINT('',#5416);
#5416 = CARTESIAN_POINT('',(-0.9125,-0.46875,0.5));
#5417 = LINE('',#5418,#5419);
#5418 = CARTESIAN_POINT('',(-0.9125,-0.46875,0.75));
#5419 = VECTOR('',#5420,1.);
#5420 = DIRECTION('',(-0.,-0.,-1.));
#5421 = ORIENTED_EDGE('',*,*,#5422,.F.);
#5422 = EDGE_CURVE('',#4920,#5415,#5423,.T.);
#5423 = LINE('',#5424,#5425);
#5424 = CARTESIAN_POINT('',(-4.375E-02,-0.46875,0.5));
#5425 = VECTOR('',#5426,1.);
#5426 = DIRECTION('',(-1.,0.,0.));
#5427 = ORIENTED_EDGE('',*,*,#4927,.T.);
#5428 = ORIENTED_EDGE('',*,*,#4953,.F.);
#5429 = PLANE('',#5430);
#5430 = AXIS2_PLACEMENT_3D('',#5431,#5432,#5433);
#5431 = CARTESIAN_POINT('',(0.9125,-0.46875,0.75));
#5432 = DIRECTION('',(0.,1.,0.));
#5433 = DIRECTION('',(-1.,0.,0.));
#5434 = ADVANCED_FACE('',(#5435),#5462,.T.);
#5435 = FACE_BOUND('',#5436,.T.);
#5436 = EDGE_LOOP('',(#5437,#5445,#5451,#5452,#5458,#5459,#5460,#5461));
#5437 = ORIENTED_EDGE('',*,*,#5438,.F.);
#5438 = EDGE_CURVE('',#5439,#5392,#5441,.T.);
#5439 = VERTEX_POINT('',#5440);
#5440 = CARTESIAN_POINT('',(-0.965,0.625,0.5));
#5441 = LINE('',#5442,#5443);
#5442 = CARTESIAN_POINT('',(-1.,0.625,0.5));
#5443 = VECTOR('',#5444,1.);
#5444 = DIRECTION('',(1.,0.,0.));
#5445 = ORIENTED_EDGE('',*,*,#5446,.F.);
#5446 = EDGE_CURVE('',#4995,#5439,#5447,.T.);
#5447 = LINE('',#5448,#5449);
#5448 = CARTESIAN_POINT('',(-0.965,-0.625,0.5));
#5449 = VECTOR('',#5450,1.);
#5450 = DIRECTION('',(0.,1.,0.));
#5451 = ORIENTED_EDGE('',*,*,#5003,.T.);
#5452 = ORIENTED_EDGE('',*,*,#5453,.F.);
#5453 = EDGE_CURVE('',#5415,#5004,#5454,.T.);
#5454 = LINE('',#5455,#5456);
#5455 = CARTESIAN_POINT('',(-0.9125,-0.546875,0.5));
#5456 = VECTOR('',#5457,1.);
#5457 = DIRECTION('',(0.,-1.,0.));
#5458 = ORIENTED_EDGE('',*,*,#5422,.F.);
#5459 = ORIENTED_EDGE('',*,*,#4919,.T.);
#5460 = ORIENTED_EDGE('',*,*,#5366,.F.);
#5461 = ORIENTED_EDGE('',*,*,#5391,.F.);
#5462 = PLANE('',#5463);
#5463 = AXIS2_PLACEMENT_3D('',#5464,#5465,#5466);
#5464 = CARTESIAN_POINT('',(-1.,-0.625,0.5));
#5465 = DIRECTION('',(0.,0.,1.));
#5466 = DIRECTION('',(1.,0.,-0.));
#5467 = ADVANCED_FACE('',(#5468),#5474,.F.);
#5468 = FACE_BOUND('',#5469,.F.);
#5469 = EDGE_LOOP('',(#5470,#5471,#5472,#5473));
#5470 = ORIENTED_EDGE('',*,*,#5453,.F.);
#5471 = ORIENTED_EDGE('',*,*,#5414,.T.);
#5472 = ORIENTED_EDGE('',*,*,#4943,.F.);
#5473 = ORIENTED_EDGE('',*,*,#5011,.T.);
#5474 = PLANE('',#5475);
#5475 = AXIS2_PLACEMENT_3D('',#5476,#5477,#5478);
#5476 = CARTESIAN_POINT('',(-0.9125,-0.46875,0.75));
#5477 = DIRECTION('',(-1.,0.,0.));
#5478 = DIRECTION('',(0.,-1.,0.));
#5479 = ADVANCED_FACE('',(#5480),#5537,.F.);
#5480 = FACE_BOUND('',#5481,.F.);
#5481 = EDGE_LOOP('',(#5482,#5492,#5498,#5499,#5507,#5515,#5523,#5531));
#5482 = ORIENTED_EDGE('',*,*,#5483,.F.);
#5483 = EDGE_CURVE('',#5484,#5486,#5488,.T.);
#5484 = VERTEX_POINT('',#5485);
#5485 = CARTESIAN_POINT('',(-0.965,0.625,-6.938893903907E-18));
#5486 = VERTEX_POINT('',#5487);
#5487 = CARTESIAN_POINT('',(-0.9125,0.625,0.));
#5488 = LINE('',#5489,#5490);
#5489 = CARTESIAN_POINT('',(-1.,0.625,0.));
#5490 = VECTOR('',#5491,1.);
#5491 = DIRECTION('',(1.,0.,0.));
#5492 = ORIENTED_EDGE('',*,*,#5493,.F.);
#5493 = EDGE_CURVE('',#4968,#5484,#5494,.T.);
#5494 = LINE('',#5495,#5496);
#5495 = CARTESIAN_POINT('',(-0.965,-0.625,-6.938893903907E-18));
#5496 = VECTOR('',#5497,1.);
#5497 = DIRECTION('',(0.,1.,0.));
#5498 = ORIENTED_EDGE('',*,*,#4967,.T.);
#5499 = ORIENTED_EDGE('',*,*,#5500,.F.);
#5500 = EDGE_CURVE('',#5501,#4970,#5503,.T.);
#5501 = VERTEX_POINT('',#5502);
#5502 = CARTESIAN_POINT('',(-0.9125,-0.46875,0.));
#5503 = LINE('',#5504,#5505);
#5504 = CARTESIAN_POINT('',(-0.9125,-0.546875,0.));
#5505 = VECTOR('',#5506,1.);
#5506 = DIRECTION('',(0.,-1.,0.));
#5507 = ORIENTED_EDGE('',*,*,#5508,.F.);
#5508 = EDGE_CURVE('',#5509,#5501,#5511,.T.);
#5509 = VERTEX_POINT('',#5510);
#5510 = CARTESIAN_POINT('',(-0.685,-0.46875,-6.938893903907E-18));
#5511 = LINE('',#5512,#5513);
#5512 = CARTESIAN_POINT('',(-4.375E-02,-0.46875,0.));
#5513 = VECTOR('',#5514,1.);
#5514 = DIRECTION('',(-1.,0.,0.));
#5515 = ORIENTED_EDGE('',*,*,#5516,.T.);
#5516 = EDGE_CURVE('',#5509,#5517,#5519,.T.);
#5517 = VERTEX_POINT('',#5518);
#5518 = CARTESIAN_POINT('',(-0.685,0.46875,-6.938893903907E-18));
#5519 = LINE('',#5520,#5521);
#5520 = CARTESIAN_POINT('',(-0.685,-0.625,-6.938893903907E-18));
#5521 = VECTOR('',#5522,1.);
#5522 = DIRECTION('',(0.,1.,0.));
#5523 = ORIENTED_EDGE('',*,*,#5524,.F.);
#5524 = EDGE_CURVE('',#5525,#5517,#5527,.T.);
#5525 = VERTEX_POINT('',#5526);
#5526 = CARTESIAN_POINT('',(-0.9125,0.46875,0.));
#5527 = LINE('',#5528,#5529);
#5528 = CARTESIAN_POINT('',(-0.95625,0.46875,0.));
#5529 = VECTOR('',#5530,1.);
#5530 = DIRECTION('',(1.,0.,0.));
#5531 = ORIENTED_EDGE('',*,*,#5532,.F.);
#5532 = EDGE_CURVE('',#5486,#5525,#5533,.T.);
#5533 = LINE('',#5534,#5535);
#5534 = CARTESIAN_POINT('',(-0.9125,7.8125E-02,0.));
#5535 = VECTOR('',#5536,1.);
#5536 = DIRECTION('',(0.,-1.,0.));
#5537 = PLANE('',#5538);
#5538 = AXIS2_PLACEMENT_3D('',#5539,#5540,#5541);
#5539 = CARTESIAN_POINT('',(-1.,-0.625,0.));
#5540 = DIRECTION('',(0.,0.,1.));
#5541 = DIRECTION('',(1.,0.,-0.));
#5542 = ADVANCED_FACE('',(#5543),#5562,.T.);
#5543 = FACE_BOUND('',#5544,.T.);
#5544 = EDGE_LOOP('',(#5545,#5553,#5560,#5561));
#5545 = ORIENTED_EDGE('',*,*,#5546,.T.);
#5546 = EDGE_CURVE('',#4978,#5547,#5549,.T.);
#5547 = VERTEX_POINT('',#5548);
#5548 = CARTESIAN_POINT('',(-1.,0.625,3.5E-02));
#5549 = LINE('',#5550,#5551);
#5550 = CARTESIAN_POINT('',(-1.,-0.625,3.5E-02));
#5551 = VECTOR('',#5552,1.);
#5552 = DIRECTION('',(0.,1.,0.));
#5553 = ORIENTED_EDGE('',*,*,#5554,.T.);
#5554 = EDGE_CURVE('',#5547,#5484,#5555,.T.);
#5555 = CIRCLE('',#5556,3.5E-02);
#5556 = AXIS2_PLACEMENT_3D('',#5557,#5558,#5559);
#5557 = CARTESIAN_POINT('',(-0.965,0.625,3.5E-02));
#5558 = DIRECTION('',(0.,-1.,0.));
#5559 = DIRECTION('',(0.,0.,1.));
#5560 = ORIENTED_EDGE('',*,*,#5493,.F.);
#5561 = ORIENTED_EDGE('',*,*,#4977,.F.);
#5562 = CYLINDRICAL_SURFACE('',#5563,3.5E-02);
#5563 = AXIS2_PLACEMENT_3D('',#5564,#5565,#5566);
#5564 = CARTESIAN_POINT('',(-0.965,-0.625,3.5E-02));
#5565 = DIRECTION('',(0.,1.,0.));
#5566 = DIRECTION('',(-1.,0.,0.));
#5567 = ADVANCED_FACE('',(#5568),#5579,.F.);
#5568 = FACE_BOUND('',#5569,.F.);
#5569 = EDGE_LOOP('',(#5570,#5571,#5577,#5578));
#5570 = ORIENTED_EDGE('',*,*,#5034,.T.);
#5571 = ORIENTED_EDGE('',*,*,#5572,.T.);
#5572 = EDGE_CURVE('',#5035,#5501,#5573,.T.);
#5573 = LINE('',#5574,#5575);
#5574 = CARTESIAN_POINT('',(-0.9125,-0.46875,0.75));
#5575 = VECTOR('',#5576,1.);
#5576 = DIRECTION('',(-0.,-0.,-1.));
#5577 = ORIENTED_EDGE('',*,*,#5500,.T.);
#5578 = ORIENTED_EDGE('',*,*,#5020,.T.);
#5579 = PLANE('',#5580);
#5580 = AXIS2_PLACEMENT_3D('',#5581,#5582,#5583);
#5581 = CARTESIAN_POINT('',(-0.9125,-0.46875,0.75));
#5582 = DIRECTION('',(-1.,0.,0.));
#5583 = DIRECTION('',(0.,-1.,0.));
#5584 = ADVANCED_FACE('',(#5585),#5603,.F.);
#5585 = FACE_BOUND('',#5586,.F.);
#5586 = EDGE_LOOP('',(#5587,#5588,#5589,#5597));
#5587 = ORIENTED_EDGE('',*,*,#4986,.F.);
#5588 = ORIENTED_EDGE('',*,*,#5546,.T.);
#5589 = ORIENTED_EDGE('',*,*,#5590,.T.);
#5590 = EDGE_CURVE('',#5547,#5591,#5593,.T.);
#5591 = VERTEX_POINT('',#5592);
#5592 = CARTESIAN_POINT('',(-1.,0.625,0.465));
#5593 = LINE('',#5594,#5595);
#5594 = CARTESIAN_POINT('',(-1.,0.625,0.));
#5595 = VECTOR('',#5596,1.);
#5596 = DIRECTION('',(0.,0.,1.));
#5597 = ORIENTED_EDGE('',*,*,#5598,.F.);
#5598 = EDGE_CURVE('',#4987,#5591,#5599,.T.);
#5599 = LINE('',#5600,#5601);
#5600 = CARTESIAN_POINT('',(-1.,-0.625,0.465));
#5601 = VECTOR('',#5602,1.);
#5602 = DIRECTION('',(0.,1.,0.));
#5603 = PLANE('',#5604);
#5604 = AXIS2_PLACEMENT_3D('',#5605,#5606,#5607);
#5605 = CARTESIAN_POINT('',(-1.,-0.625,0.));
#5606 = DIRECTION('',(1.,0.,0.));
#5607 = DIRECTION('',(0.,0.,1.));
#5608 = ADVANCED_FACE('',(#5609),#5621,.T.);
#5609 = FACE_BOUND('',#5610,.T.);
#5610 = EDGE_LOOP('',(#5611,#5612,#5613,#5620));
#5611 = ORIENTED_EDGE('',*,*,#4994,.T.);
#5612 = ORIENTED_EDGE('',*,*,#5446,.T.);
#5613 = ORIENTED_EDGE('',*,*,#5614,.F.);
#5614 = EDGE_CURVE('',#5591,#5439,#5615,.T.);
#5615 = CIRCLE('',#5616,3.5E-02);
#5616 = AXIS2_PLACEMENT_3D('',#5617,#5618,#5619);
#5617 = CARTESIAN_POINT('',(-0.965,0.625,0.465));
#5618 = DIRECTION('',(0.,1.,0.));
#5619 = DIRECTION('',(0.,-0.,1.));
#5620 = ORIENTED_EDGE('',*,*,#5598,.F.);
#5621 = CYLINDRICAL_SURFACE('',#5622,3.5E-02);
#5622 = AXIS2_PLACEMENT_3D('',#5623,#5624,#5625);
#5623 = CARTESIAN_POINT('',(-0.965,-0.625,0.465));
#5624 = DIRECTION('',(0.,1.,0.));
#5625 = DIRECTION('',(-1.,0.,0.));
#5626 = ADVANCED_FACE('',(#5627),#5639,.F.);
#5627 = FACE_BOUND('',#5628,.F.);
#5628 = EDGE_LOOP('',(#5629,#5630,#5631,#5638));
#5629 = ORIENTED_EDGE('',*,*,#5572,.F.);
#5630 = ORIENTED_EDGE('',*,*,#5115,.T.);
#5631 = ORIENTED_EDGE('',*,*,#5632,.T.);
#5632 = EDGE_CURVE('',#5108,#5509,#5633,.T.);
#5633 = CIRCLE('',#5634,3.5E-02);
#5634 = AXIS2_PLACEMENT_3D('',#5635,#5636,#5637);
#5635 = CARTESIAN_POINT('',(-0.685,-0.46875,3.5E-02));
#5636 = DIRECTION('',(-0.,1.,0.));
#5637 = DIRECTION('',(1.,0.,0.));
#5638 = ORIENTED_EDGE('',*,*,#5508,.T.);
#5639 = PLANE('',#5640);
#5640 = AXIS2_PLACEMENT_3D('',#5641,#5642,#5643);
#5641 = CARTESIAN_POINT('',(0.9125,-0.46875,0.75));
#5642 = DIRECTION('',(0.,1.,0.));
#5643 = DIRECTION('',(-1.,0.,0.));
#5644 = ADVANCED_FACE('',(#5645),#5657,.T.);
#5645 = FACE_BOUND('',#5646,.T.);
#5646 = EDGE_LOOP('',(#5647,#5648,#5649,#5650));
#5647 = ORIENTED_EDGE('',*,*,#5107,.F.);
#5648 = ORIENTED_EDGE('',*,*,#5632,.T.);
#5649 = ORIENTED_EDGE('',*,*,#5516,.T.);
#5650 = ORIENTED_EDGE('',*,*,#5651,.F.);
#5651 = EDGE_CURVE('',#5100,#5517,#5652,.T.);
#5652 = CIRCLE('',#5653,3.5E-02);
#5653 = AXIS2_PLACEMENT_3D('',#5654,#5655,#5656);
#5654 = CARTESIAN_POINT('',(-0.685,0.46875,3.5E-02));
#5655 = DIRECTION('',(-0.,1.,0.));
#5656 = DIRECTION('',(1.,0.,0.));
#5657 = CYLINDRICAL_SURFACE('',#5658,3.5E-02);
#5658 = AXIS2_PLACEMENT_3D('',#5659,#5660,#5661);
#5659 = CARTESIAN_POINT('',(-0.685,-0.625,3.5E-02));
#5660 = DIRECTION('',(0.,1.,0.));
#5661 = DIRECTION('',(1.,0.,0.));
#5662 = ADVANCED_FACE('',(#5663),#5674,.F.);
#5663 = FACE_BOUND('',#5664,.F.);
#5664 = EDGE_LOOP('',(#5665,#5666,#5672,#5673));
#5665 = ORIENTED_EDGE('',*,*,#5099,.T.);
#5666 = ORIENTED_EDGE('',*,*,#5667,.T.);
#5667 = EDGE_CURVE('',#5092,#5525,#5668,.T.);
#5668 = LINE('',#5669,#5670);
#5669 = CARTESIAN_POINT('',(-0.9125,0.46875,0.75));
#5670 = VECTOR('',#5671,1.);
#5671 = DIRECTION('',(-0.,-0.,-1.));
#5672 = ORIENTED_EDGE('',*,*,#5524,.T.);
#5673 = ORIENTED_EDGE('',*,*,#5651,.F.);
#5674 = PLANE('',#5675);
#5675 = AXIS2_PLACEMENT_3D('',#5676,#5677,#5678);
#5676 = CARTESIAN_POINT('',(-0.9125,0.46875,0.75));
#5677 = DIRECTION('',(0.,-1.,0.));
#5678 = DIRECTION('',(1.,0.,0.));
#5679 = ADVANCED_FACE('',(#5680),#5691,.F.);
#5680 = FACE_BOUND('',#5681,.F.);
#5681 = EDGE_LOOP('',(#5682,#5683,#5684,#5690));
#5682 = ORIENTED_EDGE('',*,*,#5667,.F.);
#5683 = ORIENTED_EDGE('',*,*,#5091,.T.);
#5684 = ORIENTED_EDGE('',*,*,#5685,.F.);
#5685 = EDGE_CURVE('',#5486,#5084,#5686,.T.);
#5686 = LINE('',#5687,#5688);
#5687 = CARTESIAN_POINT('',(-0.9125,0.625,0.375));
#5688 = VECTOR('',#5689,1.);
#5689 = DIRECTION('',(0.,0.,1.));
#5690 = ORIENTED_EDGE('',*,*,#5532,.T.);
#5691 = PLANE('',#5692);
#5692 = AXIS2_PLACEMENT_3D('',#5693,#5694,#5695);
#5693 = CARTESIAN_POINT('',(-0.9125,0.78125,0.75));
#5694 = DIRECTION('',(-1.,0.,0.));
#5695 = DIRECTION('',(0.,-1.,0.));
#5696 = ADVANCED_FACE('',(#5697),#5722,.F.);
#5697 = FACE_BOUND('',#5698,.F.);
#5698 = EDGE_LOOP('',(#5699,#5700,#5708,#5716));
#5699 = ORIENTED_EDGE('',*,*,#5075,.T.);
#5700 = ORIENTED_EDGE('',*,*,#5701,.T.);
#5701 = EDGE_CURVE('',#5068,#5702,#5704,.T.);
#5702 = VERTEX_POINT('',#5703);
#5703 = CARTESIAN_POINT('',(0.9125,0.46875,0.));
#5704 = LINE('',#5705,#5706);
#5705 = CARTESIAN_POINT('',(0.9125,0.46875,0.75));
#5706 = VECTOR('',#5707,1.);
#5707 = DIRECTION('',(-0.,-0.,-1.));
#5708 = ORIENTED_EDGE('',*,*,#5709,.T.);
#5709 = EDGE_CURVE('',#5702,#5710,#5712,.T.);
#5710 = VERTEX_POINT('',#5711);
#5711 = CARTESIAN_POINT('',(0.9125,0.625,0.));
#5712 = LINE('',#5713,#5714);
#5713 = CARTESIAN_POINT('',(0.9125,-7.8125E-02,0.));
#5714 = VECTOR('',#5715,1.);
#5715 = DIRECTION('',(0.,1.,0.));
#5716 = ORIENTED_EDGE('',*,*,#5717,.F.);
#5717 = EDGE_CURVE('',#5076,#5710,#5718,.T.);
#5718 = LINE('',#5719,#5720);
#5719 = CARTESIAN_POINT('',(0.9125,0.625,0.375));
#5720 = VECTOR('',#5721,1.);
#5721 = DIRECTION('',(0.,0.,-1.));
#5722 = PLANE('',#5723);
#5723 = AXIS2_PLACEMENT_3D('',#5724,#5725,#5726);
#5724 = CARTESIAN_POINT('',(0.9125,0.46875,0.75));
#5725 = DIRECTION('',(1.,0.,0.));
#5726 = DIRECTION('',(-0.,1.,0.));
#5727 = ADVANCED_FACE('',(#5728),#5747,.F.);
#5728 = FACE_BOUND('',#5729,.F.);
#5729 = EDGE_LOOP('',(#5730,#5731,#5732,#5741));
#5730 = ORIENTED_EDGE('',*,*,#5701,.F.);
#5731 = ORIENTED_EDGE('',*,*,#5067,.T.);
#5732 = ORIENTED_EDGE('',*,*,#5733,.F.);
#5733 = EDGE_CURVE('',#5734,#5060,#5736,.T.);
#5734 = VERTEX_POINT('',#5735);
#5735 = CARTESIAN_POINT('',(0.685,0.46875,-6.938893903907E-18));
#5736 = CIRCLE('',#5737,3.5E-02);
#5737 = AXIS2_PLACEMENT_3D('',#5738,#5739,#5740);
#5738 = CARTESIAN_POINT('',(0.685,0.46875,3.5E-02));
#5739 = DIRECTION('',(0.,1.,-0.));
#5740 = DIRECTION('',(-1.,0.,0.));
#5741 = ORIENTED_EDGE('',*,*,#5742,.T.);
#5742 = EDGE_CURVE('',#5734,#5702,#5743,.T.);
#5743 = LINE('',#5744,#5745);
#5744 = CARTESIAN_POINT('',(-0.13125,0.46875,0.));
#5745 = VECTOR('',#5746,1.);
#5746 = DIRECTION('',(1.,0.,0.));
#5747 = PLANE('',#5748);
#5748 = AXIS2_PLACEMENT_3D('',#5749,#5750,#5751);
#5749 = CARTESIAN_POINT('',(-0.9125,0.46875,0.75));
#5750 = DIRECTION('',(0.,-1.,0.));
#5751 = DIRECTION('',(1.,0.,0.));
#5752 = ADVANCED_FACE('',(#5753),#5772,.T.);
#5753 = FACE_BOUND('',#5754,.T.);
#5754 = EDGE_LOOP('',(#5755,#5756,#5764,#5771));
#5755 = ORIENTED_EDGE('',*,*,#5733,.F.);
#5756 = ORIENTED_EDGE('',*,*,#5757,.F.);
#5757 = EDGE_CURVE('',#5758,#5734,#5760,.T.);
#5758 = VERTEX_POINT('',#5759);
#5759 = CARTESIAN_POINT('',(0.685,-0.46875,-6.938893903907E-18));
#5760 = LINE('',#5761,#5762);
#5761 = CARTESIAN_POINT('',(0.685,-0.625,-6.938893903907E-18));
#5762 = VECTOR('',#5763,1.);
#5763 = DIRECTION('',(0.,1.,0.));
#5764 = ORIENTED_EDGE('',*,*,#5765,.T.);
#5765 = EDGE_CURVE('',#5758,#5052,#5766,.T.);
#5766 = CIRCLE('',#5767,3.5E-02);
#5767 = AXIS2_PLACEMENT_3D('',#5768,#5769,#5770);
#5768 = CARTESIAN_POINT('',(0.685,-0.46875,3.5E-02));
#5769 = DIRECTION('',(0.,1.,-0.));
#5770 = DIRECTION('',(-1.,0.,0.));
#5771 = ORIENTED_EDGE('',*,*,#5059,.T.);
#5772 = CYLINDRICAL_SURFACE('',#5773,3.5E-02);
#5773 = AXIS2_PLACEMENT_3D('',#5774,#5775,#5776);
#5774 = CARTESIAN_POINT('',(0.685,-0.625,3.5E-02));
#5775 = DIRECTION('',(0.,1.,0.));
#5776 = DIRECTION('',(-1.,0.,0.));
#5777 = ADVANCED_FACE('',(#5778),#5796,.F.);
#5778 = FACE_BOUND('',#5779,.F.);
#5779 = EDGE_LOOP('',(#5780,#5781,#5789,#5795));
#5780 = ORIENTED_EDGE('',*,*,#5051,.T.);
#5781 = ORIENTED_EDGE('',*,*,#5782,.T.);
#5782 = EDGE_CURVE('',#5044,#5783,#5785,.T.);
#5783 = VERTEX_POINT('',#5784);
#5784 = CARTESIAN_POINT('',(0.9125,-0.46875,0.));
#5785 = LINE('',#5786,#5787);
#5786 = CARTESIAN_POINT('',(0.9125,-0.46875,0.75));
#5787 = VECTOR('',#5788,1.);
#5788 = DIRECTION('',(-0.,-0.,-1.));
#5789 = ORIENTED_EDGE('',*,*,#5790,.T.);
#5790 = EDGE_CURVE('',#5783,#5758,#5791,.T.);
#5791 = LINE('',#5792,#5793);
#5792 = CARTESIAN_POINT('',(0.78125,-0.46875,0.));
#5793 = VECTOR('',#5794,1.);
#5794 = DIRECTION('',(-1.,0.,0.));
#5795 = ORIENTED_EDGE('',*,*,#5765,.T.);
#5796 = PLANE('',#5797);
#5797 = AXIS2_PLACEMENT_3D('',#5798,#5799,#5800);
#5798 = CARTESIAN_POINT('',(0.9125,-0.46875,0.75));
#5799 = DIRECTION('',(0.,1.,0.));
#5800 = DIRECTION('',(-1.,0.,0.));
#5801 = ADVANCED_FACE('',(#5802),#5813,.F.);
#5802 = FACE_BOUND('',#5803,.F.);
#5803 = EDGE_LOOP('',(#5804,#5805,#5806,#5807));
#5804 = ORIENTED_EDGE('',*,*,#5782,.F.);
#5805 = ORIENTED_EDGE('',*,*,#5043,.T.);
#5806 = ORIENTED_EDGE('',*,*,#5165,.T.);
#5807 = ORIENTED_EDGE('',*,*,#5808,.T.);
#5808 = EDGE_CURVE('',#5156,#5783,#5809,.T.);
#5809 = LINE('',#5810,#5811);
#5810 = CARTESIAN_POINT('',(0.9125,-0.703125,0.));
#5811 = VECTOR('',#5812,1.);
#5812 = DIRECTION('',(0.,1.,0.));
#5813 = PLANE('',#5814);
#5814 = AXIS2_PLACEMENT_3D('',#5815,#5816,#5817);
#5815 = CARTESIAN_POINT('',(0.9125,-0.78125,0.75));
#5816 = DIRECTION('',(1.,0.,0.));
#5817 = DIRECTION('',(-0.,1.,0.));
#5818 = ADVANCED_FACE('',(#5819),#5844,.T.);
#5819 = FACE_BOUND('',#5820,.T.);
#5820 = EDGE_LOOP('',(#5821,#5829,#5830,#5838));
#5821 = ORIENTED_EDGE('',*,*,#5822,.T.);
#5822 = EDGE_CURVE('',#5823,#5124,#5825,.T.);
#5823 = VERTEX_POINT('',#5824);
#5824 = CARTESIAN_POINT('',(0.433012701892,0.5,1.75E-02));
#5825 = LINE('',#5826,#5827);
#5826 = CARTESIAN_POINT('',(0.433012701892,0.5,1.75E-02));
#5827 = VECTOR('',#5828,1.);
#5828 = DIRECTION('',(0.,0.,1.));
#5829 = ORIENTED_EDGE('',*,*,#5123,.T.);
#5830 = ORIENTED_EDGE('',*,*,#5831,.F.);
#5831 = EDGE_CURVE('',#5832,#5126,#5834,.T.);
#5832 = VERTEX_POINT('',#5833);
#5833 = CARTESIAN_POINT('',(0.433012701892,-0.5,1.75E-02));
#5834 = LINE('',#5835,#5836);
#5835 = CARTESIAN_POINT('',(0.433012701892,-0.5,1.75E-02));
#5836 = VECTOR('',#5837,1.);
#5837 = DIRECTION('',(0.,0.,1.));
#5838 = ORIENTED_EDGE('',*,*,#5839,.F.);
#5839 = EDGE_CURVE('',#5823,#5832,#5840,.T.);
#5840 = LINE('',#5841,#5842);
#5841 = CARTESIAN_POINT('',(0.433012701892,0.5,1.75E-02));
#5842 = VECTOR('',#5843,1.);
#5843 = DIRECTION('',(0.,-1.,0.));
#5844 = PLANE('',#5845);
#5845 = AXIS2_PLACEMENT_3D('',#5846,#5847,#5848);
#5846 = CARTESIAN_POINT('',(0.433012701892,0.5,1.75E-02));
#5847 = DIRECTION('',(1.,0.,0.));
#5848 = DIRECTION('',(0.,-1.,0.));
#5849 = ADVANCED_FACE('',(#5850),#5868,.T.);
#5850 = FACE_BOUND('',#5851,.T.);
#5851 = EDGE_LOOP('',(#5852,#5860,#5861,#5862));
#5852 = ORIENTED_EDGE('',*,*,#5853,.T.);
#5853 = EDGE_CURVE('',#5854,#5134,#5856,.T.);
#5854 = VERTEX_POINT('',#5855);
#5855 = CARTESIAN_POINT('',(-0.433012701892,0.,1.75E-02));
#5856 = LINE('',#5857,#5858);
#5857 = CARTESIAN_POINT('',(-0.433012701892,0.,1.75E-02));
#5858 = VECTOR('',#5859,1.);
#5859 = DIRECTION('',(0.,0.,1.));
#5860 = ORIENTED_EDGE('',*,*,#5141,.T.);
#5861 = ORIENTED_EDGE('',*,*,#5822,.F.);
#5862 = ORIENTED_EDGE('',*,*,#5863,.F.);
#5863 = EDGE_CURVE('',#5854,#5823,#5864,.T.);
#5864 = LINE('',#5865,#5866);
#5865 = CARTESIAN_POINT('',(-0.433012701892,0.,1.75E-02));
#5866 = VECTOR('',#5867,1.);
#5867 = DIRECTION('',(0.866025403784,0.5,0.));
#5868 = PLANE('',#5869);
#5869 = AXIS2_PLACEMENT_3D('',#5870,#5871,#5872);
#5870 = CARTESIAN_POINT('',(-0.433012701892,0.,1.75E-02));
#5871 = DIRECTION('',(-0.5,0.866025403784,0.));
#5872 = DIRECTION('',(0.866025403784,0.5,0.));
#5873 = ADVANCED_FACE('',(#5874),#5885,.T.);
#5874 = FACE_BOUND('',#5875,.T.);
#5875 = EDGE_LOOP('',(#5876,#5877,#5878,#5879));
#5876 = ORIENTED_EDGE('',*,*,#5831,.T.);
#5877 = ORIENTED_EDGE('',*,*,#5133,.T.);
#5878 = ORIENTED_EDGE('',*,*,#5853,.F.);
#5879 = ORIENTED_EDGE('',*,*,#5880,.F.);
#5880 = EDGE_CURVE('',#5832,#5854,#5881,.T.);
#5881 = LINE('',#5882,#5883);
#5882 = CARTESIAN_POINT('',(0.433012701892,-0.5,1.75E-02));
#5883 = VECTOR('',#5884,1.);
#5884 = DIRECTION('',(-0.866025403784,0.5,0.));
#5885 = PLANE('',#5886);
#5886 = AXIS2_PLACEMENT_3D('',#5887,#5888,#5889);
#5887 = CARTESIAN_POINT('',(0.433012701892,-0.5,1.75E-02));
#5888 = DIRECTION('',(-0.5,-0.866025403784,0.));
#5889 = DIRECTION('',(-0.866025403784,0.5,0.));
#5890 = ADVANCED_FACE('',(#5891),#5913,.F.);
#5891 = FACE_BOUND('',#5892,.F.);
#5892 = EDGE_LOOP('',(#5893,#5901,#5902,#5903,#5904,#5905,#5906,#5907));
#5893 = ORIENTED_EDGE('',*,*,#5894,.F.);
#5894 = EDGE_CURVE('',#5710,#5895,#5897,.T.);
#5895 = VERTEX_POINT('',#5896);
#5896 = CARTESIAN_POINT('',(0.965,0.625,-6.938893903907E-18));
#5897 = LINE('',#5898,#5899);
#5898 = CARTESIAN_POINT('',(0.65,0.625,0.));
#5899 = VECTOR('',#5900,1.);
#5900 = DIRECTION('',(1.,0.,0.));
#5901 = ORIENTED_EDGE('',*,*,#5709,.F.);
#5902 = ORIENTED_EDGE('',*,*,#5742,.F.);
#5903 = ORIENTED_EDGE('',*,*,#5757,.F.);
#5904 = ORIENTED_EDGE('',*,*,#5790,.F.);
#5905 = ORIENTED_EDGE('',*,*,#5808,.F.);
#5906 = ORIENTED_EDGE('',*,*,#5155,.T.);
#5907 = ORIENTED_EDGE('',*,*,#5908,.T.);
#5908 = EDGE_CURVE('',#5158,#5895,#5909,.T.);
#5909 = LINE('',#5910,#5911);
#5910 = CARTESIAN_POINT('',(0.965,-0.625,-6.938893903907E-18));
#5911 = VECTOR('',#5912,1.);
#5912 = DIRECTION('',(0.,1.,0.));
#5913 = PLANE('',#5914);
#5914 = AXIS2_PLACEMENT_3D('',#5915,#5916,#5917);
#5915 = CARTESIAN_POINT('',(0.65,-0.625,0.));
#5916 = DIRECTION('',(0.,0.,1.));
#5917 = DIRECTION('',(1.,0.,-0.));
#5918 = ADVANCED_FACE('',(#5919),#5938,.T.);
#5919 = FACE_BOUND('',#5920,.T.);
#5920 = EDGE_LOOP('',(#5921,#5922,#5923,#5932));
#5921 = ORIENTED_EDGE('',*,*,#5207,.T.);
#5922 = ORIENTED_EDGE('',*,*,#5908,.T.);
#5923 = ORIENTED_EDGE('',*,*,#5924,.F.);
#5924 = EDGE_CURVE('',#5925,#5895,#5927,.T.);
#5925 = VERTEX_POINT('',#5926);
#5926 = CARTESIAN_POINT('',(1.,0.625,3.5E-02));
#5927 = CIRCLE('',#5928,3.5E-02);
#5928 = AXIS2_PLACEMENT_3D('',#5929,#5930,#5931);
#5929 = CARTESIAN_POINT('',(0.965,0.625,3.5E-02));
#5930 = DIRECTION('',(0.,1.,0.));
#5931 = DIRECTION('',(0.,-0.,1.));
#5932 = ORIENTED_EDGE('',*,*,#5933,.F.);
#5933 = EDGE_CURVE('',#5200,#5925,#5934,.T.);
#5934 = LINE('',#5935,#5936);
#5935 = CARTESIAN_POINT('',(1.,-0.625,3.5E-02));
#5936 = VECTOR('',#5937,1.);
#5937 = DIRECTION('',(0.,1.,0.));
#5938 = CYLINDRICAL_SURFACE('',#5939,3.5E-02);
#5939 = AXIS2_PLACEMENT_3D('',#5940,#5941,#5942);
#5940 = CARTESIAN_POINT('',(0.965,-0.625,3.5E-02));
#5941 = DIRECTION('',(0.,1.,0.));
#5942 = DIRECTION('',(1.,0.,0.));
#5943 = ADVANCED_FACE('',(#5944),#5962,.T.);
#5944 = FACE_BOUND('',#5945,.T.);
#5945 = EDGE_LOOP('',(#5946,#5947,#5948,#5956));
#5946 = ORIENTED_EDGE('',*,*,#5199,.F.);
#5947 = ORIENTED_EDGE('',*,*,#5933,.T.);
#5948 = ORIENTED_EDGE('',*,*,#5949,.T.);
#5949 = EDGE_CURVE('',#5925,#5950,#5952,.T.);
#5950 = VERTEX_POINT('',#5951);
#5951 = CARTESIAN_POINT('',(1.,0.625,0.465));
#5952 = LINE('',#5953,#5954);
#5953 = CARTESIAN_POINT('',(1.,0.625,0.));
#5954 = VECTOR('',#5955,1.);
#5955 = DIRECTION('',(0.,0.,1.));
#5956 = ORIENTED_EDGE('',*,*,#5957,.F.);
#5957 = EDGE_CURVE('',#5191,#5950,#5958,.T.);
#5958 = LINE('',#5959,#5960);
#5959 = CARTESIAN_POINT('',(1.,-0.625,0.465));
#5960 = VECTOR('',#5961,1.);
#5961 = DIRECTION('',(0.,1.,0.));
#5962 = PLANE('',#5963);
#5963 = AXIS2_PLACEMENT_3D('',#5964,#5965,#5966);
#5964 = CARTESIAN_POINT('',(1.,-0.625,0.));
#5965 = DIRECTION('',(1.,0.,0.));
#5966 = DIRECTION('',(0.,0.,1.));
#5967 = ADVANCED_FACE('',(#5968),#5987,.T.);
#5968 = FACE_BOUND('',#5969,.T.);
#5969 = EDGE_LOOP('',(#5970,#5971,#5980,#5986));
#5970 = ORIENTED_EDGE('',*,*,#5957,.T.);
#5971 = ORIENTED_EDGE('',*,*,#5972,.T.);
#5972 = EDGE_CURVE('',#5950,#5973,#5975,.T.);
#5973 = VERTEX_POINT('',#5974);
#5974 = CARTESIAN_POINT('',(0.965,0.625,0.5));
#5975 = CIRCLE('',#5976,3.5E-02);
#5976 = AXIS2_PLACEMENT_3D('',#5977,#5978,#5979);
#5977 = CARTESIAN_POINT('',(0.965,0.625,0.465));
#5978 = DIRECTION('',(0.,-1.,0.));
#5979 = DIRECTION('',(0.,0.,1.));
#5980 = ORIENTED_EDGE('',*,*,#5981,.F.);
#5981 = EDGE_CURVE('',#5183,#5973,#5982,.T.);
#5982 = LINE('',#5983,#5984);
#5983 = CARTESIAN_POINT('',(0.965,-0.625,0.5));
#5984 = VECTOR('',#5985,1.);
#5985 = DIRECTION('',(0.,1.,0.));
#5986 = ORIENTED_EDGE('',*,*,#5190,.F.);
#5987 = CYLINDRICAL_SURFACE('',#5988,3.5E-02);
#5988 = AXIS2_PLACEMENT_3D('',#5989,#5990,#5991);
#5989 = CARTESIAN_POINT('',(0.965,-0.625,0.465));
#5990 = DIRECTION('',(0.,1.,0.));
#5991 = DIRECTION('',(1.,0.,0.));
#5992 = ADVANCED_FACE('',(#5993),#6034,.T.);
#5993 = FACE_BOUND('',#5994,.T.);
#5994 = EDGE_LOOP('',(#5995,#6003,#6011,#6017,#6018,#6026,#6032,#6033));
#5995 = ORIENTED_EDGE('',*,*,#5996,.F.);
#5996 = EDGE_CURVE('',#5997,#5973,#5999,.T.);
#5997 = VERTEX_POINT('',#5998);
#5998 = CARTESIAN_POINT('',(0.9125,0.625,0.5));
#5999 = LINE('',#6000,#6001);
#6000 = CARTESIAN_POINT('',(0.65,0.625,0.5));
#6001 = VECTOR('',#6002,1.);
#6002 = DIRECTION('',(1.,0.,0.));
#6003 = ORIENTED_EDGE('',*,*,#6004,.F.);
#6004 = EDGE_CURVE('',#6005,#5997,#6007,.T.);
#6005 = VERTEX_POINT('',#6006);
#6006 = CARTESIAN_POINT('',(0.9125,0.46875,0.5));
#6007 = LINE('',#6008,#6009);
#6008 = CARTESIAN_POINT('',(0.9125,-7.8125E-02,0.5));
#6009 = VECTOR('',#6010,1.);
#6010 = DIRECTION('',(0.,1.,0.));
#6011 = ORIENTED_EDGE('',*,*,#6012,.F.);
#6012 = EDGE_CURVE('',#5288,#6005,#6013,.T.);
#6013 = LINE('',#6014,#6015);
#6014 = CARTESIAN_POINT('',(-0.13125,0.46875,0.5));
#6015 = VECTOR('',#6016,1.);
#6016 = DIRECTION('',(1.,0.,0.));
#6017 = ORIENTED_EDGE('',*,*,#5287,.F.);
#6018 = ORIENTED_EDGE('',*,*,#6019,.F.);
#6019 = EDGE_CURVE('',#6020,#5279,#6022,.T.);
#6020 = VERTEX_POINT('',#6021);
#6021 = CARTESIAN_POINT('',(0.9125,-0.46875,0.5));
#6022 = LINE('',#6023,#6024);
#6023 = CARTESIAN_POINT('',(0.78125,-0.46875,0.5));
#6024 = VECTOR('',#6025,1.);
#6025 = DIRECTION('',(-1.,0.,0.));
#6026 = ORIENTED_EDGE('',*,*,#6027,.F.);
#6027 = EDGE_CURVE('',#5175,#6020,#6028,.T.);
#6028 = LINE('',#6029,#6030);
#6029 = CARTESIAN_POINT('',(0.9125,-0.703125,0.5));
#6030 = VECTOR('',#6031,1.);
#6031 = DIRECTION('',(0.,1.,0.));
#6032 = ORIENTED_EDGE('',*,*,#5182,.T.);
#6033 = ORIENTED_EDGE('',*,*,#5981,.T.);
#6034 = PLANE('',#6035);
#6035 = AXIS2_PLACEMENT_3D('',#6036,#6037,#6038);
#6036 = CARTESIAN_POINT('',(0.65,-0.625,0.5));
#6037 = DIRECTION('',(0.,0.,1.));
#6038 = DIRECTION('',(1.,0.,-0.));
#6039 = ADVANCED_FACE('',(#6040),#6051,.F.);
#6040 = FACE_BOUND('',#6041,.F.);
#6041 = EDGE_LOOP('',(#6042,#6048,#6049,#6050));
#6042 = ORIENTED_EDGE('',*,*,#6043,.F.);
#6043 = EDGE_CURVE('',#6020,#5223,#6044,.T.);
#6044 = LINE('',#6045,#6046);
#6045 = CARTESIAN_POINT('',(0.9125,-0.46875,0.75));
#6046 = VECTOR('',#6047,1.);
#6047 = DIRECTION('',(-0.,-0.,-1.));
#6048 = ORIENTED_EDGE('',*,*,#6027,.F.);
#6049 = ORIENTED_EDGE('',*,*,#5174,.T.);
#6050 = ORIENTED_EDGE('',*,*,#5232,.F.);
#6051 = PLANE('',#6052);
#6052 = AXIS2_PLACEMENT_3D('',#6053,#6054,#6055);
#6053 = CARTESIAN_POINT('',(0.9125,-0.78125,0.75));
#6054 = DIRECTION('',(1.,0.,0.));
#6055 = DIRECTION('',(-0.,1.,0.));
#6056 = ADVANCED_FACE('',(#6057),#6063,.F.);
#6057 = FACE_BOUND('',#6058,.F.);
#6058 = EDGE_LOOP('',(#6059,#6060,#6061,#6062));
#6059 = ORIENTED_EDGE('',*,*,#6019,.F.);
#6060 = ORIENTED_EDGE('',*,*,#6043,.T.);
#6061 = ORIENTED_EDGE('',*,*,#5222,.F.);
#6062 = ORIENTED_EDGE('',*,*,#5278,.T.);
#6063 = PLANE('',#6064);
#6064 = AXIS2_PLACEMENT_3D('',#6065,#6066,#6067);
#6065 = CARTESIAN_POINT('',(0.9125,-0.46875,0.75));
#6066 = DIRECTION('',(0.,1.,0.));
#6067 = DIRECTION('',(-1.,0.,0.));
#6068 = ADVANCED_FACE('',(#6069),#6085,.F.);
#6069 = FACE_BOUND('',#6070,.F.);
#6070 = EDGE_LOOP('',(#6071,#6072,#6078,#6079));
#6071 = ORIENTED_EDGE('',*,*,#6004,.F.);
#6072 = ORIENTED_EDGE('',*,*,#6073,.T.);
#6073 = EDGE_CURVE('',#6005,#5256,#6074,.T.);
#6074 = LINE('',#6075,#6076);
#6075 = CARTESIAN_POINT('',(0.9125,0.46875,0.75));
#6076 = VECTOR('',#6077,1.);
#6077 = DIRECTION('',(-0.,-0.,-1.));
#6078 = ORIENTED_EDGE('',*,*,#5263,.F.);
#6079 = ORIENTED_EDGE('',*,*,#6080,.F.);
#6080 = EDGE_CURVE('',#5997,#5247,#6081,.T.);
#6081 = LINE('',#6082,#6083);
#6082 = CARTESIAN_POINT('',(0.9125,0.625,0.375));
#6083 = VECTOR('',#6084,1.);
#6084 = DIRECTION('',(0.,0.,-1.));
#6085 = PLANE('',#6086);
#6086 = AXIS2_PLACEMENT_3D('',#6087,#6088,#6089);
#6087 = CARTESIAN_POINT('',(0.9125,0.46875,0.75));
#6088 = DIRECTION('',(1.,0.,0.));
#6089 = DIRECTION('',(-0.,1.,0.));
#6090 = ADVANCED_FACE('',(#6091),#6097,.F.);
#6091 = FACE_BOUND('',#6092,.F.);
#6092 = EDGE_LOOP('',(#6093,#6094,#6095,#6096));
#6093 = ORIENTED_EDGE('',*,*,#6073,.F.);
#6094 = ORIENTED_EDGE('',*,*,#6012,.F.);
#6095 = ORIENTED_EDGE('',*,*,#5295,.F.);
#6096 = ORIENTED_EDGE('',*,*,#5255,.F.);
#6097 = PLANE('',#6098);
#6098 = AXIS2_PLACEMENT_3D('',#6099,#6100,#6101);
#6099 = CARTESIAN_POINT('',(-0.9125,0.46875,0.75));
#6100 = DIRECTION('',(0.,-1.,0.));
#6101 = DIRECTION('',(1.,0.,0.));
#6102 = ADVANCED_FACE('',(#6103),#6115,.T.);
#6103 = FACE_BOUND('',#6104,.T.);
#6104 = EDGE_LOOP('',(#6105,#6106,#6107,#6108,#6109,#6110,#6111,#6112,
    #6113,#6114));
#6105 = ORIENTED_EDGE('',*,*,#5483,.F.);
#6106 = ORIENTED_EDGE('',*,*,#5554,.F.);
#6107 = ORIENTED_EDGE('',*,*,#5590,.T.);
#6108 = ORIENTED_EDGE('',*,*,#5614,.T.);
#6109 = ORIENTED_EDGE('',*,*,#5438,.T.);
#6110 = ORIENTED_EDGE('',*,*,#5399,.F.);
#6111 = ORIENTED_EDGE('',*,*,#5326,.F.);
#6112 = ORIENTED_EDGE('',*,*,#5318,.F.);
#6113 = ORIENTED_EDGE('',*,*,#5310,.T.);
#6114 = ORIENTED_EDGE('',*,*,#5685,.F.);
#6115 = PLANE('',#6116);
#6116 = AXIS2_PLACEMENT_3D('',#6117,#6118,#6119);
#6117 = CARTESIAN_POINT('',(-1.,0.625,0.));
#6118 = DIRECTION('',(0.,1.,0.));
#6119 = DIRECTION('',(0.,-0.,1.));
#6120 = ADVANCED_FACE('',(#6121),#6133,.T.);
#6121 = FACE_BOUND('',#6122,.T.);
#6122 = EDGE_LOOP('',(#6123,#6124,#6125,#6126,#6127,#6128,#6129,#6130,
    #6131,#6132));
#6123 = ORIENTED_EDGE('',*,*,#5894,.F.);
#6124 = ORIENTED_EDGE('',*,*,#5717,.F.);
#6125 = ORIENTED_EDGE('',*,*,#5351,.T.);
#6126 = ORIENTED_EDGE('',*,*,#5343,.T.);
#6127 = ORIENTED_EDGE('',*,*,#5335,.F.);
#6128 = ORIENTED_EDGE('',*,*,#6080,.F.);
#6129 = ORIENTED_EDGE('',*,*,#5996,.T.);
#6130 = ORIENTED_EDGE('',*,*,#5972,.F.);
#6131 = ORIENTED_EDGE('',*,*,#5949,.F.);
#6132 = ORIENTED_EDGE('',*,*,#5924,.T.);
#6133 = PLANE('',#6134);
#6134 = AXIS2_PLACEMENT_3D('',#6135,#6136,#6137);
#6135 = CARTESIAN_POINT('',(0.65,0.625,0.));
#6136 = DIRECTION('',(0.,1.,0.));
#6137 = DIRECTION('',(0.,-0.,1.));
#6138 = ADVANCED_FACE('',(#6139),#6144,.T.);
#6139 = FACE_BOUND('',#6140,.T.);
#6140 = EDGE_LOOP('',(#6141,#6142,#6143));
#6141 = ORIENTED_EDGE('',*,*,#5863,.T.);
#6142 = ORIENTED_EDGE('',*,*,#5839,.T.);
#6143 = ORIENTED_EDGE('',*,*,#5880,.T.);
#6144 = PLANE('',#6145);
#6145 = AXIS2_PLACEMENT_3D('',#6146,#6147,#6148);
#6146 = CARTESIAN_POINT('',(0.144337567297,9.251858538543E-18,1.75E-02)
  );
#6147 = DIRECTION('',(-0.,-0.,-1.));
#6148 = DIRECTION('',(-1.,0.,0.));
#6149 = ( GEOMETRIC_REPRESENTATION_CONTEXT(3) 
GLOBAL_UNCERTAINTY_ASSIGNED_CONTEXT((#6153)) 
GLOBAL_UNIT_ASSIGNED_CONTEXT((#6150,#6151,#6152)) REPRESENTATION_CONTEXT
('Context #1','3D Context with UNIT and UNCERTAINTY') );
#6150 = ( LENGTH_UNIT() NAMED_UNIT(*) SI_UNIT(.MILLI.,.METRE.) );
#6151 = ( NAMED_UNIT(*) PLANE_ANGLE_UNIT() SI_UNIT($,.RADIAN.) );
#6152 = ( NAMED_UNIT(*) SI_UNIT($,.STERADIAN.) SOLID_ANGLE_UNIT() );
#6153 = UNCERTAINTY_MEASURE_WITH_UNIT(LENGTH_MEASURE(1.E-07),#6150,
  'distance_accuracy_value','confusion accuracy');
#6154 = CONTEXT_DEPENDENT_SHAPE_REPRESENTATION(#6155,#6157);
#6155 = ( REPRESENTATION_RELATIONSHIP('','',#4625,#4602) 
REPRESENTATION_RELATIONSHIP_WITH_TRANSFORMATION(#6156) 
SHAPE_REPRESENTATION_RELATIONSHIP() );
#6156 = ITEM_DEFINED_TRANSFORMATION('','',#11,#4603);
#6157 = PRODUCT_DEFINITION_SHAPE('Placement','Placement of an item',
  #6158);
#6158 = NEXT_ASSEMBLY_USAGE_OCCURRENCE('40','=>[0:1:1:11]','',#4597,
  #4620,$);
#6159 = PRODUCT_RELATED_PRODUCT_CATEGORY('part',$,(#4622));
#6160 = SHAPE_DEFINITION_REPRESENTATION(#6161,#6167);
#6161 = PRODUCT_DEFINITION_SHAPE('','',#6162);
#6162 = PRODUCT_DEFINITION('design','',#6163,#6166);
#6163 = PRODUCT_DEFINITION_FORMATION('','',#6164);
#6164 = PRODUCT('ledD76C_PCB','ledD76C_PCB','',(#6165));
#6165 = PRODUCT_CONTEXT('',#2,'mechanical');
#6166 = PRODUCT_DEFINITION_CONTEXT('part definition',#2,'design');
#6167 = ADVANCED_BREP_SHAPE_REPRESENTATION('',(#11,#6168),#8202);
#6168 = MANIFOLD_SOLID_BREP('',#6169);
#6169 = CLOSED_SHELL('',(#6170,#6212,#6243,#6274,#6790,#7306,#7323,#7340
    ,#7357,#7374,#7386,#7403,#7420,#7437,#7459,#7476,#7493,#7505,#7527,
    #7544,#7561,#7573,#7595,#7612,#7629,#7641,#7663,#7680,#7697,#7709,
    #7726,#7743,#7760,#7777,#7794,#7811,#7833,#7850,#7867,#7884,#7901,
    #7913,#7930,#7947,#7964,#7981,#7998,#8015,#8032,#8049,#8066,#8083,
    #8105,#8122,#8139,#8156,#8173,#8185));
#6170 = ADVANCED_FACE('',(#6171),#6207,.T.);
#6171 = FACE_BOUND('',#6172,.T.);
#6172 = EDGE_LOOP('',(#6173,#6183,#6192,#6200));
#6173 = ORIENTED_EDGE('',*,*,#6174,.T.);
#6174 = EDGE_CURVE('',#6175,#6177,#6179,.T.);
#6175 = VERTEX_POINT('',#6176);
#6176 = CARTESIAN_POINT('',(120.9,-56.325,0.));
#6177 = VERTEX_POINT('',#6178);
#6178 = CARTESIAN_POINT('',(120.9,-56.325,1.6));
#6179 = LINE('',#6180,#6181);
#6180 = CARTESIAN_POINT('',(120.9,-56.325,0.));
#6181 = VECTOR('',#6182,1.);
#6182 = DIRECTION('',(0.,0.,1.));
#6183 = ORIENTED_EDGE('',*,*,#6184,.T.);
#6184 = EDGE_CURVE('',#6177,#6185,#6187,.T.);
#6185 = VERTEX_POINT('',#6186);
#6186 = CARTESIAN_POINT('',(124.9,-60.325,1.6));
#6187 = CIRCLE('',#6188,4.00000042591);
#6188 = AXIS2_PLACEMENT_3D('',#6189,#6190,#6191);
#6189 = CARTESIAN_POINT('',(120.89999957409,-60.32500042591,1.6));
#6190 = DIRECTION('',(0.,0.,-1.));
#6191 = DIRECTION('',(1.064775389949E-07,1.,0.));
#6192 = ORIENTED_EDGE('',*,*,#6193,.F.);
#6193 = EDGE_CURVE('',#6194,#6185,#6196,.T.);
#6194 = VERTEX_POINT('',#6195);
#6195 = CARTESIAN_POINT('',(124.9,-60.325,0.));
#6196 = LINE('',#6197,#6198);
#6197 = CARTESIAN_POINT('',(124.9,-60.325,0.));
#6198 = VECTOR('',#6199,1.);
#6199 = DIRECTION('',(0.,0.,1.));
#6200 = ORIENTED_EDGE('',*,*,#6201,.F.);
#6201 = EDGE_CURVE('',#6175,#6194,#6202,.T.);
#6202 = CIRCLE('',#6203,4.00000042591);
#6203 = AXIS2_PLACEMENT_3D('',#6204,#6205,#6206);
#6204 = CARTESIAN_POINT('',(120.89999957409,-60.32500042591,0.));
#6205 = DIRECTION('',(0.,0.,-1.));
#6206 = DIRECTION('',(1.064775389949E-07,1.,0.));
#6207 = CYLINDRICAL_SURFACE('',#6208,4.00000042591);
#6208 = AXIS2_PLACEMENT_3D('',#6209,#6210,#6211);
#6209 = CARTESIAN_POINT('',(120.89999957409,-60.32500042591,0.));
#6210 = DIRECTION('',(0.,0.,-1.));
#6211 = DIRECTION('',(1.064775389949E-07,1.,0.));
#6212 = ADVANCED_FACE('',(#6213),#6238,.T.);
#6213 = FACE_BOUND('',#6214,.T.);
#6214 = EDGE_LOOP('',(#6215,#6225,#6231,#6232));
#6215 = ORIENTED_EDGE('',*,*,#6216,.T.);
#6216 = EDGE_CURVE('',#6217,#6219,#6221,.T.);
#6217 = VERTEX_POINT('',#6218);
#6218 = CARTESIAN_POINT('',(83.9,-56.325,0.));
#6219 = VERTEX_POINT('',#6220);
#6220 = CARTESIAN_POINT('',(83.9,-56.325,1.6));
#6221 = LINE('',#6222,#6223);
#6222 = CARTESIAN_POINT('',(83.9,-56.325,0.));
#6223 = VECTOR('',#6224,1.);
#6224 = DIRECTION('',(0.,0.,1.));
#6225 = ORIENTED_EDGE('',*,*,#6226,.T.);
#6226 = EDGE_CURVE('',#6219,#6177,#6227,.T.);
#6227 = LINE('',#6228,#6229);
#6228 = CARTESIAN_POINT('',(83.9,-56.325,1.6));
#6229 = VECTOR('',#6230,1.);
#6230 = DIRECTION('',(1.,0.,0.));
#6231 = ORIENTED_EDGE('',*,*,#6174,.F.);
#6232 = ORIENTED_EDGE('',*,*,#6233,.F.);
#6233 = EDGE_CURVE('',#6217,#6175,#6234,.T.);
#6234 = LINE('',#6235,#6236);
#6235 = CARTESIAN_POINT('',(83.9,-56.325,0.));
#6236 = VECTOR('',#6237,1.);
#6237 = DIRECTION('',(1.,0.,0.));
#6238 = PLANE('',#6239);
#6239 = AXIS2_PLACEMENT_3D('',#6240,#6241,#6242);
#6240 = CARTESIAN_POINT('',(83.9,-56.325,0.));
#6241 = DIRECTION('',(0.,1.,0.));
#6242 = DIRECTION('',(1.,0.,0.));
#6243 = ADVANCED_FACE('',(#6244),#6269,.T.);
#6244 = FACE_BOUND('',#6245,.T.);
#6245 = EDGE_LOOP('',(#6246,#6247,#6255,#6263));
#6246 = ORIENTED_EDGE('',*,*,#6193,.T.);
#6247 = ORIENTED_EDGE('',*,*,#6248,.T.);
#6248 = EDGE_CURVE('',#6185,#6249,#6251,.T.);
#6249 = VERTEX_POINT('',#6250);
#6250 = CARTESIAN_POINT('',(124.9,-97.325,1.6));
#6251 = LINE('',#6252,#6253);
#6252 = CARTESIAN_POINT('',(124.9,-60.325,1.6));
#6253 = VECTOR('',#6254,1.);
#6254 = DIRECTION('',(0.,-1.,0.));
#6255 = ORIENTED_EDGE('',*,*,#6256,.F.);
#6256 = EDGE_CURVE('',#6257,#6249,#6259,.T.);
#6257 = VERTEX_POINT('',#6258);
#6258 = CARTESIAN_POINT('',(124.9,-97.325,0.));
#6259 = LINE('',#6260,#6261);
#6260 = CARTESIAN_POINT('',(124.9,-97.325,0.));
#6261 = VECTOR('',#6262,1.);
#6262 = DIRECTION('',(0.,0.,1.));
#6263 = ORIENTED_EDGE('',*,*,#6264,.F.);
#6264 = EDGE_CURVE('',#6194,#6257,#6265,.T.);
#6265 = LINE('',#6266,#6267);
#6266 = CARTESIAN_POINT('',(124.9,-60.325,0.));
#6267 = VECTOR('',#6268,1.);
#6268 = DIRECTION('',(0.,-1.,0.));
#6269 = PLANE('',#6270);
#6270 = AXIS2_PLACEMENT_3D('',#6271,#6272,#6273);
#6271 = CARTESIAN_POINT('',(124.9,-60.325,0.));
#6272 = DIRECTION('',(1.,0.,-0.));
#6273 = DIRECTION('',(0.,-1.,0.));
#6274 = ADVANCED_FACE('',(#6275,#6321,#6332,#6343,#6354,#6390,#6426,
    #6462,#6498,#6509,#6520,#6531,#6542,#6553,#6564,#6614,#6625,#6636,
    #6647,#6658,#6669,#6680,#6691,#6702,#6713,#6724,#6774),#6785,.F.);
#6275 = FACE_BOUND('',#6276,.F.);
#6276 = EDGE_LOOP('',(#6277,#6278,#6279,#6288,#6296,#6305,#6313,#6320));
#6277 = ORIENTED_EDGE('',*,*,#6201,.F.);
#6278 = ORIENTED_EDGE('',*,*,#6233,.F.);
#6279 = ORIENTED_EDGE('',*,*,#6280,.F.);
#6280 = EDGE_CURVE('',#6281,#6217,#6283,.T.);
#6281 = VERTEX_POINT('',#6282);
#6282 = CARTESIAN_POINT('',(79.9,-60.325,0.));
#6283 = CIRCLE('',#6284,4.00000042591);
#6284 = AXIS2_PLACEMENT_3D('',#6285,#6286,#6287);
#6285 = CARTESIAN_POINT('',(83.90000042591,-60.32500042591,0.));
#6286 = DIRECTION('',(0.,0.,-1.));
#6287 = DIRECTION('',(-1.,1.064775318894E-07,0.));
#6288 = ORIENTED_EDGE('',*,*,#6289,.F.);
#6289 = EDGE_CURVE('',#6290,#6281,#6292,.T.);
#6290 = VERTEX_POINT('',#6291);
#6291 = CARTESIAN_POINT('',(79.9,-97.325,0.));
#6292 = LINE('',#6293,#6294);
#6293 = CARTESIAN_POINT('',(79.9,-97.325,0.));
#6294 = VECTOR('',#6295,1.);
#6295 = DIRECTION('',(0.,1.,0.));
#6296 = ORIENTED_EDGE('',*,*,#6297,.F.);
#6297 = EDGE_CURVE('',#6298,#6290,#6300,.T.);
#6298 = VERTEX_POINT('',#6299);
#6299 = CARTESIAN_POINT('',(83.9,-101.325,0.));
#6300 = CIRCLE('',#6301,4.00000042591);
#6301 = AXIS2_PLACEMENT_3D('',#6302,#6303,#6304);
#6302 = CARTESIAN_POINT('',(83.90000042591,-97.32499957409,0.));
#6303 = DIRECTION('',(0.,0.,-1.));
#6304 = DIRECTION('',(-1.064775389949E-07,-1.,-0.));
#6305 = ORIENTED_EDGE('',*,*,#6306,.F.);
#6306 = EDGE_CURVE('',#6307,#6298,#6309,.T.);
#6307 = VERTEX_POINT('',#6308);
#6308 = CARTESIAN_POINT('',(120.9,-101.325,0.));
#6309 = LINE('',#6310,#6311);
#6310 = CARTESIAN_POINT('',(120.9,-101.325,0.));
#6311 = VECTOR('',#6312,1.);
#6312 = DIRECTION('',(-1.,0.,0.));
#6313 = ORIENTED_EDGE('',*,*,#6314,.F.);
#6314 = EDGE_CURVE('',#6257,#6307,#6315,.T.);
#6315 = CIRCLE('',#6316,4.00000042591);
#6316 = AXIS2_PLACEMENT_3D('',#6317,#6318,#6319);
#6317 = CARTESIAN_POINT('',(120.89999957409,-97.32499957409,0.));
#6318 = DIRECTION('',(0.,0.,-1.));
#6319 = DIRECTION('',(1.,-1.064775425476E-07,0.));
#6320 = ORIENTED_EDGE('',*,*,#6264,.F.);
#6321 = FACE_BOUND('',#6322,.F.);
#6322 = EDGE_LOOP('',(#6323));
#6323 = ORIENTED_EDGE('',*,*,#6324,.T.);
#6324 = EDGE_CURVE('',#6325,#6325,#6327,.T.);
#6325 = VERTEX_POINT('',#6326);
#6326 = CARTESIAN_POINT('',(83.9,-98.425,0.));
#6327 = CIRCLE('',#6328,1.1);
#6328 = AXIS2_PLACEMENT_3D('',#6329,#6330,#6331);
#6329 = CARTESIAN_POINT('',(83.9,-97.325,0.));
#6330 = DIRECTION('',(-0.,0.,-1.));
#6331 = DIRECTION('',(-0.,-1.,0.));
#6332 = FACE_BOUND('',#6333,.F.);
#6333 = EDGE_LOOP('',(#6334));
#6334 = ORIENTED_EDGE('',*,*,#6335,.T.);
#6335 = EDGE_CURVE('',#6336,#6336,#6338,.T.);
#6336 = VERTEX_POINT('',#6337);
#6337 = CARTESIAN_POINT('',(82.45,-91.23,0.));
#6338 = CIRCLE('',#6339,0.355);
#6339 = AXIS2_PLACEMENT_3D('',#6340,#6341,#6342);
#6340 = CARTESIAN_POINT('',(82.45,-90.875,0.));
#6341 = DIRECTION('',(-0.,0.,-1.));
#6342 = DIRECTION('',(-0.,-1.,0.));
#6343 = FACE_BOUND('',#6344,.F.);
#6344 = EDGE_LOOP('',(#6345));
#6345 = ORIENTED_EDGE('',*,*,#6346,.T.);
#6346 = EDGE_CURVE('',#6347,#6347,#6349,.T.);
#6347 = VERTEX_POINT('',#6348);
#6348 = CARTESIAN_POINT('',(87.55,-92.83,0.));
#6349 = CIRCLE('',#6350,0.355);
#6350 = AXIS2_PLACEMENT_3D('',#6351,#6352,#6353);
#6351 = CARTESIAN_POINT('',(87.55,-92.475,0.));
#6352 = DIRECTION('',(-0.,0.,-1.));
#6353 = DIRECTION('',(-0.,-1.,0.));
#6354 = FACE_BOUND('',#6355,.F.);
#6355 = EDGE_LOOP('',(#6356,#6367,#6375,#6384));
#6356 = ORIENTED_EDGE('',*,*,#6357,.T.);
#6357 = EDGE_CURVE('',#6358,#6360,#6362,.T.);
#6358 = VERTEX_POINT('',#6359);
#6359 = CARTESIAN_POINT('',(101.176,-100.65,0.));
#6360 = VERTEX_POINT('',#6361);
#6361 = CARTESIAN_POINT('',(100.676,-100.65,0.));
#6362 = CIRCLE('',#6363,0.25);
#6363 = AXIS2_PLACEMENT_3D('',#6364,#6365,#6366);
#6364 = CARTESIAN_POINT('',(100.926,-100.65,0.));
#6365 = DIRECTION('',(-0.,0.,-1.));
#6366 = DIRECTION('',(-1.,0.,0.));
#6367 = ORIENTED_EDGE('',*,*,#6368,.T.);
#6368 = EDGE_CURVE('',#6360,#6369,#6371,.T.);
#6369 = VERTEX_POINT('',#6370);
#6370 = CARTESIAN_POINT('',(100.676,-99.95,0.));
#6371 = LINE('',#6372,#6373);
#6372 = CARTESIAN_POINT('',(100.676,-49.975,0.));
#6373 = VECTOR('',#6374,1.);
#6374 = DIRECTION('',(-0.,1.,0.));
#6375 = ORIENTED_EDGE('',*,*,#6376,.T.);
#6376 = EDGE_CURVE('',#6369,#6377,#6379,.T.);
#6377 = VERTEX_POINT('',#6378);
#6378 = CARTESIAN_POINT('',(101.176,-99.95,0.));
#6379 = CIRCLE('',#6380,0.25);
#6380 = AXIS2_PLACEMENT_3D('',#6381,#6382,#6383);
#6381 = CARTESIAN_POINT('',(100.926,-99.95,0.));
#6382 = DIRECTION('',(0.,-0.,-1.));
#6383 = DIRECTION('',(1.,0.,-0.));
#6384 = ORIENTED_EDGE('',*,*,#6385,.T.);
#6385 = EDGE_CURVE('',#6377,#6358,#6386,.T.);
#6386 = LINE('',#6387,#6388);
#6387 = CARTESIAN_POINT('',(101.176,-50.325,0.));
#6388 = VECTOR('',#6389,1.);
#6389 = DIRECTION('',(0.,-1.,0.));
#6390 = FACE_BOUND('',#6391,.F.);
#6391 = EDGE_LOOP('',(#6392,#6403,#6411,#6420));
#6392 = ORIENTED_EDGE('',*,*,#6393,.T.);
#6393 = EDGE_CURVE('',#6394,#6396,#6398,.T.);
#6394 = VERTEX_POINT('',#6395);
#6395 = CARTESIAN_POINT('',(101.176,-96.85,0.));
#6396 = VERTEX_POINT('',#6397);
#6397 = CARTESIAN_POINT('',(100.676,-96.85,0.));
#6398 = CIRCLE('',#6399,0.25);
#6399 = AXIS2_PLACEMENT_3D('',#6400,#6401,#6402);
#6400 = CARTESIAN_POINT('',(100.926,-96.85,0.));
#6401 = DIRECTION('',(-0.,0.,-1.));
#6402 = DIRECTION('',(-1.,0.,0.));
#6403 = ORIENTED_EDGE('',*,*,#6404,.T.);
#6404 = EDGE_CURVE('',#6396,#6405,#6407,.T.);
#6405 = VERTEX_POINT('',#6406);
#6406 = CARTESIAN_POINT('',(100.676,-96.15,0.));
#6407 = LINE('',#6408,#6409);
#6408 = CARTESIAN_POINT('',(100.676,-48.075,0.));
#6409 = VECTOR('',#6410,1.);
#6410 = DIRECTION('',(-0.,1.,0.));
#6411 = ORIENTED_EDGE('',*,*,#6412,.T.);
#6412 = EDGE_CURVE('',#6405,#6413,#6415,.T.);
#6413 = VERTEX_POINT('',#6414);
#6414 = CARTESIAN_POINT('',(101.176,-96.15,0.));
#6415 = CIRCLE('',#6416,0.25);
#6416 = AXIS2_PLACEMENT_3D('',#6417,#6418,#6419);
#6417 = CARTESIAN_POINT('',(100.926,-96.15,0.));
#6418 = DIRECTION('',(0.,-0.,-1.));
#6419 = DIRECTION('',(1.,0.,-0.));
#6420 = ORIENTED_EDGE('',*,*,#6421,.T.);
#6421 = EDGE_CURVE('',#6413,#6394,#6422,.T.);
#6422 = LINE('',#6423,#6424);
#6423 = CARTESIAN_POINT('',(101.176,-48.425,0.));
#6424 = VECTOR('',#6425,1.);
#6425 = DIRECTION('',(0.,-1.,0.));
#6426 = FACE_BOUND('',#6427,.F.);
#6427 = EDGE_LOOP('',(#6428,#6439,#6447,#6456));
#6428 = ORIENTED_EDGE('',*,*,#6429,.T.);
#6429 = EDGE_CURVE('',#6430,#6432,#6434,.T.);
#6430 = VERTEX_POINT('',#6431);
#6431 = CARTESIAN_POINT('',(109.816,-100.65,0.));
#6432 = VERTEX_POINT('',#6433);
#6433 = CARTESIAN_POINT('',(109.316,-100.65,0.));
#6434 = CIRCLE('',#6435,0.25);
#6435 = AXIS2_PLACEMENT_3D('',#6436,#6437,#6438);
#6436 = CARTESIAN_POINT('',(109.566,-100.65,0.));
#6437 = DIRECTION('',(-0.,0.,-1.));
#6438 = DIRECTION('',(-1.,0.,0.));
#6439 = ORIENTED_EDGE('',*,*,#6440,.T.);
#6440 = EDGE_CURVE('',#6432,#6441,#6443,.T.);
#6441 = VERTEX_POINT('',#6442);
#6442 = CARTESIAN_POINT('',(109.316,-99.95,0.));
#6443 = LINE('',#6444,#6445);
#6444 = CARTESIAN_POINT('',(109.316,-49.975,0.));
#6445 = VECTOR('',#6446,1.);
#6446 = DIRECTION('',(-0.,1.,0.));
#6447 = ORIENTED_EDGE('',*,*,#6448,.T.);
#6448 = EDGE_CURVE('',#6441,#6449,#6451,.T.);
#6449 = VERTEX_POINT('',#6450);
#6450 = CARTESIAN_POINT('',(109.816,-99.95,0.));
#6451 = CIRCLE('',#6452,0.25);
#6452 = AXIS2_PLACEMENT_3D('',#6453,#6454,#6455);
#6453 = CARTESIAN_POINT('',(109.566,-99.95,0.));
#6454 = DIRECTION('',(0.,-0.,-1.));
#6455 = DIRECTION('',(1.,0.,-0.));
#6456 = ORIENTED_EDGE('',*,*,#6457,.T.);
#6457 = EDGE_CURVE('',#6449,#6430,#6458,.T.);
#6458 = LINE('',#6459,#6460);
#6459 = CARTESIAN_POINT('',(109.816,-50.325,0.));
#6460 = VECTOR('',#6461,1.);
#6461 = DIRECTION('',(0.,-1.,0.));
#6462 = FACE_BOUND('',#6463,.F.);
#6463 = EDGE_LOOP('',(#6464,#6475,#6483,#6492));
#6464 = ORIENTED_EDGE('',*,*,#6465,.T.);
#6465 = EDGE_CURVE('',#6466,#6468,#6470,.T.);
#6466 = VERTEX_POINT('',#6467);
#6467 = CARTESIAN_POINT('',(109.816,-96.85,0.));
#6468 = VERTEX_POINT('',#6469);
#6469 = CARTESIAN_POINT('',(109.316,-96.85,0.));
#6470 = CIRCLE('',#6471,0.25);
#6471 = AXIS2_PLACEMENT_3D('',#6472,#6473,#6474);
#6472 = CARTESIAN_POINT('',(109.566,-96.85,0.));
#6473 = DIRECTION('',(-0.,0.,-1.));
#6474 = DIRECTION('',(-1.,0.,0.));
#6475 = ORIENTED_EDGE('',*,*,#6476,.T.);
#6476 = EDGE_CURVE('',#6468,#6477,#6479,.T.);
#6477 = VERTEX_POINT('',#6478);
#6478 = CARTESIAN_POINT('',(109.316,-96.15,0.));
#6479 = LINE('',#6480,#6481);
#6480 = CARTESIAN_POINT('',(109.316,-48.075,0.));
#6481 = VECTOR('',#6482,1.);
#6482 = DIRECTION('',(-0.,1.,0.));
#6483 = ORIENTED_EDGE('',*,*,#6484,.T.);
#6484 = EDGE_CURVE('',#6477,#6485,#6487,.T.);
#6485 = VERTEX_POINT('',#6486);
#6486 = CARTESIAN_POINT('',(109.816,-96.15,0.));
#6487 = CIRCLE('',#6488,0.25);
#6488 = AXIS2_PLACEMENT_3D('',#6489,#6490,#6491);
#6489 = CARTESIAN_POINT('',(109.566,-96.15,0.));
#6490 = DIRECTION('',(0.,-0.,-1.));
#6491 = DIRECTION('',(1.,0.,-0.));
#6492 = ORIENTED_EDGE('',*,*,#6493,.T.);
#6493 = EDGE_CURVE('',#6485,#6466,#6494,.T.);
#6494 = LINE('',#6495,#6496);
#6495 = CARTESIAN_POINT('',(109.816,-48.425,0.));
#6496 = VECTOR('',#6497,1.);
#6497 = DIRECTION('',(0.,-1.,0.));
#6498 = FACE_BOUND('',#6499,.F.);
#6499 = EDGE_LOOP('',(#6500));
#6500 = ORIENTED_EDGE('',*,*,#6501,.T.);
#6501 = EDGE_CURVE('',#6502,#6502,#6504,.T.);
#6502 = VERTEX_POINT('',#6503);
#6503 = CARTESIAN_POINT('',(115.46,-96.17,0.));
#6504 = CIRCLE('',#6505,0.4);
#6505 = AXIS2_PLACEMENT_3D('',#6506,#6507,#6508);
#6506 = CARTESIAN_POINT('',(115.46,-95.77,0.));
#6507 = DIRECTION('',(-0.,0.,-1.));
#6508 = DIRECTION('',(-3.552713678801E-14,-1.,0.));
#6509 = FACE_BOUND('',#6510,.F.);
#6510 = EDGE_LOOP('',(#6511));
#6511 = ORIENTED_EDGE('',*,*,#6512,.T.);
#6512 = EDGE_CURVE('',#6513,#6513,#6515,.T.);
#6513 = VERTEX_POINT('',#6514);
#6514 = CARTESIAN_POINT('',(118.,-98.71,0.));
#6515 = CIRCLE('',#6516,0.4);
#6516 = AXIS2_PLACEMENT_3D('',#6517,#6518,#6519);
#6517 = CARTESIAN_POINT('',(118.,-98.31,0.));
#6518 = DIRECTION('',(-0.,0.,-1.));
#6519 = DIRECTION('',(-0.,-1.,0.));
#6520 = FACE_BOUND('',#6521,.F.);
#6521 = EDGE_LOOP('',(#6522));
#6522 = ORIENTED_EDGE('',*,*,#6523,.T.);
#6523 = EDGE_CURVE('',#6524,#6524,#6526,.T.);
#6524 = VERTEX_POINT('',#6525);
#6525 = CARTESIAN_POINT('',(120.54,-96.17,0.));
#6526 = CIRCLE('',#6527,0.4);
#6527 = AXIS2_PLACEMENT_3D('',#6528,#6529,#6530);
#6528 = CARTESIAN_POINT('',(120.54,-95.77,0.));
#6529 = DIRECTION('',(-0.,0.,-1.));
#6530 = DIRECTION('',(3.5527136788E-14,-1.,-0.));
#6531 = FACE_BOUND('',#6532,.F.);
#6532 = EDGE_LOOP('',(#6533));
#6533 = ORIENTED_EDGE('',*,*,#6534,.T.);
#6534 = EDGE_CURVE('',#6535,#6535,#6537,.T.);
#6535 = VERTEX_POINT('',#6536);
#6536 = CARTESIAN_POINT('',(114.195,-91.9125,0.));
#6537 = CIRCLE('',#6538,0.4);
#6538 = AXIS2_PLACEMENT_3D('',#6539,#6540,#6541);
#6539 = CARTESIAN_POINT('',(114.195,-91.5125,0.));
#6540 = DIRECTION('',(-0.,0.,-1.));
#6541 = DIRECTION('',(-0.,-1.,0.));
#6542 = FACE_BOUND('',#6543,.F.);
#6543 = EDGE_LOOP('',(#6544));
#6544 = ORIENTED_EDGE('',*,*,#6545,.T.);
#6545 = EDGE_CURVE('',#6546,#6546,#6548,.T.);
#6546 = VERTEX_POINT('',#6547);
#6547 = CARTESIAN_POINT('',(121.815,-91.9125,0.));
#6548 = CIRCLE('',#6549,0.4);
#6549 = AXIS2_PLACEMENT_3D('',#6550,#6551,#6552);
#6550 = CARTESIAN_POINT('',(121.815,-91.5125,0.));
#6551 = DIRECTION('',(-0.,0.,-1.));
#6552 = DIRECTION('',(-0.,-1.,0.));
#6553 = FACE_BOUND('',#6554,.F.);
#6554 = EDGE_LOOP('',(#6555));
#6555 = ORIENTED_EDGE('',*,*,#6556,.T.);
#6556 = EDGE_CURVE('',#6557,#6557,#6559,.T.);
#6557 = VERTEX_POINT('',#6558);
#6558 = CARTESIAN_POINT('',(91.195,-65.9125,0.));
#6559 = CIRCLE('',#6560,0.4);
#6560 = AXIS2_PLACEMENT_3D('',#6561,#6562,#6563);
#6561 = CARTESIAN_POINT('',(91.195,-65.5125,0.));
#6562 = DIRECTION('',(-0.,0.,-1.));
#6563 = DIRECTION('',(-0.,-1.,0.));
#6564 = FACE_BOUND('',#6565,.F.);
#6565 = EDGE_LOOP('',(#6566,#6576,#6584,#6592,#6600,#6608));
#6566 = ORIENTED_EDGE('',*,*,#6567,.F.);
#6567 = EDGE_CURVE('',#6568,#6570,#6572,.T.);
#6568 = VERTEX_POINT('',#6569);
#6569 = CARTESIAN_POINT('',(87.9,-63.325,0.));
#6570 = VERTEX_POINT('',#6571);
#6571 = CARTESIAN_POINT('',(81.3,-63.325,0.));
#6572 = LINE('',#6573,#6574);
#6573 = CARTESIAN_POINT('',(87.9,-63.325,0.));
#6574 = VECTOR('',#6575,1.);
#6575 = DIRECTION('',(-1.,0.,0.));
#6576 = ORIENTED_EDGE('',*,*,#6577,.F.);
#6577 = EDGE_CURVE('',#6578,#6568,#6580,.T.);
#6578 = VERTEX_POINT('',#6579);
#6579 = CARTESIAN_POINT('',(87.9,-57.575,0.));
#6580 = LINE('',#6581,#6582);
#6581 = CARTESIAN_POINT('',(87.9,-57.575,0.));
#6582 = VECTOR('',#6583,1.);
#6583 = DIRECTION('',(0.,-1.,0.));
#6584 = ORIENTED_EDGE('',*,*,#6585,.F.);
#6585 = EDGE_CURVE('',#6586,#6578,#6588,.T.);
#6586 = VERTEX_POINT('',#6587);
#6587 = CARTESIAN_POINT('',(89.9,-57.575,0.));
#6588 = LINE('',#6589,#6590);
#6589 = CARTESIAN_POINT('',(89.9,-57.575,0.));
#6590 = VECTOR('',#6591,1.);
#6591 = DIRECTION('',(-1.,0.,0.));
#6592 = ORIENTED_EDGE('',*,*,#6593,.F.);
#6593 = EDGE_CURVE('',#6594,#6586,#6596,.T.);
#6594 = VERTEX_POINT('',#6595);
#6595 = CARTESIAN_POINT('',(89.9,-65.525,0.));
#6596 = LINE('',#6597,#6598);
#6597 = CARTESIAN_POINT('',(89.9,-65.525,0.));
#6598 = VECTOR('',#6599,1.);
#6599 = DIRECTION('',(0.,1.,0.));
#6600 = ORIENTED_EDGE('',*,*,#6601,.F.);
#6601 = EDGE_CURVE('',#6602,#6594,#6604,.T.);
#6602 = VERTEX_POINT('',#6603);
#6603 = CARTESIAN_POINT('',(81.3,-65.525,0.));
#6604 = LINE('',#6605,#6606);
#6605 = CARTESIAN_POINT('',(81.3,-65.525,0.));
#6606 = VECTOR('',#6607,1.);
#6607 = DIRECTION('',(1.,0.,0.));
#6608 = ORIENTED_EDGE('',*,*,#6609,.F.);
#6609 = EDGE_CURVE('',#6570,#6602,#6610,.T.);
#6610 = LINE('',#6611,#6612);
#6611 = CARTESIAN_POINT('',(81.3,-63.325,0.));
#6612 = VECTOR('',#6613,1.);
#6613 = DIRECTION('',(0.,-1.,0.));
#6614 = FACE_BOUND('',#6615,.F.);
#6615 = EDGE_LOOP('',(#6616));
#6616 = ORIENTED_EDGE('',*,*,#6617,.T.);
#6617 = EDGE_CURVE('',#6618,#6618,#6620,.T.);
#6618 = VERTEX_POINT('',#6619);
#6619 = CARTESIAN_POINT('',(98.815,-65.9125,0.));
#6620 = CIRCLE('',#6621,0.4);
#6621 = AXIS2_PLACEMENT_3D('',#6622,#6623,#6624);
#6622 = CARTESIAN_POINT('',(98.815,-65.5125,0.));
#6623 = DIRECTION('',(-0.,0.,-1.));
#6624 = DIRECTION('',(-0.,-1.,0.));
#6625 = FACE_BOUND('',#6626,.F.);
#6626 = EDGE_LOOP('',(#6627));
#6627 = ORIENTED_EDGE('',*,*,#6628,.T.);
#6628 = EDGE_CURVE('',#6629,#6629,#6631,.T.);
#6629 = VERTEX_POINT('',#6630);
#6630 = CARTESIAN_POINT('',(95.,-61.71,0.));
#6631 = CIRCLE('',#6632,0.4);
#6632 = AXIS2_PLACEMENT_3D('',#6633,#6634,#6635);
#6633 = CARTESIAN_POINT('',(95.,-61.31,0.));
#6634 = DIRECTION('',(-0.,0.,-1.));
#6635 = DIRECTION('',(-0.,-1.,0.));
#6636 = FACE_BOUND('',#6637,.F.);
#6637 = EDGE_LOOP('',(#6638));
#6638 = ORIENTED_EDGE('',*,*,#6639,.T.);
#6639 = EDGE_CURVE('',#6640,#6640,#6642,.T.);
#6640 = VERTEX_POINT('',#6641);
#6641 = CARTESIAN_POINT('',(92.46,-59.17,0.));
#6642 = CIRCLE('',#6643,0.4);
#6643 = AXIS2_PLACEMENT_3D('',#6644,#6645,#6646);
#6644 = CARTESIAN_POINT('',(92.46,-58.77,0.));
#6645 = DIRECTION('',(-0.,0.,-1.));
#6646 = DIRECTION('',(-3.552713678801E-14,-1.,0.));
#6647 = FACE_BOUND('',#6648,.F.);
#6648 = EDGE_LOOP('',(#6649));
#6649 = ORIENTED_EDGE('',*,*,#6650,.T.);
#6650 = EDGE_CURVE('',#6651,#6651,#6653,.T.);
#6651 = VERTEX_POINT('',#6652);
#6652 = CARTESIAN_POINT('',(97.54,-59.17,0.));
#6653 = CIRCLE('',#6654,0.4);
#6654 = AXIS2_PLACEMENT_3D('',#6655,#6656,#6657);
#6655 = CARTESIAN_POINT('',(97.54,-58.77,0.));
#6656 = DIRECTION('',(-0.,0.,-1.));
#6657 = DIRECTION('',(3.5527136788E-14,-1.,-0.));
#6658 = FACE_BOUND('',#6659,.F.);
#6659 = EDGE_LOOP('',(#6660));
#6660 = ORIENTED_EDGE('',*,*,#6661,.T.);
#6661 = EDGE_CURVE('',#6662,#6662,#6664,.T.);
#6662 = VERTEX_POINT('',#6663);
#6663 = CARTESIAN_POINT('',(120.9,-79.925,0.));
#6664 = CIRCLE('',#6665,1.1);
#6665 = AXIS2_PLACEMENT_3D('',#6666,#6667,#6668);
#6666 = CARTESIAN_POINT('',(120.9,-78.825,0.));
#6667 = DIRECTION('',(-0.,0.,-1.));
#6668 = DIRECTION('',(-0.,-1.,0.));
#6669 = FACE_BOUND('',#6670,.F.);
#6670 = EDGE_LOOP('',(#6671));
#6671 = ORIENTED_EDGE('',*,*,#6672,.T.);
#6672 = EDGE_CURVE('',#6673,#6673,#6675,.T.);
#6673 = VERTEX_POINT('',#6674);
#6674 = CARTESIAN_POINT('',(106.195,-65.9125,0.));
#6675 = CIRCLE('',#6676,0.4);
#6676 = AXIS2_PLACEMENT_3D('',#6677,#6678,#6679);
#6677 = CARTESIAN_POINT('',(106.195,-65.5125,0.));
#6678 = DIRECTION('',(-0.,0.,-1.));
#6679 = DIRECTION('',(-0.,-1.,0.));
#6680 = FACE_BOUND('',#6681,.F.);
#6681 = EDGE_LOOP('',(#6682));
#6682 = ORIENTED_EDGE('',*,*,#6683,.T.);
#6683 = EDGE_CURVE('',#6684,#6684,#6686,.T.);
#6684 = VERTEX_POINT('',#6685);
#6685 = CARTESIAN_POINT('',(102.4,-61.425,0.));
#6686 = CIRCLE('',#6687,1.1);
#6687 = AXIS2_PLACEMENT_3D('',#6688,#6689,#6690);
#6688 = CARTESIAN_POINT('',(102.4,-60.325,0.));
#6689 = DIRECTION('',(-0.,0.,-1.));
#6690 = DIRECTION('',(-0.,-1.,0.));
#6691 = FACE_BOUND('',#6692,.F.);
#6692 = EDGE_LOOP('',(#6693));
#6693 = ORIENTED_EDGE('',*,*,#6694,.T.);
#6694 = EDGE_CURVE('',#6695,#6695,#6697,.T.);
#6695 = VERTEX_POINT('',#6696);
#6696 = CARTESIAN_POINT('',(110.,-61.71,0.));
#6697 = CIRCLE('',#6698,0.4);
#6698 = AXIS2_PLACEMENT_3D('',#6699,#6700,#6701);
#6699 = CARTESIAN_POINT('',(110.,-61.31,0.));
#6700 = DIRECTION('',(-0.,0.,-1.));
#6701 = DIRECTION('',(-0.,-1.,0.));
#6702 = FACE_BOUND('',#6703,.F.);
#6703 = EDGE_LOOP('',(#6704));
#6704 = ORIENTED_EDGE('',*,*,#6705,.T.);
#6705 = EDGE_CURVE('',#6706,#6706,#6708,.T.);
#6706 = VERTEX_POINT('',#6707);
#6707 = CARTESIAN_POINT('',(107.46,-59.17,0.));
#6708 = CIRCLE('',#6709,0.4);
#6709 = AXIS2_PLACEMENT_3D('',#6710,#6711,#6712);
#6710 = CARTESIAN_POINT('',(107.46,-58.77,0.));
#6711 = DIRECTION('',(-0.,0.,-1.));
#6712 = DIRECTION('',(-3.552713678801E-14,-1.,0.));
#6713 = FACE_BOUND('',#6714,.F.);
#6714 = EDGE_LOOP('',(#6715));
#6715 = ORIENTED_EDGE('',*,*,#6716,.T.);
#6716 = EDGE_CURVE('',#6717,#6717,#6719,.T.);
#6717 = VERTEX_POINT('',#6718);
#6718 = CARTESIAN_POINT('',(113.815,-65.9125,0.));
#6719 = CIRCLE('',#6720,0.4);
#6720 = AXIS2_PLACEMENT_3D('',#6721,#6722,#6723);
#6721 = CARTESIAN_POINT('',(113.815,-65.5125,0.));
#6722 = DIRECTION('',(-0.,0.,-1.));
#6723 = DIRECTION('',(-0.,-1.,0.));
#6724 = FACE_BOUND('',#6725,.F.);
#6725 = EDGE_LOOP('',(#6726,#6736,#6744,#6752,#6760,#6768));
#6726 = ORIENTED_EDGE('',*,*,#6727,.F.);
#6727 = EDGE_CURVE('',#6728,#6730,#6732,.T.);
#6728 = VERTEX_POINT('',#6729);
#6729 = CARTESIAN_POINT('',(114.7,-68.425,0.));
#6730 = VERTEX_POINT('',#6731);
#6731 = CARTESIAN_POINT('',(122.9,-68.425,0.));
#6732 = LINE('',#6733,#6734);
#6733 = CARTESIAN_POINT('',(114.7,-68.425,0.));
#6734 = VECTOR('',#6735,1.);
#6735 = DIRECTION('',(1.,0.,0.));
#6736 = ORIENTED_EDGE('',*,*,#6737,.F.);
#6737 = EDGE_CURVE('',#6738,#6728,#6740,.T.);
#6738 = VERTEX_POINT('',#6739);
#6739 = CARTESIAN_POINT('',(114.7,-57.525,0.));
#6740 = LINE('',#6741,#6742);
#6741 = CARTESIAN_POINT('',(114.7,-57.525,0.));
#6742 = VECTOR('',#6743,1.);
#6743 = DIRECTION('',(0.,-1.,0.));
#6744 = ORIENTED_EDGE('',*,*,#6745,.F.);
#6745 = EDGE_CURVE('',#6746,#6738,#6748,.T.);
#6746 = VERTEX_POINT('',#6747);
#6747 = CARTESIAN_POINT('',(116.9,-57.525,0.));
#6748 = LINE('',#6749,#6750);
#6749 = CARTESIAN_POINT('',(116.9,-57.525,0.));
#6750 = VECTOR('',#6751,1.);
#6751 = DIRECTION('',(-1.,0.,0.));
#6752 = ORIENTED_EDGE('',*,*,#6753,.F.);
#6753 = EDGE_CURVE('',#6754,#6746,#6756,.T.);
#6754 = VERTEX_POINT('',#6755);
#6755 = CARTESIAN_POINT('',(116.9,-66.325,0.));
#6756 = LINE('',#6757,#6758);
#6757 = CARTESIAN_POINT('',(116.9,-66.325,0.));
#6758 = VECTOR('',#6759,1.);
#6759 = DIRECTION('',(0.,1.,0.));
#6760 = ORIENTED_EDGE('',*,*,#6761,.F.);
#6761 = EDGE_CURVE('',#6762,#6754,#6764,.T.);
#6762 = VERTEX_POINT('',#6763);
#6763 = CARTESIAN_POINT('',(122.9,-66.325,0.));
#6764 = LINE('',#6765,#6766);
#6765 = CARTESIAN_POINT('',(122.9,-66.325,0.));
#6766 = VECTOR('',#6767,1.);
#6767 = DIRECTION('',(-1.,0.,0.));
#6768 = ORIENTED_EDGE('',*,*,#6769,.F.);
#6769 = EDGE_CURVE('',#6730,#6762,#6770,.T.);
#6770 = LINE('',#6771,#6772);
#6771 = CARTESIAN_POINT('',(122.9,-68.425,0.));
#6772 = VECTOR('',#6773,1.);
#6773 = DIRECTION('',(0.,1.,0.));
#6774 = FACE_BOUND('',#6775,.F.);
#6775 = EDGE_LOOP('',(#6776));
#6776 = ORIENTED_EDGE('',*,*,#6777,.T.);
#6777 = EDGE_CURVE('',#6778,#6778,#6780,.T.);
#6778 = VERTEX_POINT('',#6779);
#6779 = CARTESIAN_POINT('',(112.54,-59.17,0.));
#6780 = CIRCLE('',#6781,0.4);
#6781 = AXIS2_PLACEMENT_3D('',#6782,#6783,#6784);
#6782 = CARTESIAN_POINT('',(112.54,-58.77,0.));
#6783 = DIRECTION('',(-0.,0.,-1.));
#6784 = DIRECTION('',(3.5527136788E-14,-1.,-0.));
#6785 = PLANE('',#6786);
#6786 = AXIS2_PLACEMENT_3D('',#6787,#6788,#6789);
#6787 = CARTESIAN_POINT('',(0.,0.,0.));
#6788 = DIRECTION('',(0.,0.,1.));
#6789 = DIRECTION('',(1.,0.,-0.));
#6790 = ADVANCED_FACE('',(#6791,#6837,#6848,#6859,#6870,#6906,#6942,
    #6978,#7014,#7025,#7036,#7047,#7058,#7069,#7080,#7130,#7141,#7152,
    #7163,#7174,#7185,#7196,#7207,#7218,#7229,#7240,#7290),#7301,.T.);
#6791 = FACE_BOUND('',#6792,.T.);
#6792 = EDGE_LOOP('',(#6793,#6794,#6795,#6804,#6812,#6821,#6829,#6836));
#6793 = ORIENTED_EDGE('',*,*,#6184,.F.);
#6794 = ORIENTED_EDGE('',*,*,#6226,.F.);
#6795 = ORIENTED_EDGE('',*,*,#6796,.F.);
#6796 = EDGE_CURVE('',#6797,#6219,#6799,.T.);
#6797 = VERTEX_POINT('',#6798);
#6798 = CARTESIAN_POINT('',(79.9,-60.325,1.6));
#6799 = CIRCLE('',#6800,4.00000042591);
#6800 = AXIS2_PLACEMENT_3D('',#6801,#6802,#6803);
#6801 = CARTESIAN_POINT('',(83.90000042591,-60.32500042591,1.6));
#6802 = DIRECTION('',(0.,0.,-1.));
#6803 = DIRECTION('',(-1.,1.064775318894E-07,0.));
#6804 = ORIENTED_EDGE('',*,*,#6805,.F.);
#6805 = EDGE_CURVE('',#6806,#6797,#6808,.T.);
#6806 = VERTEX_POINT('',#6807);
#6807 = CARTESIAN_POINT('',(79.9,-97.325,1.6));
#6808 = LINE('',#6809,#6810);
#6809 = CARTESIAN_POINT('',(79.9,-97.325,1.6));
#6810 = VECTOR('',#6811,1.);
#6811 = DIRECTION('',(0.,1.,0.));
#6812 = ORIENTED_EDGE('',*,*,#6813,.F.);
#6813 = EDGE_CURVE('',#6814,#6806,#6816,.T.);
#6814 = VERTEX_POINT('',#6815);
#6815 = CARTESIAN_POINT('',(83.9,-101.325,1.6));
#6816 = CIRCLE('',#6817,4.00000042591);
#6817 = AXIS2_PLACEMENT_3D('',#6818,#6819,#6820);
#6818 = CARTESIAN_POINT('',(83.90000042591,-97.32499957409,1.6));
#6819 = DIRECTION('',(0.,0.,-1.));
#6820 = DIRECTION('',(-1.064775389949E-07,-1.,-0.));
#6821 = ORIENTED_EDGE('',*,*,#6822,.F.);
#6822 = EDGE_CURVE('',#6823,#6814,#6825,.T.);
#6823 = VERTEX_POINT('',#6824);
#6824 = CARTESIAN_POINT('',(120.9,-101.325,1.6));
#6825 = LINE('',#6826,#6827);
#6826 = CARTESIAN_POINT('',(120.9,-101.325,1.6));
#6827 = VECTOR('',#6828,1.);
#6828 = DIRECTION('',(-1.,0.,0.));
#6829 = ORIENTED_EDGE('',*,*,#6830,.F.);
#6830 = EDGE_CURVE('',#6249,#6823,#6831,.T.);
#6831 = CIRCLE('',#6832,4.00000042591);
#6832 = AXIS2_PLACEMENT_3D('',#6833,#6834,#6835);
#6833 = CARTESIAN_POINT('',(120.89999957409,-97.32499957409,1.6));
#6834 = DIRECTION('',(0.,0.,-1.));
#6835 = DIRECTION('',(1.,-1.064775425476E-07,0.));
#6836 = ORIENTED_EDGE('',*,*,#6248,.F.);
#6837 = FACE_BOUND('',#6838,.T.);
#6838 = EDGE_LOOP('',(#6839));
#6839 = ORIENTED_EDGE('',*,*,#6840,.T.);
#6840 = EDGE_CURVE('',#6841,#6841,#6843,.T.);
#6841 = VERTEX_POINT('',#6842);
#6842 = CARTESIAN_POINT('',(83.9,-98.425,1.6));
#6843 = CIRCLE('',#6844,1.1);
#6844 = AXIS2_PLACEMENT_3D('',#6845,#6846,#6847);
#6845 = CARTESIAN_POINT('',(83.9,-97.325,1.6));
#6846 = DIRECTION('',(-0.,0.,-1.));
#6847 = DIRECTION('',(-0.,-1.,0.));
#6848 = FACE_BOUND('',#6849,.T.);
#6849 = EDGE_LOOP('',(#6850));
#6850 = ORIENTED_EDGE('',*,*,#6851,.T.);
#6851 = EDGE_CURVE('',#6852,#6852,#6854,.T.);
#6852 = VERTEX_POINT('',#6853);
#6853 = CARTESIAN_POINT('',(82.45,-91.23,1.6));
#6854 = CIRCLE('',#6855,0.355);
#6855 = AXIS2_PLACEMENT_3D('',#6856,#6857,#6858);
#6856 = CARTESIAN_POINT('',(82.45,-90.875,1.6));
#6857 = DIRECTION('',(-0.,0.,-1.));
#6858 = DIRECTION('',(-0.,-1.,0.));
#6859 = FACE_BOUND('',#6860,.T.);
#6860 = EDGE_LOOP('',(#6861));
#6861 = ORIENTED_EDGE('',*,*,#6862,.T.);
#6862 = EDGE_CURVE('',#6863,#6863,#6865,.T.);
#6863 = VERTEX_POINT('',#6864);
#6864 = CARTESIAN_POINT('',(87.55,-92.83,1.6));
#6865 = CIRCLE('',#6866,0.355);
#6866 = AXIS2_PLACEMENT_3D('',#6867,#6868,#6869);
#6867 = CARTESIAN_POINT('',(87.55,-92.475,1.6));
#6868 = DIRECTION('',(-0.,0.,-1.));
#6869 = DIRECTION('',(-0.,-1.,0.));
#6870 = FACE_BOUND('',#6871,.T.);
#6871 = EDGE_LOOP('',(#6872,#6883,#6891,#6900));
#6872 = ORIENTED_EDGE('',*,*,#6873,.T.);
#6873 = EDGE_CURVE('',#6874,#6876,#6878,.T.);
#6874 = VERTEX_POINT('',#6875);
#6875 = CARTESIAN_POINT('',(101.176,-100.65,1.6));
#6876 = VERTEX_POINT('',#6877);
#6877 = CARTESIAN_POINT('',(100.676,-100.65,1.6));
#6878 = CIRCLE('',#6879,0.25);
#6879 = AXIS2_PLACEMENT_3D('',#6880,#6881,#6882);
#6880 = CARTESIAN_POINT('',(100.926,-100.65,1.6));
#6881 = DIRECTION('',(-0.,0.,-1.));
#6882 = DIRECTION('',(-1.,0.,0.));
#6883 = ORIENTED_EDGE('',*,*,#6884,.T.);
#6884 = EDGE_CURVE('',#6876,#6885,#6887,.T.);
#6885 = VERTEX_POINT('',#6886);
#6886 = CARTESIAN_POINT('',(100.676,-99.95,1.6));
#6887 = LINE('',#6888,#6889);
#6888 = CARTESIAN_POINT('',(100.676,-49.975,1.6));
#6889 = VECTOR('',#6890,1.);
#6890 = DIRECTION('',(-0.,1.,0.));
#6891 = ORIENTED_EDGE('',*,*,#6892,.T.);
#6892 = EDGE_CURVE('',#6885,#6893,#6895,.T.);
#6893 = VERTEX_POINT('',#6894);
#6894 = CARTESIAN_POINT('',(101.176,-99.95,1.6));
#6895 = CIRCLE('',#6896,0.25);
#6896 = AXIS2_PLACEMENT_3D('',#6897,#6898,#6899);
#6897 = CARTESIAN_POINT('',(100.926,-99.95,1.6));
#6898 = DIRECTION('',(0.,-0.,-1.));
#6899 = DIRECTION('',(1.,0.,-0.));
#6900 = ORIENTED_EDGE('',*,*,#6901,.T.);
#6901 = EDGE_CURVE('',#6893,#6874,#6902,.T.);
#6902 = LINE('',#6903,#6904);
#6903 = CARTESIAN_POINT('',(101.176,-50.325,1.6));
#6904 = VECTOR('',#6905,1.);
#6905 = DIRECTION('',(0.,-1.,0.));
#6906 = FACE_BOUND('',#6907,.T.);
#6907 = EDGE_LOOP('',(#6908,#6919,#6927,#6936));
#6908 = ORIENTED_EDGE('',*,*,#6909,.T.);
#6909 = EDGE_CURVE('',#6910,#6912,#6914,.T.);
#6910 = VERTEX_POINT('',#6911);
#6911 = CARTESIAN_POINT('',(101.176,-96.85,1.6));
#6912 = VERTEX_POINT('',#6913);
#6913 = CARTESIAN_POINT('',(100.676,-96.85,1.6));
#6914 = CIRCLE('',#6915,0.25);
#6915 = AXIS2_PLACEMENT_3D('',#6916,#6917,#6918);
#6916 = CARTESIAN_POINT('',(100.926,-96.85,1.6));
#6917 = DIRECTION('',(-0.,0.,-1.));
#6918 = DIRECTION('',(-1.,0.,0.));
#6919 = ORIENTED_EDGE('',*,*,#6920,.T.);
#6920 = EDGE_CURVE('',#6912,#6921,#6923,.T.);
#6921 = VERTEX_POINT('',#6922);
#6922 = CARTESIAN_POINT('',(100.676,-96.15,1.6));
#6923 = LINE('',#6924,#6925);
#6924 = CARTESIAN_POINT('',(100.676,-48.075,1.6));
#6925 = VECTOR('',#6926,1.);
#6926 = DIRECTION('',(-0.,1.,0.));
#6927 = ORIENTED_EDGE('',*,*,#6928,.T.);
#6928 = EDGE_CURVE('',#6921,#6929,#6931,.T.);
#6929 = VERTEX_POINT('',#6930);
#6930 = CARTESIAN_POINT('',(101.176,-96.15,1.6));
#6931 = CIRCLE('',#6932,0.25);
#6932 = AXIS2_PLACEMENT_3D('',#6933,#6934,#6935);
#6933 = CARTESIAN_POINT('',(100.926,-96.15,1.6));
#6934 = DIRECTION('',(0.,-0.,-1.));
#6935 = DIRECTION('',(1.,0.,-0.));
#6936 = ORIENTED_EDGE('',*,*,#6937,.T.);
#6937 = EDGE_CURVE('',#6929,#6910,#6938,.T.);
#6938 = LINE('',#6939,#6940);
#6939 = CARTESIAN_POINT('',(101.176,-48.425,1.6));
#6940 = VECTOR('',#6941,1.);
#6941 = DIRECTION('',(0.,-1.,0.));
#6942 = FACE_BOUND('',#6943,.T.);
#6943 = EDGE_LOOP('',(#6944,#6955,#6963,#6972));
#6944 = ORIENTED_EDGE('',*,*,#6945,.T.);
#6945 = EDGE_CURVE('',#6946,#6948,#6950,.T.);
#6946 = VERTEX_POINT('',#6947);
#6947 = CARTESIAN_POINT('',(109.816,-100.65,1.6));
#6948 = VERTEX_POINT('',#6949);
#6949 = CARTESIAN_POINT('',(109.316,-100.65,1.6));
#6950 = CIRCLE('',#6951,0.25);
#6951 = AXIS2_PLACEMENT_3D('',#6952,#6953,#6954);
#6952 = CARTESIAN_POINT('',(109.566,-100.65,1.6));
#6953 = DIRECTION('',(-0.,0.,-1.));
#6954 = DIRECTION('',(-1.,0.,0.));
#6955 = ORIENTED_EDGE('',*,*,#6956,.T.);
#6956 = EDGE_CURVE('',#6948,#6957,#6959,.T.);
#6957 = VERTEX_POINT('',#6958);
#6958 = CARTESIAN_POINT('',(109.316,-99.95,1.6));
#6959 = LINE('',#6960,#6961);
#6960 = CARTESIAN_POINT('',(109.316,-49.975,1.6));
#6961 = VECTOR('',#6962,1.);
#6962 = DIRECTION('',(-0.,1.,0.));
#6963 = ORIENTED_EDGE('',*,*,#6964,.T.);
#6964 = EDGE_CURVE('',#6957,#6965,#6967,.T.);
#6965 = VERTEX_POINT('',#6966);
#6966 = CARTESIAN_POINT('',(109.816,-99.95,1.6));
#6967 = CIRCLE('',#6968,0.25);
#6968 = AXIS2_PLACEMENT_3D('',#6969,#6970,#6971);
#6969 = CARTESIAN_POINT('',(109.566,-99.95,1.6));
#6970 = DIRECTION('',(0.,-0.,-1.));
#6971 = DIRECTION('',(1.,0.,-0.));
#6972 = ORIENTED_EDGE('',*,*,#6973,.T.);
#6973 = EDGE_CURVE('',#6965,#6946,#6974,.T.);
#6974 = LINE('',#6975,#6976);
#6975 = CARTESIAN_POINT('',(109.816,-50.325,1.6));
#6976 = VECTOR('',#6977,1.);
#6977 = DIRECTION('',(0.,-1.,0.));
#6978 = FACE_BOUND('',#6979,.T.);
#6979 = EDGE_LOOP('',(#6980,#6991,#6999,#7008));
#6980 = ORIENTED_EDGE('',*,*,#6981,.T.);
#6981 = EDGE_CURVE('',#6982,#6984,#6986,.T.);
#6982 = VERTEX_POINT('',#6983);
#6983 = CARTESIAN_POINT('',(109.816,-96.85,1.6));
#6984 = VERTEX_POINT('',#6985);
#6985 = CARTESIAN_POINT('',(109.316,-96.85,1.6));
#6986 = CIRCLE('',#6987,0.25);
#6987 = AXIS2_PLACEMENT_3D('',#6988,#6989,#6990);
#6988 = CARTESIAN_POINT('',(109.566,-96.85,1.6));
#6989 = DIRECTION('',(-0.,0.,-1.));
#6990 = DIRECTION('',(-1.,0.,0.));
#6991 = ORIENTED_EDGE('',*,*,#6992,.T.);
#6992 = EDGE_CURVE('',#6984,#6993,#6995,.T.);
#6993 = VERTEX_POINT('',#6994);
#6994 = CARTESIAN_POINT('',(109.316,-96.15,1.6));
#6995 = LINE('',#6996,#6997);
#6996 = CARTESIAN_POINT('',(109.316,-48.075,1.6));
#6997 = VECTOR('',#6998,1.);
#6998 = DIRECTION('',(-0.,1.,0.));
#6999 = ORIENTED_EDGE('',*,*,#7000,.T.);
#7000 = EDGE_CURVE('',#6993,#7001,#7003,.T.);
#7001 = VERTEX_POINT('',#7002);
#7002 = CARTESIAN_POINT('',(109.816,-96.15,1.6));
#7003 = CIRCLE('',#7004,0.25);
#7004 = AXIS2_PLACEMENT_3D('',#7005,#7006,#7007);
#7005 = CARTESIAN_POINT('',(109.566,-96.15,1.6));
#7006 = DIRECTION('',(0.,-0.,-1.));
#7007 = DIRECTION('',(1.,0.,-0.));
#7008 = ORIENTED_EDGE('',*,*,#7009,.T.);
#7009 = EDGE_CURVE('',#7001,#6982,#7010,.T.);
#7010 = LINE('',#7011,#7012);
#7011 = CARTESIAN_POINT('',(109.816,-48.425,1.6));
#7012 = VECTOR('',#7013,1.);
#7013 = DIRECTION('',(0.,-1.,0.));
#7014 = FACE_BOUND('',#7015,.T.);
#7015 = EDGE_LOOP('',(#7016));
#7016 = ORIENTED_EDGE('',*,*,#7017,.T.);
#7017 = EDGE_CURVE('',#7018,#7018,#7020,.T.);
#7018 = VERTEX_POINT('',#7019);
#7019 = CARTESIAN_POINT('',(115.46,-96.17,1.6));
#7020 = CIRCLE('',#7021,0.4);
#7021 = AXIS2_PLACEMENT_3D('',#7022,#7023,#7024);
#7022 = CARTESIAN_POINT('',(115.46,-95.77,1.6));
#7023 = DIRECTION('',(-0.,0.,-1.));
#7024 = DIRECTION('',(-3.552713678801E-14,-1.,0.));
#7025 = FACE_BOUND('',#7026,.T.);
#7026 = EDGE_LOOP('',(#7027));
#7027 = ORIENTED_EDGE('',*,*,#7028,.T.);
#7028 = EDGE_CURVE('',#7029,#7029,#7031,.T.);
#7029 = VERTEX_POINT('',#7030);
#7030 = CARTESIAN_POINT('',(118.,-98.71,1.6));
#7031 = CIRCLE('',#7032,0.4);
#7032 = AXIS2_PLACEMENT_3D('',#7033,#7034,#7035);
#7033 = CARTESIAN_POINT('',(118.,-98.31,1.6));
#7034 = DIRECTION('',(-0.,0.,-1.));
#7035 = DIRECTION('',(-0.,-1.,0.));
#7036 = FACE_BOUND('',#7037,.T.);
#7037 = EDGE_LOOP('',(#7038));
#7038 = ORIENTED_EDGE('',*,*,#7039,.T.);
#7039 = EDGE_CURVE('',#7040,#7040,#7042,.T.);
#7040 = VERTEX_POINT('',#7041);
#7041 = CARTESIAN_POINT('',(120.54,-96.17,1.6));
#7042 = CIRCLE('',#7043,0.4);
#7043 = AXIS2_PLACEMENT_3D('',#7044,#7045,#7046);
#7044 = CARTESIAN_POINT('',(120.54,-95.77,1.6));
#7045 = DIRECTION('',(-0.,0.,-1.));
#7046 = DIRECTION('',(3.5527136788E-14,-1.,-0.));
#7047 = FACE_BOUND('',#7048,.T.);
#7048 = EDGE_LOOP('',(#7049));
#7049 = ORIENTED_EDGE('',*,*,#7050,.T.);
#7050 = EDGE_CURVE('',#7051,#7051,#7053,.T.);
#7051 = VERTEX_POINT('',#7052);
#7052 = CARTESIAN_POINT('',(114.195,-91.9125,1.6));
#7053 = CIRCLE('',#7054,0.4);
#7054 = AXIS2_PLACEMENT_3D('',#7055,#7056,#7057);
#7055 = CARTESIAN_POINT('',(114.195,-91.5125,1.6));
#7056 = DIRECTION('',(-0.,0.,-1.));
#7057 = DIRECTION('',(-0.,-1.,0.));
#7058 = FACE_BOUND('',#7059,.T.);
#7059 = EDGE_LOOP('',(#7060));
#7060 = ORIENTED_EDGE('',*,*,#7061,.T.);
#7061 = EDGE_CURVE('',#7062,#7062,#7064,.T.);
#7062 = VERTEX_POINT('',#7063);
#7063 = CARTESIAN_POINT('',(121.815,-91.9125,1.6));
#7064 = CIRCLE('',#7065,0.4);
#7065 = AXIS2_PLACEMENT_3D('',#7066,#7067,#7068);
#7066 = CARTESIAN_POINT('',(121.815,-91.5125,1.6));
#7067 = DIRECTION('',(-0.,0.,-1.));
#7068 = DIRECTION('',(-0.,-1.,0.));
#7069 = FACE_BOUND('',#7070,.T.);
#7070 = EDGE_LOOP('',(#7071));
#7071 = ORIENTED_EDGE('',*,*,#7072,.T.);
#7072 = EDGE_CURVE('',#7073,#7073,#7075,.T.);
#7073 = VERTEX_POINT('',#7074);
#7074 = CARTESIAN_POINT('',(91.195,-65.9125,1.6));
#7075 = CIRCLE('',#7076,0.4);
#7076 = AXIS2_PLACEMENT_3D('',#7077,#7078,#7079);
#7077 = CARTESIAN_POINT('',(91.195,-65.5125,1.6));
#7078 = DIRECTION('',(-0.,0.,-1.));
#7079 = DIRECTION('',(-0.,-1.,0.));
#7080 = FACE_BOUND('',#7081,.T.);
#7081 = EDGE_LOOP('',(#7082,#7092,#7100,#7108,#7116,#7124));
#7082 = ORIENTED_EDGE('',*,*,#7083,.F.);
#7083 = EDGE_CURVE('',#7084,#7086,#7088,.T.);
#7084 = VERTEX_POINT('',#7085);
#7085 = CARTESIAN_POINT('',(87.9,-63.325,1.6));
#7086 = VERTEX_POINT('',#7087);
#7087 = CARTESIAN_POINT('',(81.3,-63.325,1.6));
#7088 = LINE('',#7089,#7090);
#7089 = CARTESIAN_POINT('',(87.9,-63.325,1.6));
#7090 = VECTOR('',#7091,1.);
#7091 = DIRECTION('',(-1.,0.,0.));
#7092 = ORIENTED_EDGE('',*,*,#7093,.F.);
#7093 = EDGE_CURVE('',#7094,#7084,#7096,.T.);
#7094 = VERTEX_POINT('',#7095);
#7095 = CARTESIAN_POINT('',(87.9,-57.575,1.6));
#7096 = LINE('',#7097,#7098);
#7097 = CARTESIAN_POINT('',(87.9,-57.575,1.6));
#7098 = VECTOR('',#7099,1.);
#7099 = DIRECTION('',(0.,-1.,0.));
#7100 = ORIENTED_EDGE('',*,*,#7101,.F.);
#7101 = EDGE_CURVE('',#7102,#7094,#7104,.T.);
#7102 = VERTEX_POINT('',#7103);
#7103 = CARTESIAN_POINT('',(89.9,-57.575,1.6));
#7104 = LINE('',#7105,#7106);
#7105 = CARTESIAN_POINT('',(89.9,-57.575,1.6));
#7106 = VECTOR('',#7107,1.);
#7107 = DIRECTION('',(-1.,0.,0.));
#7108 = ORIENTED_EDGE('',*,*,#7109,.F.);
#7109 = EDGE_CURVE('',#7110,#7102,#7112,.T.);
#7110 = VERTEX_POINT('',#7111);
#7111 = CARTESIAN_POINT('',(89.9,-65.525,1.6));
#7112 = LINE('',#7113,#7114);
#7113 = CARTESIAN_POINT('',(89.9,-65.525,1.6));
#7114 = VECTOR('',#7115,1.);
#7115 = DIRECTION('',(0.,1.,0.));
#7116 = ORIENTED_EDGE('',*,*,#7117,.F.);
#7117 = EDGE_CURVE('',#7118,#7110,#7120,.T.);
#7118 = VERTEX_POINT('',#7119);
#7119 = CARTESIAN_POINT('',(81.3,-65.525,1.6));
#7120 = LINE('',#7121,#7122);
#7121 = CARTESIAN_POINT('',(81.3,-65.525,1.6));
#7122 = VECTOR('',#7123,1.);
#7123 = DIRECTION('',(1.,0.,0.));
#7124 = ORIENTED_EDGE('',*,*,#7125,.F.);
#7125 = EDGE_CURVE('',#7086,#7118,#7126,.T.);
#7126 = LINE('',#7127,#7128);
#7127 = CARTESIAN_POINT('',(81.3,-63.325,1.6));
#7128 = VECTOR('',#7129,1.);
#7129 = DIRECTION('',(0.,-1.,0.));
#7130 = FACE_BOUND('',#7131,.T.);
#7131 = EDGE_LOOP('',(#7132));
#7132 = ORIENTED_EDGE('',*,*,#7133,.T.);
#7133 = EDGE_CURVE('',#7134,#7134,#7136,.T.);
#7134 = VERTEX_POINT('',#7135);
#7135 = CARTESIAN_POINT('',(98.815,-65.9125,1.6));
#7136 = CIRCLE('',#7137,0.4);
#7137 = AXIS2_PLACEMENT_3D('',#7138,#7139,#7140);
#7138 = CARTESIAN_POINT('',(98.815,-65.5125,1.6));
#7139 = DIRECTION('',(-0.,0.,-1.));
#7140 = DIRECTION('',(-0.,-1.,0.));
#7141 = FACE_BOUND('',#7142,.T.);
#7142 = EDGE_LOOP('',(#7143));
#7143 = ORIENTED_EDGE('',*,*,#7144,.T.);
#7144 = EDGE_CURVE('',#7145,#7145,#7147,.T.);
#7145 = VERTEX_POINT('',#7146);
#7146 = CARTESIAN_POINT('',(95.,-61.71,1.6));
#7147 = CIRCLE('',#7148,0.4);
#7148 = AXIS2_PLACEMENT_3D('',#7149,#7150,#7151);
#7149 = CARTESIAN_POINT('',(95.,-61.31,1.6));
#7150 = DIRECTION('',(-0.,0.,-1.));
#7151 = DIRECTION('',(-0.,-1.,0.));
#7152 = FACE_BOUND('',#7153,.T.);
#7153 = EDGE_LOOP('',(#7154));
#7154 = ORIENTED_EDGE('',*,*,#7155,.T.);
#7155 = EDGE_CURVE('',#7156,#7156,#7158,.T.);
#7156 = VERTEX_POINT('',#7157);
#7157 = CARTESIAN_POINT('',(92.46,-59.17,1.6));
#7158 = CIRCLE('',#7159,0.4);
#7159 = AXIS2_PLACEMENT_3D('',#7160,#7161,#7162);
#7160 = CARTESIAN_POINT('',(92.46,-58.77,1.6));
#7161 = DIRECTION('',(-0.,0.,-1.));
#7162 = DIRECTION('',(-3.552713678801E-14,-1.,0.));
#7163 = FACE_BOUND('',#7164,.T.);
#7164 = EDGE_LOOP('',(#7165));
#7165 = ORIENTED_EDGE('',*,*,#7166,.T.);
#7166 = EDGE_CURVE('',#7167,#7167,#7169,.T.);
#7167 = VERTEX_POINT('',#7168);
#7168 = CARTESIAN_POINT('',(97.54,-59.17,1.6));
#7169 = CIRCLE('',#7170,0.4);
#7170 = AXIS2_PLACEMENT_3D('',#7171,#7172,#7173);
#7171 = CARTESIAN_POINT('',(97.54,-58.77,1.6));
#7172 = DIRECTION('',(-0.,0.,-1.));
#7173 = DIRECTION('',(3.5527136788E-14,-1.,-0.));
#7174 = FACE_BOUND('',#7175,.T.);
#7175 = EDGE_LOOP('',(#7176));
#7176 = ORIENTED_EDGE('',*,*,#7177,.T.);
#7177 = EDGE_CURVE('',#7178,#7178,#7180,.T.);
#7178 = VERTEX_POINT('',#7179);
#7179 = CARTESIAN_POINT('',(120.9,-79.925,1.6));
#7180 = CIRCLE('',#7181,1.1);
#7181 = AXIS2_PLACEMENT_3D('',#7182,#7183,#7184);
#7182 = CARTESIAN_POINT('',(120.9,-78.825,1.6));
#7183 = DIRECTION('',(-0.,0.,-1.));
#7184 = DIRECTION('',(-0.,-1.,0.));
#7185 = FACE_BOUND('',#7186,.T.);
#7186 = EDGE_LOOP('',(#7187));
#7187 = ORIENTED_EDGE('',*,*,#7188,.T.);
#7188 = EDGE_CURVE('',#7189,#7189,#7191,.T.);
#7189 = VERTEX_POINT('',#7190);
#7190 = CARTESIAN_POINT('',(106.195,-65.9125,1.6));
#7191 = CIRCLE('',#7192,0.4);
#7192 = AXIS2_PLACEMENT_3D('',#7193,#7194,#7195);
#7193 = CARTESIAN_POINT('',(106.195,-65.5125,1.6));
#7194 = DIRECTION('',(-0.,0.,-1.));
#7195 = DIRECTION('',(-0.,-1.,0.));
#7196 = FACE_BOUND('',#7197,.T.);
#7197 = EDGE_LOOP('',(#7198));
#7198 = ORIENTED_EDGE('',*,*,#7199,.T.);
#7199 = EDGE_CURVE('',#7200,#7200,#7202,.T.);
#7200 = VERTEX_POINT('',#7201);
#7201 = CARTESIAN_POINT('',(102.4,-61.425,1.6));
#7202 = CIRCLE('',#7203,1.1);
#7203 = AXIS2_PLACEMENT_3D('',#7204,#7205,#7206);
#7204 = CARTESIAN_POINT('',(102.4,-60.325,1.6));
#7205 = DIRECTION('',(-0.,0.,-1.));
#7206 = DIRECTION('',(-0.,-1.,0.));
#7207 = FACE_BOUND('',#7208,.T.);
#7208 = EDGE_LOOP('',(#7209));
#7209 = ORIENTED_EDGE('',*,*,#7210,.T.);
#7210 = EDGE_CURVE('',#7211,#7211,#7213,.T.);
#7211 = VERTEX_POINT('',#7212);
#7212 = CARTESIAN_POINT('',(110.,-61.71,1.6));
#7213 = CIRCLE('',#7214,0.4);
#7214 = AXIS2_PLACEMENT_3D('',#7215,#7216,#7217);
#7215 = CARTESIAN_POINT('',(110.,-61.31,1.6));
#7216 = DIRECTION('',(-0.,0.,-1.));
#7217 = DIRECTION('',(-0.,-1.,0.));
#7218 = FACE_BOUND('',#7219,.T.);
#7219 = EDGE_LOOP('',(#7220));
#7220 = ORIENTED_EDGE('',*,*,#7221,.T.);
#7221 = EDGE_CURVE('',#7222,#7222,#7224,.T.);
#7222 = VERTEX_POINT('',#7223);
#7223 = CARTESIAN_POINT('',(107.46,-59.17,1.6));
#7224 = CIRCLE('',#7225,0.4);
#7225 = AXIS2_PLACEMENT_3D('',#7226,#7227,#7228);
#7226 = CARTESIAN_POINT('',(107.46,-58.77,1.6));
#7227 = DIRECTION('',(-0.,0.,-1.));
#7228 = DIRECTION('',(-3.552713678801E-14,-1.,0.));
#7229 = FACE_BOUND('',#7230,.T.);
#7230 = EDGE_LOOP('',(#7231));
#7231 = ORIENTED_EDGE('',*,*,#7232,.T.);
#7232 = EDGE_CURVE('',#7233,#7233,#7235,.T.);
#7233 = VERTEX_POINT('',#7234);
#7234 = CARTESIAN_POINT('',(113.815,-65.9125,1.6));
#7235 = CIRCLE('',#7236,0.4);
#7236 = AXIS2_PLACEMENT_3D('',#7237,#7238,#7239);
#7237 = CARTESIAN_POINT('',(113.815,-65.5125,1.6));
#7238 = DIRECTION('',(-0.,0.,-1.));
#7239 = DIRECTION('',(-0.,-1.,0.));
#7240 = FACE_BOUND('',#7241,.T.);
#7241 = EDGE_LOOP('',(#7242,#7252,#7260,#7268,#7276,#7284));
#7242 = ORIENTED_EDGE('',*,*,#7243,.F.);
#7243 = EDGE_CURVE('',#7244,#7246,#7248,.T.);
#7244 = VERTEX_POINT('',#7245);
#7245 = CARTESIAN_POINT('',(114.7,-68.425,1.6));
#7246 = VERTEX_POINT('',#7247);
#7247 = CARTESIAN_POINT('',(122.9,-68.425,1.6));
#7248 = LINE('',#7249,#7250);
#7249 = CARTESIAN_POINT('',(114.7,-68.425,1.6));
#7250 = VECTOR('',#7251,1.);
#7251 = DIRECTION('',(1.,0.,0.));
#7252 = ORIENTED_EDGE('',*,*,#7253,.F.);
#7253 = EDGE_CURVE('',#7254,#7244,#7256,.T.);
#7254 = VERTEX_POINT('',#7255);
#7255 = CARTESIAN_POINT('',(114.7,-57.525,1.6));
#7256 = LINE('',#7257,#7258);
#7257 = CARTESIAN_POINT('',(114.7,-57.525,1.6));
#7258 = VECTOR('',#7259,1.);
#7259 = DIRECTION('',(0.,-1.,0.));
#7260 = ORIENTED_EDGE('',*,*,#7261,.F.);
#7261 = EDGE_CURVE('',#7262,#7254,#7264,.T.);
#7262 = VERTEX_POINT('',#7263);
#7263 = CARTESIAN_POINT('',(116.9,-57.525,1.6));
#7264 = LINE('',#7265,#7266);
#7265 = CARTESIAN_POINT('',(116.9,-57.525,1.6));
#7266 = VECTOR('',#7267,1.);
#7267 = DIRECTION('',(-1.,0.,0.));
#7268 = ORIENTED_EDGE('',*,*,#7269,.F.);
#7269 = EDGE_CURVE('',#7270,#7262,#7272,.T.);
#7270 = VERTEX_POINT('',#7271);
#7271 = CARTESIAN_POINT('',(116.9,-66.325,1.6));
#7272 = LINE('',#7273,#7274);
#7273 = CARTESIAN_POINT('',(116.9,-66.325,1.6));
#7274 = VECTOR('',#7275,1.);
#7275 = DIRECTION('',(0.,1.,0.));
#7276 = ORIENTED_EDGE('',*,*,#7277,.F.);
#7277 = EDGE_CURVE('',#7278,#7270,#7280,.T.);
#7278 = VERTEX_POINT('',#7279);
#7279 = CARTESIAN_POINT('',(122.9,-66.325,1.6));
#7280 = LINE('',#7281,#7282);
#7281 = CARTESIAN_POINT('',(122.9,-66.325,1.6));
#7282 = VECTOR('',#7283,1.);
#7283 = DIRECTION('',(-1.,0.,0.));
#7284 = ORIENTED_EDGE('',*,*,#7285,.F.);
#7285 = EDGE_CURVE('',#7246,#7278,#7286,.T.);
#7286 = LINE('',#7287,#7288);
#7287 = CARTESIAN_POINT('',(122.9,-68.425,1.6));
#7288 = VECTOR('',#7289,1.);
#7289 = DIRECTION('',(0.,1.,0.));
#7290 = FACE_BOUND('',#7291,.T.);
#7291 = EDGE_LOOP('',(#7292));
#7292 = ORIENTED_EDGE('',*,*,#7293,.T.);
#7293 = EDGE_CURVE('',#7294,#7294,#7296,.T.);
#7294 = VERTEX_POINT('',#7295);
#7295 = CARTESIAN_POINT('',(112.54,-59.17,1.6));
#7296 = CIRCLE('',#7297,0.4);
#7297 = AXIS2_PLACEMENT_3D('',#7298,#7299,#7300);
#7298 = CARTESIAN_POINT('',(112.54,-58.77,1.6));
#7299 = DIRECTION('',(-0.,0.,-1.));
#7300 = DIRECTION('',(3.5527136788E-14,-1.,-0.));
#7301 = PLANE('',#7302);
#7302 = AXIS2_PLACEMENT_3D('',#7303,#7304,#7305);
#7303 = CARTESIAN_POINT('',(0.,0.,1.6));
#7304 = DIRECTION('',(0.,0.,1.));
#7305 = DIRECTION('',(1.,0.,-0.));
#7306 = ADVANCED_FACE('',(#7307),#7318,.T.);
#7307 = FACE_BOUND('',#7308,.T.);
#7308 = EDGE_LOOP('',(#7309,#7315,#7316,#7317));
#7309 = ORIENTED_EDGE('',*,*,#7310,.T.);
#7310 = EDGE_CURVE('',#6281,#6797,#7311,.T.);
#7311 = LINE('',#7312,#7313);
#7312 = CARTESIAN_POINT('',(79.9,-60.325,0.));
#7313 = VECTOR('',#7314,1.);
#7314 = DIRECTION('',(0.,0.,1.));
#7315 = ORIENTED_EDGE('',*,*,#6796,.T.);
#7316 = ORIENTED_EDGE('',*,*,#6216,.F.);
#7317 = ORIENTED_EDGE('',*,*,#6280,.F.);
#7318 = CYLINDRICAL_SURFACE('',#7319,4.00000042591);
#7319 = AXIS2_PLACEMENT_3D('',#7320,#7321,#7322);
#7320 = CARTESIAN_POINT('',(83.90000042591,-60.32500042591,0.));
#7321 = DIRECTION('',(0.,0.,-1.));
#7322 = DIRECTION('',(-1.,1.064775318894E-07,0.));
#7323 = ADVANCED_FACE('',(#7324),#7335,.T.);
#7324 = FACE_BOUND('',#7325,.T.);
#7325 = EDGE_LOOP('',(#7326,#7327,#7328,#7334));
#7326 = ORIENTED_EDGE('',*,*,#6256,.T.);
#7327 = ORIENTED_EDGE('',*,*,#6830,.T.);
#7328 = ORIENTED_EDGE('',*,*,#7329,.F.);
#7329 = EDGE_CURVE('',#6307,#6823,#7330,.T.);
#7330 = LINE('',#7331,#7332);
#7331 = CARTESIAN_POINT('',(120.9,-101.325,0.));
#7332 = VECTOR('',#7333,1.);
#7333 = DIRECTION('',(0.,0.,1.));
#7334 = ORIENTED_EDGE('',*,*,#6314,.F.);
#7335 = CYLINDRICAL_SURFACE('',#7336,4.00000042591);
#7336 = AXIS2_PLACEMENT_3D('',#7337,#7338,#7339);
#7337 = CARTESIAN_POINT('',(120.89999957409,-97.32499957409,0.));
#7338 = DIRECTION('',(0.,0.,-1.));
#7339 = DIRECTION('',(1.,-1.064775425476E-07,0.));
#7340 = ADVANCED_FACE('',(#7341),#7352,.T.);
#7341 = FACE_BOUND('',#7342,.T.);
#7342 = EDGE_LOOP('',(#7343,#7349,#7350,#7351));
#7343 = ORIENTED_EDGE('',*,*,#7344,.T.);
#7344 = EDGE_CURVE('',#6290,#6806,#7345,.T.);
#7345 = LINE('',#7346,#7347);
#7346 = CARTESIAN_POINT('',(79.9,-97.325,0.));
#7347 = VECTOR('',#7348,1.);
#7348 = DIRECTION('',(0.,0.,1.));
#7349 = ORIENTED_EDGE('',*,*,#6805,.T.);
#7350 = ORIENTED_EDGE('',*,*,#7310,.F.);
#7351 = ORIENTED_EDGE('',*,*,#6289,.F.);
#7352 = PLANE('',#7353);
#7353 = AXIS2_PLACEMENT_3D('',#7354,#7355,#7356);
#7354 = CARTESIAN_POINT('',(79.9,-97.325,0.));
#7355 = DIRECTION('',(-1.,0.,0.));
#7356 = DIRECTION('',(0.,1.,0.));
#7357 = ADVANCED_FACE('',(#7358),#7369,.T.);
#7358 = FACE_BOUND('',#7359,.T.);
#7359 = EDGE_LOOP('',(#7360,#7361,#7362,#7368));
#7360 = ORIENTED_EDGE('',*,*,#7329,.T.);
#7361 = ORIENTED_EDGE('',*,*,#6822,.T.);
#7362 = ORIENTED_EDGE('',*,*,#7363,.F.);
#7363 = EDGE_CURVE('',#6298,#6814,#7364,.T.);
#7364 = LINE('',#7365,#7366);
#7365 = CARTESIAN_POINT('',(83.9,-101.325,0.));
#7366 = VECTOR('',#7367,1.);
#7367 = DIRECTION('',(0.,0.,1.));
#7368 = ORIENTED_EDGE('',*,*,#6306,.F.);
#7369 = PLANE('',#7370);
#7370 = AXIS2_PLACEMENT_3D('',#7371,#7372,#7373);
#7371 = CARTESIAN_POINT('',(120.9,-101.325,0.));
#7372 = DIRECTION('',(0.,-1.,0.));
#7373 = DIRECTION('',(-1.,0.,0.));
#7374 = ADVANCED_FACE('',(#7375),#7381,.T.);
#7375 = FACE_BOUND('',#7376,.T.);
#7376 = EDGE_LOOP('',(#7377,#7378,#7379,#7380));
#7377 = ORIENTED_EDGE('',*,*,#7363,.T.);
#7378 = ORIENTED_EDGE('',*,*,#6813,.T.);
#7379 = ORIENTED_EDGE('',*,*,#7344,.F.);
#7380 = ORIENTED_EDGE('',*,*,#6297,.F.);
#7381 = CYLINDRICAL_SURFACE('',#7382,4.00000042591);
#7382 = AXIS2_PLACEMENT_3D('',#7383,#7384,#7385);
#7383 = CARTESIAN_POINT('',(83.90000042591,-97.32499957409,0.));
#7384 = DIRECTION('',(0.,0.,-1.));
#7385 = DIRECTION('',(-1.064775389949E-07,-1.,-0.));
#7386 = ADVANCED_FACE('',(#7387),#7398,.F.);
#7387 = FACE_BOUND('',#7388,.T.);
#7388 = EDGE_LOOP('',(#7389,#7390,#7396,#7397));
#7389 = ORIENTED_EDGE('',*,*,#6324,.T.);
#7390 = ORIENTED_EDGE('',*,*,#7391,.T.);
#7391 = EDGE_CURVE('',#6325,#6841,#7392,.T.);
#7392 = LINE('',#7393,#7394);
#7393 = CARTESIAN_POINT('',(83.9,-98.425,-4.6E-02));
#7394 = VECTOR('',#7395,1.);
#7395 = DIRECTION('',(0.,0.,1.));
#7396 = ORIENTED_EDGE('',*,*,#6840,.F.);
#7397 = ORIENTED_EDGE('',*,*,#7391,.F.);
#7398 = CYLINDRICAL_SURFACE('',#7399,1.1);
#7399 = AXIS2_PLACEMENT_3D('',#7400,#7401,#7402);
#7400 = CARTESIAN_POINT('',(83.9,-97.325,-4.6E-02));
#7401 = DIRECTION('',(-0.,-0.,-1.));
#7402 = DIRECTION('',(-0.,-1.,0.));
#7403 = ADVANCED_FACE('',(#7404),#7415,.F.);
#7404 = FACE_BOUND('',#7405,.T.);
#7405 = EDGE_LOOP('',(#7406,#7407,#7413,#7414));
#7406 = ORIENTED_EDGE('',*,*,#6335,.T.);
#7407 = ORIENTED_EDGE('',*,*,#7408,.T.);
#7408 = EDGE_CURVE('',#6336,#6852,#7409,.T.);
#7409 = LINE('',#7410,#7411);
#7410 = CARTESIAN_POINT('',(82.45,-91.23,-4.6E-02));
#7411 = VECTOR('',#7412,1.);
#7412 = DIRECTION('',(0.,0.,1.));
#7413 = ORIENTED_EDGE('',*,*,#6851,.F.);
#7414 = ORIENTED_EDGE('',*,*,#7408,.F.);
#7415 = CYLINDRICAL_SURFACE('',#7416,0.355);
#7416 = AXIS2_PLACEMENT_3D('',#7417,#7418,#7419);
#7417 = CARTESIAN_POINT('',(82.45,-90.875,-4.6E-02));
#7418 = DIRECTION('',(-0.,-0.,-1.));
#7419 = DIRECTION('',(-0.,-1.,0.));
#7420 = ADVANCED_FACE('',(#7421),#7432,.F.);
#7421 = FACE_BOUND('',#7422,.T.);
#7422 = EDGE_LOOP('',(#7423,#7424,#7430,#7431));
#7423 = ORIENTED_EDGE('',*,*,#6346,.T.);
#7424 = ORIENTED_EDGE('',*,*,#7425,.T.);
#7425 = EDGE_CURVE('',#6347,#6863,#7426,.T.);
#7426 = LINE('',#7427,#7428);
#7427 = CARTESIAN_POINT('',(87.55,-92.83,-4.6E-02));
#7428 = VECTOR('',#7429,1.);
#7429 = DIRECTION('',(0.,0.,1.));
#7430 = ORIENTED_EDGE('',*,*,#6862,.F.);
#7431 = ORIENTED_EDGE('',*,*,#7425,.F.);
#7432 = CYLINDRICAL_SURFACE('',#7433,0.355);
#7433 = AXIS2_PLACEMENT_3D('',#7434,#7435,#7436);
#7434 = CARTESIAN_POINT('',(87.55,-92.475,-4.6E-02));
#7435 = DIRECTION('',(-0.,-0.,-1.));
#7436 = DIRECTION('',(-0.,-1.,0.));
#7437 = ADVANCED_FACE('',(#7438),#7454,.F.);
#7438 = FACE_BOUND('',#7439,.T.);
#7439 = EDGE_LOOP('',(#7440,#7441,#7447,#7448));
#7440 = ORIENTED_EDGE('',*,*,#6357,.T.);
#7441 = ORIENTED_EDGE('',*,*,#7442,.T.);
#7442 = EDGE_CURVE('',#6360,#6876,#7443,.T.);
#7443 = LINE('',#7444,#7445);
#7444 = CARTESIAN_POINT('',(100.676,-100.65,-4.6E-02));
#7445 = VECTOR('',#7446,1.);
#7446 = DIRECTION('',(0.,0.,1.));
#7447 = ORIENTED_EDGE('',*,*,#6873,.F.);
#7448 = ORIENTED_EDGE('',*,*,#7449,.F.);
#7449 = EDGE_CURVE('',#6358,#6874,#7450,.T.);
#7450 = LINE('',#7451,#7452);
#7451 = CARTESIAN_POINT('',(101.176,-100.65,-4.6E-02));
#7452 = VECTOR('',#7453,1.);
#7453 = DIRECTION('',(0.,0.,1.));
#7454 = CYLINDRICAL_SURFACE('',#7455,0.25);
#7455 = AXIS2_PLACEMENT_3D('',#7456,#7457,#7458);
#7456 = CARTESIAN_POINT('',(100.926,-100.65,-4.6E-02));
#7457 = DIRECTION('',(-0.,-0.,-1.));
#7458 = DIRECTION('',(-1.,0.,-0.));
#7459 = ADVANCED_FACE('',(#7460),#7471,.T.);
#7460 = FACE_BOUND('',#7461,.T.);
#7461 = EDGE_LOOP('',(#7462,#7463,#7464,#7465));
#7462 = ORIENTED_EDGE('',*,*,#6385,.T.);
#7463 = ORIENTED_EDGE('',*,*,#7449,.T.);
#7464 = ORIENTED_EDGE('',*,*,#6901,.F.);
#7465 = ORIENTED_EDGE('',*,*,#7466,.F.);
#7466 = EDGE_CURVE('',#6377,#6893,#7467,.T.);
#7467 = LINE('',#7468,#7469);
#7468 = CARTESIAN_POINT('',(101.176,-99.95,-4.6E-02));
#7469 = VECTOR('',#7470,1.);
#7470 = DIRECTION('',(0.,0.,1.));
#7471 = PLANE('',#7472);
#7472 = AXIS2_PLACEMENT_3D('',#7473,#7474,#7475);
#7473 = CARTESIAN_POINT('',(101.176,-100.65,-4.6E-02));
#7474 = DIRECTION('',(-1.,0.,0.));
#7475 = DIRECTION('',(0.,1.,0.));
#7476 = ADVANCED_FACE('',(#7477),#7488,.F.);
#7477 = FACE_BOUND('',#7478,.T.);
#7478 = EDGE_LOOP('',(#7479,#7480,#7481,#7482));
#7479 = ORIENTED_EDGE('',*,*,#6376,.T.);
#7480 = ORIENTED_EDGE('',*,*,#7466,.T.);
#7481 = ORIENTED_EDGE('',*,*,#6892,.F.);
#7482 = ORIENTED_EDGE('',*,*,#7483,.F.);
#7483 = EDGE_CURVE('',#6369,#6885,#7484,.T.);
#7484 = LINE('',#7485,#7486);
#7485 = CARTESIAN_POINT('',(100.676,-99.95,-4.6E-02));
#7486 = VECTOR('',#7487,1.);
#7487 = DIRECTION('',(0.,0.,1.));
#7488 = CYLINDRICAL_SURFACE('',#7489,0.25);
#7489 = AXIS2_PLACEMENT_3D('',#7490,#7491,#7492);
#7490 = CARTESIAN_POINT('',(100.926,-99.95,-4.6E-02));
#7491 = DIRECTION('',(-0.,-0.,-1.));
#7492 = DIRECTION('',(1.,0.,-0.));
#7493 = ADVANCED_FACE('',(#7494),#7500,.T.);
#7494 = FACE_BOUND('',#7495,.T.);
#7495 = EDGE_LOOP('',(#7496,#7497,#7498,#7499));
#7496 = ORIENTED_EDGE('',*,*,#6368,.T.);
#7497 = ORIENTED_EDGE('',*,*,#7483,.T.);
#7498 = ORIENTED_EDGE('',*,*,#6884,.F.);
#7499 = ORIENTED_EDGE('',*,*,#7442,.F.);
#7500 = PLANE('',#7501);
#7501 = AXIS2_PLACEMENT_3D('',#7502,#7503,#7504);
#7502 = CARTESIAN_POINT('',(100.676,-99.95,-4.6E-02));
#7503 = DIRECTION('',(1.,0.,-0.));
#7504 = DIRECTION('',(0.,-1.,0.));
#7505 = ADVANCED_FACE('',(#7506),#7522,.F.);
#7506 = FACE_BOUND('',#7507,.T.);
#7507 = EDGE_LOOP('',(#7508,#7509,#7515,#7516));
#7508 = ORIENTED_EDGE('',*,*,#6393,.T.);
#7509 = ORIENTED_EDGE('',*,*,#7510,.T.);
#7510 = EDGE_CURVE('',#6396,#6912,#7511,.T.);
#7511 = LINE('',#7512,#7513);
#7512 = CARTESIAN_POINT('',(100.676,-96.85,-4.6E-02));
#7513 = VECTOR('',#7514,1.);
#7514 = DIRECTION('',(0.,0.,1.));
#7515 = ORIENTED_EDGE('',*,*,#6909,.F.);
#7516 = ORIENTED_EDGE('',*,*,#7517,.F.);
#7517 = EDGE_CURVE('',#6394,#6910,#7518,.T.);
#7518 = LINE('',#7519,#7520);
#7519 = CARTESIAN_POINT('',(101.176,-96.85,-4.6E-02));
#7520 = VECTOR('',#7521,1.);
#7521 = DIRECTION('',(0.,0.,1.));
#7522 = CYLINDRICAL_SURFACE('',#7523,0.25);
#7523 = AXIS2_PLACEMENT_3D('',#7524,#7525,#7526);
#7524 = CARTESIAN_POINT('',(100.926,-96.85,-4.6E-02));
#7525 = DIRECTION('',(-0.,-0.,-1.));
#7526 = DIRECTION('',(-1.,0.,-0.));
#7527 = ADVANCED_FACE('',(#7528),#7539,.T.);
#7528 = FACE_BOUND('',#7529,.T.);
#7529 = EDGE_LOOP('',(#7530,#7531,#7532,#7533));
#7530 = ORIENTED_EDGE('',*,*,#6421,.T.);
#7531 = ORIENTED_EDGE('',*,*,#7517,.T.);
#7532 = ORIENTED_EDGE('',*,*,#6937,.F.);
#7533 = ORIENTED_EDGE('',*,*,#7534,.F.);
#7534 = EDGE_CURVE('',#6413,#6929,#7535,.T.);
#7535 = LINE('',#7536,#7537);
#7536 = CARTESIAN_POINT('',(101.176,-96.15,-4.6E-02));
#7537 = VECTOR('',#7538,1.);
#7538 = DIRECTION('',(0.,0.,1.));
#7539 = PLANE('',#7540);
#7540 = AXIS2_PLACEMENT_3D('',#7541,#7542,#7543);
#7541 = CARTESIAN_POINT('',(101.176,-96.85,-4.6E-02));
#7542 = DIRECTION('',(-1.,0.,0.));
#7543 = DIRECTION('',(0.,1.,0.));
#7544 = ADVANCED_FACE('',(#7545),#7556,.F.);
#7545 = FACE_BOUND('',#7546,.T.);
#7546 = EDGE_LOOP('',(#7547,#7548,#7549,#7550));
#7547 = ORIENTED_EDGE('',*,*,#6412,.T.);
#7548 = ORIENTED_EDGE('',*,*,#7534,.T.);
#7549 = ORIENTED_EDGE('',*,*,#6928,.F.);
#7550 = ORIENTED_EDGE('',*,*,#7551,.F.);
#7551 = EDGE_CURVE('',#6405,#6921,#7552,.T.);
#7552 = LINE('',#7553,#7554);
#7553 = CARTESIAN_POINT('',(100.676,-96.15,-4.6E-02));
#7554 = VECTOR('',#7555,1.);
#7555 = DIRECTION('',(0.,0.,1.));
#7556 = CYLINDRICAL_SURFACE('',#7557,0.25);
#7557 = AXIS2_PLACEMENT_3D('',#7558,#7559,#7560);
#7558 = CARTESIAN_POINT('',(100.926,-96.15,-4.6E-02));
#7559 = DIRECTION('',(-0.,-0.,-1.));
#7560 = DIRECTION('',(1.,0.,-0.));
#7561 = ADVANCED_FACE('',(#7562),#7568,.T.);
#7562 = FACE_BOUND('',#7563,.T.);
#7563 = EDGE_LOOP('',(#7564,#7565,#7566,#7567));
#7564 = ORIENTED_EDGE('',*,*,#6404,.T.);
#7565 = ORIENTED_EDGE('',*,*,#7551,.T.);
#7566 = ORIENTED_EDGE('',*,*,#6920,.F.);
#7567 = ORIENTED_EDGE('',*,*,#7510,.F.);
#7568 = PLANE('',#7569);
#7569 = AXIS2_PLACEMENT_3D('',#7570,#7571,#7572);
#7570 = CARTESIAN_POINT('',(100.676,-96.15,-4.6E-02));
#7571 = DIRECTION('',(1.,0.,-0.));
#7572 = DIRECTION('',(0.,-1.,0.));
#7573 = ADVANCED_FACE('',(#7574),#7590,.F.);
#7574 = FACE_BOUND('',#7575,.T.);
#7575 = EDGE_LOOP('',(#7576,#7577,#7583,#7584));
#7576 = ORIENTED_EDGE('',*,*,#6429,.T.);
#7577 = ORIENTED_EDGE('',*,*,#7578,.T.);
#7578 = EDGE_CURVE('',#6432,#6948,#7579,.T.);
#7579 = LINE('',#7580,#7581);
#7580 = CARTESIAN_POINT('',(109.316,-100.65,-4.6E-02));
#7581 = VECTOR('',#7582,1.);
#7582 = DIRECTION('',(0.,0.,1.));
#7583 = ORIENTED_EDGE('',*,*,#6945,.F.);
#7584 = ORIENTED_EDGE('',*,*,#7585,.F.);
#7585 = EDGE_CURVE('',#6430,#6946,#7586,.T.);
#7586 = LINE('',#7587,#7588);
#7587 = CARTESIAN_POINT('',(109.816,-100.65,-4.6E-02));
#7588 = VECTOR('',#7589,1.);
#7589 = DIRECTION('',(0.,0.,1.));
#7590 = CYLINDRICAL_SURFACE('',#7591,0.25);
#7591 = AXIS2_PLACEMENT_3D('',#7592,#7593,#7594);
#7592 = CARTESIAN_POINT('',(109.566,-100.65,-4.6E-02));
#7593 = DIRECTION('',(-0.,-0.,-1.));
#7594 = DIRECTION('',(-1.,0.,-0.));
#7595 = ADVANCED_FACE('',(#7596),#7607,.T.);
#7596 = FACE_BOUND('',#7597,.T.);
#7597 = EDGE_LOOP('',(#7598,#7599,#7600,#7601));
#7598 = ORIENTED_EDGE('',*,*,#6457,.T.);
#7599 = ORIENTED_EDGE('',*,*,#7585,.T.);
#7600 = ORIENTED_EDGE('',*,*,#6973,.F.);
#7601 = ORIENTED_EDGE('',*,*,#7602,.F.);
#7602 = EDGE_CURVE('',#6449,#6965,#7603,.T.);
#7603 = LINE('',#7604,#7605);
#7604 = CARTESIAN_POINT('',(109.816,-99.95,-4.6E-02));
#7605 = VECTOR('',#7606,1.);
#7606 = DIRECTION('',(0.,0.,1.));
#7607 = PLANE('',#7608);
#7608 = AXIS2_PLACEMENT_3D('',#7609,#7610,#7611);
#7609 = CARTESIAN_POINT('',(109.816,-100.65,-4.6E-02));
#7610 = DIRECTION('',(-1.,0.,0.));
#7611 = DIRECTION('',(0.,1.,0.));
#7612 = ADVANCED_FACE('',(#7613),#7624,.F.);
#7613 = FACE_BOUND('',#7614,.T.);
#7614 = EDGE_LOOP('',(#7615,#7616,#7617,#7618));
#7615 = ORIENTED_EDGE('',*,*,#6448,.T.);
#7616 = ORIENTED_EDGE('',*,*,#7602,.T.);
#7617 = ORIENTED_EDGE('',*,*,#6964,.F.);
#7618 = ORIENTED_EDGE('',*,*,#7619,.F.);
#7619 = EDGE_CURVE('',#6441,#6957,#7620,.T.);
#7620 = LINE('',#7621,#7622);
#7621 = CARTESIAN_POINT('',(109.316,-99.95,-4.6E-02));
#7622 = VECTOR('',#7623,1.);
#7623 = DIRECTION('',(0.,0.,1.));
#7624 = CYLINDRICAL_SURFACE('',#7625,0.25);
#7625 = AXIS2_PLACEMENT_3D('',#7626,#7627,#7628);
#7626 = CARTESIAN_POINT('',(109.566,-99.95,-4.6E-02));
#7627 = DIRECTION('',(-0.,-0.,-1.));
#7628 = DIRECTION('',(1.,0.,-0.));
#7629 = ADVANCED_FACE('',(#7630),#7636,.T.);
#7630 = FACE_BOUND('',#7631,.T.);
#7631 = EDGE_LOOP('',(#7632,#7633,#7634,#7635));
#7632 = ORIENTED_EDGE('',*,*,#6440,.T.);
#7633 = ORIENTED_EDGE('',*,*,#7619,.T.);
#7634 = ORIENTED_EDGE('',*,*,#6956,.F.);
#7635 = ORIENTED_EDGE('',*,*,#7578,.F.);
#7636 = PLANE('',#7637);
#7637 = AXIS2_PLACEMENT_3D('',#7638,#7639,#7640);
#7638 = CARTESIAN_POINT('',(109.316,-99.95,-4.6E-02));
#7639 = DIRECTION('',(1.,0.,-0.));
#7640 = DIRECTION('',(0.,-1.,0.));
#7641 = ADVANCED_FACE('',(#7642),#7658,.F.);
#7642 = FACE_BOUND('',#7643,.T.);
#7643 = EDGE_LOOP('',(#7644,#7645,#7651,#7652));
#7644 = ORIENTED_EDGE('',*,*,#6465,.T.);
#7645 = ORIENTED_EDGE('',*,*,#7646,.T.);
#7646 = EDGE_CURVE('',#6468,#6984,#7647,.T.);
#7647 = LINE('',#7648,#7649);
#7648 = CARTESIAN_POINT('',(109.316,-96.85,-4.6E-02));
#7649 = VECTOR('',#7650,1.);
#7650 = DIRECTION('',(0.,0.,1.));
#7651 = ORIENTED_EDGE('',*,*,#6981,.F.);
#7652 = ORIENTED_EDGE('',*,*,#7653,.F.);
#7653 = EDGE_CURVE('',#6466,#6982,#7654,.T.);
#7654 = LINE('',#7655,#7656);
#7655 = CARTESIAN_POINT('',(109.816,-96.85,-4.6E-02));
#7656 = VECTOR('',#7657,1.);
#7657 = DIRECTION('',(0.,0.,1.));
#7658 = CYLINDRICAL_SURFACE('',#7659,0.25);
#7659 = AXIS2_PLACEMENT_3D('',#7660,#7661,#7662);
#7660 = CARTESIAN_POINT('',(109.566,-96.85,-4.6E-02));
#7661 = DIRECTION('',(-0.,-0.,-1.));
#7662 = DIRECTION('',(-1.,0.,-0.));
#7663 = ADVANCED_FACE('',(#7664),#7675,.T.);
#7664 = FACE_BOUND('',#7665,.T.);
#7665 = EDGE_LOOP('',(#7666,#7667,#7668,#7669));
#7666 = ORIENTED_EDGE('',*,*,#6493,.T.);
#7667 = ORIENTED_EDGE('',*,*,#7653,.T.);
#7668 = ORIENTED_EDGE('',*,*,#7009,.F.);
#7669 = ORIENTED_EDGE('',*,*,#7670,.F.);
#7670 = EDGE_CURVE('',#6485,#7001,#7671,.T.);
#7671 = LINE('',#7672,#7673);
#7672 = CARTESIAN_POINT('',(109.816,-96.15,-4.6E-02));
#7673 = VECTOR('',#7674,1.);
#7674 = DIRECTION('',(0.,0.,1.));
#7675 = PLANE('',#7676);
#7676 = AXIS2_PLACEMENT_3D('',#7677,#7678,#7679);
#7677 = CARTESIAN_POINT('',(109.816,-96.85,-4.6E-02));
#7678 = DIRECTION('',(-1.,0.,0.));
#7679 = DIRECTION('',(0.,1.,0.));
#7680 = ADVANCED_FACE('',(#7681),#7692,.F.);
#7681 = FACE_BOUND('',#7682,.T.);
#7682 = EDGE_LOOP('',(#7683,#7684,#7685,#7686));
#7683 = ORIENTED_EDGE('',*,*,#6484,.T.);
#7684 = ORIENTED_EDGE('',*,*,#7670,.T.);
#7685 = ORIENTED_EDGE('',*,*,#7000,.F.);
#7686 = ORIENTED_EDGE('',*,*,#7687,.F.);
#7687 = EDGE_CURVE('',#6477,#6993,#7688,.T.);
#7688 = LINE('',#7689,#7690);
#7689 = CARTESIAN_POINT('',(109.316,-96.15,-4.6E-02));
#7690 = VECTOR('',#7691,1.);
#7691 = DIRECTION('',(0.,0.,1.));
#7692 = CYLINDRICAL_SURFACE('',#7693,0.25);
#7693 = AXIS2_PLACEMENT_3D('',#7694,#7695,#7696);
#7694 = CARTESIAN_POINT('',(109.566,-96.15,-4.6E-02));
#7695 = DIRECTION('',(-0.,-0.,-1.));
#7696 = DIRECTION('',(1.,0.,-0.));
#7697 = ADVANCED_FACE('',(#7698),#7704,.T.);
#7698 = FACE_BOUND('',#7699,.T.);
#7699 = EDGE_LOOP('',(#7700,#7701,#7702,#7703));
#7700 = ORIENTED_EDGE('',*,*,#6476,.T.);
#7701 = ORIENTED_EDGE('',*,*,#7687,.T.);
#7702 = ORIENTED_EDGE('',*,*,#6992,.F.);
#7703 = ORIENTED_EDGE('',*,*,#7646,.F.);
#7704 = PLANE('',#7705);
#7705 = AXIS2_PLACEMENT_3D('',#7706,#7707,#7708);
#7706 = CARTESIAN_POINT('',(109.316,-96.15,-4.6E-02));
#7707 = DIRECTION('',(1.,0.,-0.));
#7708 = DIRECTION('',(0.,-1.,0.));
#7709 = ADVANCED_FACE('',(#7710),#7721,.F.);
#7710 = FACE_BOUND('',#7711,.T.);
#7711 = EDGE_LOOP('',(#7712,#7713,#7719,#7720));
#7712 = ORIENTED_EDGE('',*,*,#6501,.T.);
#7713 = ORIENTED_EDGE('',*,*,#7714,.T.);
#7714 = EDGE_CURVE('',#6502,#7018,#7715,.T.);
#7715 = LINE('',#7716,#7717);
#7716 = CARTESIAN_POINT('',(115.46,-96.17,-4.6E-02));
#7717 = VECTOR('',#7718,1.);
#7718 = DIRECTION('',(0.,0.,1.));
#7719 = ORIENTED_EDGE('',*,*,#7017,.F.);
#7720 = ORIENTED_EDGE('',*,*,#7714,.F.);
#7721 = CYLINDRICAL_SURFACE('',#7722,0.4);
#7722 = AXIS2_PLACEMENT_3D('',#7723,#7724,#7725);
#7723 = CARTESIAN_POINT('',(115.46,-95.77,-4.6E-02));
#7724 = DIRECTION('',(-0.,-0.,-1.));
#7725 = DIRECTION('',(-3.552713678801E-14,-1.,0.));
#7726 = ADVANCED_FACE('',(#7727),#7738,.F.);
#7727 = FACE_BOUND('',#7728,.T.);
#7728 = EDGE_LOOP('',(#7729,#7730,#7736,#7737));
#7729 = ORIENTED_EDGE('',*,*,#6512,.T.);
#7730 = ORIENTED_EDGE('',*,*,#7731,.T.);
#7731 = EDGE_CURVE('',#6513,#7029,#7732,.T.);
#7732 = LINE('',#7733,#7734);
#7733 = CARTESIAN_POINT('',(118.,-98.71,-4.6E-02));
#7734 = VECTOR('',#7735,1.);
#7735 = DIRECTION('',(0.,0.,1.));
#7736 = ORIENTED_EDGE('',*,*,#7028,.F.);
#7737 = ORIENTED_EDGE('',*,*,#7731,.F.);
#7738 = CYLINDRICAL_SURFACE('',#7739,0.4);
#7739 = AXIS2_PLACEMENT_3D('',#7740,#7741,#7742);
#7740 = CARTESIAN_POINT('',(118.,-98.31,-4.6E-02));
#7741 = DIRECTION('',(-0.,-0.,-1.));
#7742 = DIRECTION('',(-0.,-1.,0.));
#7743 = ADVANCED_FACE('',(#7744),#7755,.F.);
#7744 = FACE_BOUND('',#7745,.T.);
#7745 = EDGE_LOOP('',(#7746,#7747,#7753,#7754));
#7746 = ORIENTED_EDGE('',*,*,#6523,.T.);
#7747 = ORIENTED_EDGE('',*,*,#7748,.T.);
#7748 = EDGE_CURVE('',#6524,#7040,#7749,.T.);
#7749 = LINE('',#7750,#7751);
#7750 = CARTESIAN_POINT('',(120.54,-96.17,-4.6E-02));
#7751 = VECTOR('',#7752,1.);
#7752 = DIRECTION('',(0.,0.,1.));
#7753 = ORIENTED_EDGE('',*,*,#7039,.F.);
#7754 = ORIENTED_EDGE('',*,*,#7748,.F.);
#7755 = CYLINDRICAL_SURFACE('',#7756,0.4);
#7756 = AXIS2_PLACEMENT_3D('',#7757,#7758,#7759);
#7757 = CARTESIAN_POINT('',(120.54,-95.77,-4.6E-02));
#7758 = DIRECTION('',(-0.,0.,-1.));
#7759 = DIRECTION('',(3.5527136788E-14,-1.,-0.));
#7760 = ADVANCED_FACE('',(#7761),#7772,.F.);
#7761 = FACE_BOUND('',#7762,.T.);
#7762 = EDGE_LOOP('',(#7763,#7764,#7770,#7771));
#7763 = ORIENTED_EDGE('',*,*,#6534,.T.);
#7764 = ORIENTED_EDGE('',*,*,#7765,.T.);
#7765 = EDGE_CURVE('',#6535,#7051,#7766,.T.);
#7766 = LINE('',#7767,#7768);
#7767 = CARTESIAN_POINT('',(114.195,-91.9125,-4.6E-02));
#7768 = VECTOR('',#7769,1.);
#7769 = DIRECTION('',(0.,0.,1.));
#7770 = ORIENTED_EDGE('',*,*,#7050,.F.);
#7771 = ORIENTED_EDGE('',*,*,#7765,.F.);
#7772 = CYLINDRICAL_SURFACE('',#7773,0.4);
#7773 = AXIS2_PLACEMENT_3D('',#7774,#7775,#7776);
#7774 = CARTESIAN_POINT('',(114.195,-91.5125,-4.6E-02));
#7775 = DIRECTION('',(-0.,-0.,-1.));
#7776 = DIRECTION('',(-0.,-1.,0.));
#7777 = ADVANCED_FACE('',(#7778),#7789,.F.);
#7778 = FACE_BOUND('',#7779,.T.);
#7779 = EDGE_LOOP('',(#7780,#7781,#7787,#7788));
#7780 = ORIENTED_EDGE('',*,*,#6545,.T.);
#7781 = ORIENTED_EDGE('',*,*,#7782,.T.);
#7782 = EDGE_CURVE('',#6546,#7062,#7783,.T.);
#7783 = LINE('',#7784,#7785);
#7784 = CARTESIAN_POINT('',(121.815,-91.9125,-4.6E-02));
#7785 = VECTOR('',#7786,1.);
#7786 = DIRECTION('',(0.,0.,1.));
#7787 = ORIENTED_EDGE('',*,*,#7061,.F.);
#7788 = ORIENTED_EDGE('',*,*,#7782,.F.);
#7789 = CYLINDRICAL_SURFACE('',#7790,0.4);
#7790 = AXIS2_PLACEMENT_3D('',#7791,#7792,#7793);
#7791 = CARTESIAN_POINT('',(121.815,-91.5125,-4.6E-02));
#7792 = DIRECTION('',(-0.,-0.,-1.));
#7793 = DIRECTION('',(-0.,-1.,0.));
#7794 = ADVANCED_FACE('',(#7795),#7806,.F.);
#7795 = FACE_BOUND('',#7796,.T.);
#7796 = EDGE_LOOP('',(#7797,#7798,#7804,#7805));
#7797 = ORIENTED_EDGE('',*,*,#6556,.T.);
#7798 = ORIENTED_EDGE('',*,*,#7799,.T.);
#7799 = EDGE_CURVE('',#6557,#7073,#7800,.T.);
#7800 = LINE('',#7801,#7802);
#7801 = CARTESIAN_POINT('',(91.195,-65.9125,-4.6E-02));
#7802 = VECTOR('',#7803,1.);
#7803 = DIRECTION('',(0.,0.,1.));
#7804 = ORIENTED_EDGE('',*,*,#7072,.F.);
#7805 = ORIENTED_EDGE('',*,*,#7799,.F.);
#7806 = CYLINDRICAL_SURFACE('',#7807,0.4);
#7807 = AXIS2_PLACEMENT_3D('',#7808,#7809,#7810);
#7808 = CARTESIAN_POINT('',(91.195,-65.5125,-4.6E-02));
#7809 = DIRECTION('',(-0.,-0.,-1.));
#7810 = DIRECTION('',(-0.,-1.,0.));
#7811 = ADVANCED_FACE('',(#7812),#7828,.T.);
#7812 = FACE_BOUND('',#7813,.T.);
#7813 = EDGE_LOOP('',(#7814,#7820,#7821,#7827));
#7814 = ORIENTED_EDGE('',*,*,#7815,.T.);
#7815 = EDGE_CURVE('',#6568,#7084,#7816,.T.);
#7816 = LINE('',#7817,#7818);
#7817 = CARTESIAN_POINT('',(87.9,-63.325,0.));
#7818 = VECTOR('',#7819,1.);
#7819 = DIRECTION('',(0.,0.,1.));
#7820 = ORIENTED_EDGE('',*,*,#7083,.T.);
#7821 = ORIENTED_EDGE('',*,*,#7822,.F.);
#7822 = EDGE_CURVE('',#6570,#7086,#7823,.T.);
#7823 = LINE('',#7824,#7825);
#7824 = CARTESIAN_POINT('',(81.3,-63.325,0.));
#7825 = VECTOR('',#7826,1.);
#7826 = DIRECTION('',(0.,0.,1.));
#7827 = ORIENTED_EDGE('',*,*,#6567,.F.);
#7828 = PLANE('',#7829);
#7829 = AXIS2_PLACEMENT_3D('',#7830,#7831,#7832);
#7830 = CARTESIAN_POINT('',(87.9,-63.325,0.));
#7831 = DIRECTION('',(0.,-1.,0.));
#7832 = DIRECTION('',(-1.,0.,0.));
#7833 = ADVANCED_FACE('',(#7834),#7845,.T.);
#7834 = FACE_BOUND('',#7835,.T.);
#7835 = EDGE_LOOP('',(#7836,#7842,#7843,#7844));
#7836 = ORIENTED_EDGE('',*,*,#7837,.T.);
#7837 = EDGE_CURVE('',#6578,#7094,#7838,.T.);
#7838 = LINE('',#7839,#7840);
#7839 = CARTESIAN_POINT('',(87.9,-57.575,0.));
#7840 = VECTOR('',#7841,1.);
#7841 = DIRECTION('',(0.,0.,1.));
#7842 = ORIENTED_EDGE('',*,*,#7093,.T.);
#7843 = ORIENTED_EDGE('',*,*,#7815,.F.);
#7844 = ORIENTED_EDGE('',*,*,#6577,.F.);
#7845 = PLANE('',#7846);
#7846 = AXIS2_PLACEMENT_3D('',#7847,#7848,#7849);
#7847 = CARTESIAN_POINT('',(87.9,-57.575,0.));
#7848 = DIRECTION('',(1.,0.,-0.));
#7849 = DIRECTION('',(0.,-1.,0.));
#7850 = ADVANCED_FACE('',(#7851),#7862,.T.);
#7851 = FACE_BOUND('',#7852,.T.);
#7852 = EDGE_LOOP('',(#7853,#7854,#7855,#7861));
#7853 = ORIENTED_EDGE('',*,*,#7822,.T.);
#7854 = ORIENTED_EDGE('',*,*,#7125,.T.);
#7855 = ORIENTED_EDGE('',*,*,#7856,.F.);
#7856 = EDGE_CURVE('',#6602,#7118,#7857,.T.);
#7857 = LINE('',#7858,#7859);
#7858 = CARTESIAN_POINT('',(81.3,-65.525,0.));
#7859 = VECTOR('',#7860,1.);
#7860 = DIRECTION('',(0.,0.,1.));
#7861 = ORIENTED_EDGE('',*,*,#6609,.F.);
#7862 = PLANE('',#7863);
#7863 = AXIS2_PLACEMENT_3D('',#7864,#7865,#7866);
#7864 = CARTESIAN_POINT('',(81.3,-63.325,0.));
#7865 = DIRECTION('',(1.,0.,-0.));
#7866 = DIRECTION('',(0.,-1.,0.));
#7867 = ADVANCED_FACE('',(#7868),#7879,.T.);
#7868 = FACE_BOUND('',#7869,.T.);
#7869 = EDGE_LOOP('',(#7870,#7876,#7877,#7878));
#7870 = ORIENTED_EDGE('',*,*,#7871,.T.);
#7871 = EDGE_CURVE('',#6586,#7102,#7872,.T.);
#7872 = LINE('',#7873,#7874);
#7873 = CARTESIAN_POINT('',(89.9,-57.575,0.));
#7874 = VECTOR('',#7875,1.);
#7875 = DIRECTION('',(0.,0.,1.));
#7876 = ORIENTED_EDGE('',*,*,#7101,.T.);
#7877 = ORIENTED_EDGE('',*,*,#7837,.F.);
#7878 = ORIENTED_EDGE('',*,*,#6585,.F.);
#7879 = PLANE('',#7880);
#7880 = AXIS2_PLACEMENT_3D('',#7881,#7882,#7883);
#7881 = CARTESIAN_POINT('',(89.9,-57.575,0.));
#7882 = DIRECTION('',(0.,-1.,0.));
#7883 = DIRECTION('',(-1.,0.,0.));
#7884 = ADVANCED_FACE('',(#7885),#7896,.T.);
#7885 = FACE_BOUND('',#7886,.T.);
#7886 = EDGE_LOOP('',(#7887,#7888,#7889,#7895));
#7887 = ORIENTED_EDGE('',*,*,#7856,.T.);
#7888 = ORIENTED_EDGE('',*,*,#7117,.T.);
#7889 = ORIENTED_EDGE('',*,*,#7890,.F.);
#7890 = EDGE_CURVE('',#6594,#7110,#7891,.T.);
#7891 = LINE('',#7892,#7893);
#7892 = CARTESIAN_POINT('',(89.9,-65.525,0.));
#7893 = VECTOR('',#7894,1.);
#7894 = DIRECTION('',(0.,0.,1.));
#7895 = ORIENTED_EDGE('',*,*,#6601,.F.);
#7896 = PLANE('',#7897);
#7897 = AXIS2_PLACEMENT_3D('',#7898,#7899,#7900);
#7898 = CARTESIAN_POINT('',(81.3,-65.525,0.));
#7899 = DIRECTION('',(0.,1.,0.));
#7900 = DIRECTION('',(1.,0.,0.));
#7901 = ADVANCED_FACE('',(#7902),#7908,.T.);
#7902 = FACE_BOUND('',#7903,.T.);
#7903 = EDGE_LOOP('',(#7904,#7905,#7906,#7907));
#7904 = ORIENTED_EDGE('',*,*,#7890,.T.);
#7905 = ORIENTED_EDGE('',*,*,#7109,.T.);
#7906 = ORIENTED_EDGE('',*,*,#7871,.F.);
#7907 = ORIENTED_EDGE('',*,*,#6593,.F.);
#7908 = PLANE('',#7909);
#7909 = AXIS2_PLACEMENT_3D('',#7910,#7911,#7912);
#7910 = CARTESIAN_POINT('',(89.9,-65.525,0.));
#7911 = DIRECTION('',(-1.,0.,0.));
#7912 = DIRECTION('',(0.,1.,0.));
#7913 = ADVANCED_FACE('',(#7914),#7925,.F.);
#7914 = FACE_BOUND('',#7915,.T.);
#7915 = EDGE_LOOP('',(#7916,#7917,#7923,#7924));
#7916 = ORIENTED_EDGE('',*,*,#6617,.T.);
#7917 = ORIENTED_EDGE('',*,*,#7918,.T.);
#7918 = EDGE_CURVE('',#6618,#7134,#7919,.T.);
#7919 = LINE('',#7920,#7921);
#7920 = CARTESIAN_POINT('',(98.815,-65.9125,-4.6E-02));
#7921 = VECTOR('',#7922,1.);
#7922 = DIRECTION('',(0.,0.,1.));
#7923 = ORIENTED_EDGE('',*,*,#7133,.F.);
#7924 = ORIENTED_EDGE('',*,*,#7918,.F.);
#7925 = CYLINDRICAL_SURFACE('',#7926,0.4);
#7926 = AXIS2_PLACEMENT_3D('',#7927,#7928,#7929);
#7927 = CARTESIAN_POINT('',(98.815,-65.5125,-4.6E-02));
#7928 = DIRECTION('',(-0.,-0.,-1.));
#7929 = DIRECTION('',(-0.,-1.,0.));
#7930 = ADVANCED_FACE('',(#7931),#7942,.F.);
#7931 = FACE_BOUND('',#7932,.T.);
#7932 = EDGE_LOOP('',(#7933,#7934,#7940,#7941));
#7933 = ORIENTED_EDGE('',*,*,#6628,.T.);
#7934 = ORIENTED_EDGE('',*,*,#7935,.T.);
#7935 = EDGE_CURVE('',#6629,#7145,#7936,.T.);
#7936 = LINE('',#7937,#7938);
#7937 = CARTESIAN_POINT('',(95.,-61.71,-4.6E-02));
#7938 = VECTOR('',#7939,1.);
#7939 = DIRECTION('',(0.,0.,1.));
#7940 = ORIENTED_EDGE('',*,*,#7144,.F.);
#7941 = ORIENTED_EDGE('',*,*,#7935,.F.);
#7942 = CYLINDRICAL_SURFACE('',#7943,0.4);
#7943 = AXIS2_PLACEMENT_3D('',#7944,#7945,#7946);
#7944 = CARTESIAN_POINT('',(95.,-61.31,-4.6E-02));
#7945 = DIRECTION('',(-0.,-0.,-1.));
#7946 = DIRECTION('',(-0.,-1.,0.));
#7947 = ADVANCED_FACE('',(#7948),#7959,.F.);
#7948 = FACE_BOUND('',#7949,.T.);
#7949 = EDGE_LOOP('',(#7950,#7951,#7957,#7958));
#7950 = ORIENTED_EDGE('',*,*,#6639,.T.);
#7951 = ORIENTED_EDGE('',*,*,#7952,.T.);
#7952 = EDGE_CURVE('',#6640,#7156,#7953,.T.);
#7953 = LINE('',#7954,#7955);
#7954 = CARTESIAN_POINT('',(92.46,-59.17,-4.6E-02));
#7955 = VECTOR('',#7956,1.);
#7956 = DIRECTION('',(0.,0.,1.));
#7957 = ORIENTED_EDGE('',*,*,#7155,.F.);
#7958 = ORIENTED_EDGE('',*,*,#7952,.F.);
#7959 = CYLINDRICAL_SURFACE('',#7960,0.4);
#7960 = AXIS2_PLACEMENT_3D('',#7961,#7962,#7963);
#7961 = CARTESIAN_POINT('',(92.46,-58.77,-4.6E-02));
#7962 = DIRECTION('',(-0.,-0.,-1.));
#7963 = DIRECTION('',(-3.552713678801E-14,-1.,0.));
#7964 = ADVANCED_FACE('',(#7965),#7976,.F.);
#7965 = FACE_BOUND('',#7966,.T.);
#7966 = EDGE_LOOP('',(#7967,#7968,#7974,#7975));
#7967 = ORIENTED_EDGE('',*,*,#6650,.T.);
#7968 = ORIENTED_EDGE('',*,*,#7969,.T.);
#7969 = EDGE_CURVE('',#6651,#7167,#7970,.T.);
#7970 = LINE('',#7971,#7972);
#7971 = CARTESIAN_POINT('',(97.54,-59.17,-4.6E-02));
#7972 = VECTOR('',#7973,1.);
#7973 = DIRECTION('',(0.,0.,1.));
#7974 = ORIENTED_EDGE('',*,*,#7166,.F.);
#7975 = ORIENTED_EDGE('',*,*,#7969,.F.);
#7976 = CYLINDRICAL_SURFACE('',#7977,0.4);
#7977 = AXIS2_PLACEMENT_3D('',#7978,#7979,#7980);
#7978 = CARTESIAN_POINT('',(97.54,-58.77,-4.6E-02));
#7979 = DIRECTION('',(-0.,0.,-1.));
#7980 = DIRECTION('',(3.5527136788E-14,-1.,-0.));
#7981 = ADVANCED_FACE('',(#7982),#7993,.F.);
#7982 = FACE_BOUND('',#7983,.T.);
#7983 = EDGE_LOOP('',(#7984,#7985,#7991,#7992));
#7984 = ORIENTED_EDGE('',*,*,#6661,.T.);
#7985 = ORIENTED_EDGE('',*,*,#7986,.T.);
#7986 = EDGE_CURVE('',#6662,#7178,#7987,.T.);
#7987 = LINE('',#7988,#7989);
#7988 = CARTESIAN_POINT('',(120.9,-79.925,-4.6E-02));
#7989 = VECTOR('',#7990,1.);
#7990 = DIRECTION('',(0.,0.,1.));
#7991 = ORIENTED_EDGE('',*,*,#7177,.F.);
#7992 = ORIENTED_EDGE('',*,*,#7986,.F.);
#7993 = CYLINDRICAL_SURFACE('',#7994,1.1);
#7994 = AXIS2_PLACEMENT_3D('',#7995,#7996,#7997);
#7995 = CARTESIAN_POINT('',(120.9,-78.825,-4.6E-02));
#7996 = DIRECTION('',(-0.,-0.,-1.));
#7997 = DIRECTION('',(-0.,-1.,0.));
#7998 = ADVANCED_FACE('',(#7999),#8010,.F.);
#7999 = FACE_BOUND('',#8000,.T.);
#8000 = EDGE_LOOP('',(#8001,#8002,#8008,#8009));
#8001 = ORIENTED_EDGE('',*,*,#6672,.T.);
#8002 = ORIENTED_EDGE('',*,*,#8003,.T.);
#8003 = EDGE_CURVE('',#6673,#7189,#8004,.T.);
#8004 = LINE('',#8005,#8006);
#8005 = CARTESIAN_POINT('',(106.195,-65.9125,-4.6E-02));
#8006 = VECTOR('',#8007,1.);
#8007 = DIRECTION('',(0.,0.,1.));
#8008 = ORIENTED_EDGE('',*,*,#7188,.F.);
#8009 = ORIENTED_EDGE('',*,*,#8003,.F.);
#8010 = CYLINDRICAL_SURFACE('',#8011,0.4);
#8011 = AXIS2_PLACEMENT_3D('',#8012,#8013,#8014);
#8012 = CARTESIAN_POINT('',(106.195,-65.5125,-4.6E-02));
#8013 = DIRECTION('',(-0.,-0.,-1.));
#8014 = DIRECTION('',(-0.,-1.,0.));
#8015 = ADVANCED_FACE('',(#8016),#8027,.F.);
#8016 = FACE_BOUND('',#8017,.T.);
#8017 = EDGE_LOOP('',(#8018,#8019,#8025,#8026));
#8018 = ORIENTED_EDGE('',*,*,#6683,.T.);
#8019 = ORIENTED_EDGE('',*,*,#8020,.T.);
#8020 = EDGE_CURVE('',#6684,#7200,#8021,.T.);
#8021 = LINE('',#8022,#8023);
#8022 = CARTESIAN_POINT('',(102.4,-61.425,-4.6E-02));
#8023 = VECTOR('',#8024,1.);
#8024 = DIRECTION('',(0.,0.,1.));
#8025 = ORIENTED_EDGE('',*,*,#7199,.F.);
#8026 = ORIENTED_EDGE('',*,*,#8020,.F.);
#8027 = CYLINDRICAL_SURFACE('',#8028,1.1);
#8028 = AXIS2_PLACEMENT_3D('',#8029,#8030,#8031);
#8029 = CARTESIAN_POINT('',(102.4,-60.325,-4.6E-02));
#8030 = DIRECTION('',(-0.,-0.,-1.));
#8031 = DIRECTION('',(-0.,-1.,0.));
#8032 = ADVANCED_FACE('',(#8033),#8044,.F.);
#8033 = FACE_BOUND('',#8034,.T.);
#8034 = EDGE_LOOP('',(#8035,#8036,#8042,#8043));
#8035 = ORIENTED_EDGE('',*,*,#6694,.T.);
#8036 = ORIENTED_EDGE('',*,*,#8037,.T.);
#8037 = EDGE_CURVE('',#6695,#7211,#8038,.T.);
#8038 = LINE('',#8039,#8040);
#8039 = CARTESIAN_POINT('',(110.,-61.71,-4.6E-02));
#8040 = VECTOR('',#8041,1.);
#8041 = DIRECTION('',(0.,0.,1.));
#8042 = ORIENTED_EDGE('',*,*,#7210,.F.);
#8043 = ORIENTED_EDGE('',*,*,#8037,.F.);
#8044 = CYLINDRICAL_SURFACE('',#8045,0.4);
#8045 = AXIS2_PLACEMENT_3D('',#8046,#8047,#8048);
#8046 = CARTESIAN_POINT('',(110.,-61.31,-4.6E-02));
#8047 = DIRECTION('',(-0.,-0.,-1.));
#8048 = DIRECTION('',(-0.,-1.,0.));
#8049 = ADVANCED_FACE('',(#8050),#8061,.F.);
#8050 = FACE_BOUND('',#8051,.T.);
#8051 = EDGE_LOOP('',(#8052,#8053,#8059,#8060));
#8052 = ORIENTED_EDGE('',*,*,#6705,.T.);
#8053 = ORIENTED_EDGE('',*,*,#8054,.T.);
#8054 = EDGE_CURVE('',#6706,#7222,#8055,.T.);
#8055 = LINE('',#8056,#8057);
#8056 = CARTESIAN_POINT('',(107.46,-59.17,-4.6E-02));
#8057 = VECTOR('',#8058,1.);
#8058 = DIRECTION('',(0.,0.,1.));
#8059 = ORIENTED_EDGE('',*,*,#7221,.F.);
#8060 = ORIENTED_EDGE('',*,*,#8054,.F.);
#8061 = CYLINDRICAL_SURFACE('',#8062,0.4);
#8062 = AXIS2_PLACEMENT_3D('',#8063,#8064,#8065);
#8063 = CARTESIAN_POINT('',(107.46,-58.77,-4.6E-02));
#8064 = DIRECTION('',(-0.,-0.,-1.));
#8065 = DIRECTION('',(-3.552713678801E-14,-1.,0.));
#8066 = ADVANCED_FACE('',(#8067),#8078,.F.);
#8067 = FACE_BOUND('',#8068,.T.);
#8068 = EDGE_LOOP('',(#8069,#8070,#8076,#8077));
#8069 = ORIENTED_EDGE('',*,*,#6716,.T.);
#8070 = ORIENTED_EDGE('',*,*,#8071,.T.);
#8071 = EDGE_CURVE('',#6717,#7233,#8072,.T.);
#8072 = LINE('',#8073,#8074);
#8073 = CARTESIAN_POINT('',(113.815,-65.9125,-4.6E-02));
#8074 = VECTOR('',#8075,1.);
#8075 = DIRECTION('',(0.,0.,1.));
#8076 = ORIENTED_EDGE('',*,*,#7232,.F.);
#8077 = ORIENTED_EDGE('',*,*,#8071,.F.);
#8078 = CYLINDRICAL_SURFACE('',#8079,0.4);
#8079 = AXIS2_PLACEMENT_3D('',#8080,#8081,#8082);
#8080 = CARTESIAN_POINT('',(113.815,-65.5125,-4.6E-02));
#8081 = DIRECTION('',(-0.,-0.,-1.));
#8082 = DIRECTION('',(-0.,-1.,0.));
#8083 = ADVANCED_FACE('',(#8084),#8100,.T.);
#8084 = FACE_BOUND('',#8085,.T.);
#8085 = EDGE_LOOP('',(#8086,#8092,#8093,#8099));
#8086 = ORIENTED_EDGE('',*,*,#8087,.T.);
#8087 = EDGE_CURVE('',#6728,#7244,#8088,.T.);
#8088 = LINE('',#8089,#8090);
#8089 = CARTESIAN_POINT('',(114.7,-68.425,0.));
#8090 = VECTOR('',#8091,1.);
#8091 = DIRECTION('',(0.,0.,1.));
#8092 = ORIENTED_EDGE('',*,*,#7243,.T.);
#8093 = ORIENTED_EDGE('',*,*,#8094,.F.);
#8094 = EDGE_CURVE('',#6730,#7246,#8095,.T.);
#8095 = LINE('',#8096,#8097);
#8096 = CARTESIAN_POINT('',(122.9,-68.425,0.));
#8097 = VECTOR('',#8098,1.);
#8098 = DIRECTION('',(0.,0.,1.));
#8099 = ORIENTED_EDGE('',*,*,#6727,.F.);
#8100 = PLANE('',#8101);
#8101 = AXIS2_PLACEMENT_3D('',#8102,#8103,#8104);
#8102 = CARTESIAN_POINT('',(114.7,-68.425,0.));
#8103 = DIRECTION('',(0.,1.,0.));
#8104 = DIRECTION('',(1.,0.,0.));
#8105 = ADVANCED_FACE('',(#8106),#8117,.T.);
#8106 = FACE_BOUND('',#8107,.T.);
#8107 = EDGE_LOOP('',(#8108,#8114,#8115,#8116));
#8108 = ORIENTED_EDGE('',*,*,#8109,.T.);
#8109 = EDGE_CURVE('',#6738,#7254,#8110,.T.);
#8110 = LINE('',#8111,#8112);
#8111 = CARTESIAN_POINT('',(114.7,-57.525,0.));
#8112 = VECTOR('',#8113,1.);
#8113 = DIRECTION('',(0.,0.,1.));
#8114 = ORIENTED_EDGE('',*,*,#7253,.T.);
#8115 = ORIENTED_EDGE('',*,*,#8087,.F.);
#8116 = ORIENTED_EDGE('',*,*,#6737,.F.);
#8117 = PLANE('',#8118);
#8118 = AXIS2_PLACEMENT_3D('',#8119,#8120,#8121);
#8119 = CARTESIAN_POINT('',(114.7,-57.525,0.));
#8120 = DIRECTION('',(1.,0.,-0.));
#8121 = DIRECTION('',(0.,-1.,0.));
#8122 = ADVANCED_FACE('',(#8123),#8134,.T.);
#8123 = FACE_BOUND('',#8124,.T.);
#8124 = EDGE_LOOP('',(#8125,#8126,#8127,#8133));
#8125 = ORIENTED_EDGE('',*,*,#8094,.T.);
#8126 = ORIENTED_EDGE('',*,*,#7285,.T.);
#8127 = ORIENTED_EDGE('',*,*,#8128,.F.);
#8128 = EDGE_CURVE('',#6762,#7278,#8129,.T.);
#8129 = LINE('',#8130,#8131);
#8130 = CARTESIAN_POINT('',(122.9,-66.325,0.));
#8131 = VECTOR('',#8132,1.);
#8132 = DIRECTION('',(0.,0.,1.));
#8133 = ORIENTED_EDGE('',*,*,#6769,.F.);
#8134 = PLANE('',#8135);
#8135 = AXIS2_PLACEMENT_3D('',#8136,#8137,#8138);
#8136 = CARTESIAN_POINT('',(122.9,-68.425,0.));
#8137 = DIRECTION('',(-1.,0.,0.));
#8138 = DIRECTION('',(0.,1.,0.));
#8139 = ADVANCED_FACE('',(#8140),#8151,.T.);
#8140 = FACE_BOUND('',#8141,.T.);
#8141 = EDGE_LOOP('',(#8142,#8148,#8149,#8150));
#8142 = ORIENTED_EDGE('',*,*,#8143,.T.);
#8143 = EDGE_CURVE('',#6746,#7262,#8144,.T.);
#8144 = LINE('',#8145,#8146);
#8145 = CARTESIAN_POINT('',(116.9,-57.525,0.));
#8146 = VECTOR('',#8147,1.);
#8147 = DIRECTION('',(0.,0.,1.));
#8148 = ORIENTED_EDGE('',*,*,#7261,.T.);
#8149 = ORIENTED_EDGE('',*,*,#8109,.F.);
#8150 = ORIENTED_EDGE('',*,*,#6745,.F.);
#8151 = PLANE('',#8152);
#8152 = AXIS2_PLACEMENT_3D('',#8153,#8154,#8155);
#8153 = CARTESIAN_POINT('',(116.9,-57.525,0.));
#8154 = DIRECTION('',(0.,-1.,0.));
#8155 = DIRECTION('',(-1.,0.,0.));
#8156 = ADVANCED_FACE('',(#8157),#8168,.T.);
#8157 = FACE_BOUND('',#8158,.T.);
#8158 = EDGE_LOOP('',(#8159,#8160,#8161,#8167));
#8159 = ORIENTED_EDGE('',*,*,#8128,.T.);
#8160 = ORIENTED_EDGE('',*,*,#7277,.T.);
#8161 = ORIENTED_EDGE('',*,*,#8162,.F.);
#8162 = EDGE_CURVE('',#6754,#7270,#8163,.T.);
#8163 = LINE('',#8164,#8165);
#8164 = CARTESIAN_POINT('',(116.9,-66.325,0.));
#8165 = VECTOR('',#8166,1.);
#8166 = DIRECTION('',(0.,0.,1.));
#8167 = ORIENTED_EDGE('',*,*,#6761,.F.);
#8168 = PLANE('',#8169);
#8169 = AXIS2_PLACEMENT_3D('',#8170,#8171,#8172);
#8170 = CARTESIAN_POINT('',(122.9,-66.325,0.));
#8171 = DIRECTION('',(0.,-1.,0.));
#8172 = DIRECTION('',(-1.,0.,0.));
#8173 = ADVANCED_FACE('',(#8174),#8180,.T.);
#8174 = FACE_BOUND('',#8175,.T.);
#8175 = EDGE_LOOP('',(#8176,#8177,#8178,#8179));
#8176 = ORIENTED_EDGE('',*,*,#8162,.T.);
#8177 = ORIENTED_EDGE('',*,*,#7269,.T.);
#8178 = ORIENTED_EDGE('',*,*,#8143,.F.);
#8179 = ORIENTED_EDGE('',*,*,#6753,.F.);
#8180 = PLANE('',#8181);
#8181 = AXIS2_PLACEMENT_3D('',#8182,#8183,#8184);
#8182 = CARTESIAN_POINT('',(116.9,-66.325,0.));
#8183 = DIRECTION('',(-1.,0.,0.));
#8184 = DIRECTION('',(0.,1.,0.));
#8185 = ADVANCED_FACE('',(#8186),#8197,.F.);
#8186 = FACE_BOUND('',#8187,.T.);
#8187 = EDGE_LOOP('',(#8188,#8189,#8195,#8196));
#8188 = ORIENTED_EDGE('',*,*,#6777,.T.);
#8189 = ORIENTED_EDGE('',*,*,#8190,.T.);
#8190 = EDGE_CURVE('',#6778,#7294,#8191,.T.);
#8191 = LINE('',#8192,#8193);
#8192 = CARTESIAN_POINT('',(112.54,-59.17,-4.6E-02));
#8193 = VECTOR('',#8194,1.);
#8194 = DIRECTION('',(0.,0.,1.));
#8195 = ORIENTED_EDGE('',*,*,#7293,.F.);
#8196 = ORIENTED_EDGE('',*,*,#8190,.F.);
#8197 = CYLINDRICAL_SURFACE('',#8198,0.4);
#8198 = AXIS2_PLACEMENT_3D('',#8199,#8200,#8201);
#8199 = CARTESIAN_POINT('',(112.54,-58.77,-4.6E-02));
#8200 = DIRECTION('',(-0.,0.,-1.));
#8201 = DIRECTION('',(3.5527136788E-14,-1.,-0.));
#8202 = ( GEOMETRIC_REPRESENTATION_CONTEXT(3) 
GLOBAL_UNCERTAINTY_ASSIGNED_CONTEXT((#8206)) 
GLOBAL_UNIT_ASSIGNED_CONTEXT((#8203,#8204,#8205)) REPRESENTATION_CONTEXT
('Context #1','3D Context with UNIT and UNCERTAINTY') );
#8203 = ( LENGTH_UNIT() NAMED_UNIT(*) SI_UNIT(.MILLI.,.METRE.) );
#8204 = ( NAMED_UNIT(*) PLANE_ANGLE_UNIT() SI_UNIT($,.RADIAN.) );
#8205 = ( NAMED_UNIT(*) SI_UNIT($,.STERADIAN.) SOLID_ANGLE_UNIT() );
#8206 = UNCERTAINTY_MEASURE_WITH_UNIT(LENGTH_MEASURE(1.E-07),#8203,
  'distance_accuracy_value','confusion accuracy');
#8207 = CONTEXT_DEPENDENT_SHAPE_REPRESENTATION(#8208,#8210);
#8208 = ( REPRESENTATION_RELATIONSHIP('','',#6167,#10) 
REPRESENTATION_RELATIONSHIP_WITH_TRANSFORMATION(#8209) 
SHAPE_REPRESENTATION_RELATIONSHIP() );
#8209 = ITEM_DEFINED_TRANSFORMATION('','',#11,#159);
#8210 = PRODUCT_DEFINITION_SHAPE('Placement','Placement of an item',
  #8211);
#8211 = NEXT_ASSEMBLY_USAGE_OCCURRENCE('42','=>[0:1:1:12]','',#5,#6162,$
  );
#8212 = PRODUCT_RELATED_PRODUCT_CATEGORY('part',$,(#6164));
#8213 = MECHANICAL_DESIGN_GEOMETRIC_PRESENTATION_REPRESENTATION('',(
    #8214,#8222,#8229,#8237,#8244,#8251,#8258,#8265,#8272,#8279,#8286,
    #8293,#8300,#8307,#8314,#8322,#8329,#8336,#8343,#8350,#8357,#8364),
  #1707);
#8214 = STYLED_ITEM('color',(#8215),#1039);
#8215 = PRESENTATION_STYLE_ASSIGNMENT((#8216));
#8216 = SURFACE_STYLE_USAGE(.BOTH.,#8217);
#8217 = SURFACE_SIDE_STYLE('',(#8218));
#8218 = SURFACE_STYLE_FILL_AREA(#8219);
#8219 = FILL_AREA_STYLE('',(#8220));
#8220 = FILL_AREA_STYLE_COLOUR('',#8221);
#8221 = COLOUR_RGB('',0.823999987314,0.819999987296,0.781000009244);
#8222 = STYLED_ITEM('color',(#8223),#1092);
#8223 = PRESENTATION_STYLE_ASSIGNMENT((#8224));
#8224 = SURFACE_STYLE_USAGE(.BOTH.,#8225);
#8225 = SURFACE_SIDE_STYLE('',(#8226));
#8226 = SURFACE_STYLE_FILL_AREA(#8227);
#8227 = FILL_AREA_STYLE('',(#8228));
#8228 = FILL_AREA_STYLE_COLOUR('',#8221);
#8229 = STYLED_ITEM('color',(#8230),#1101);
#8230 = PRESENTATION_STYLE_ASSIGNMENT((#8231));
#8231 = SURFACE_STYLE_USAGE(.BOTH.,#8232);
#8232 = SURFACE_SIDE_STYLE('',(#8233));
#8233 = SURFACE_STYLE_FILL_AREA(#8234);
#8234 = FILL_AREA_STYLE('',(#8235));
#8235 = FILL_AREA_STYLE_COLOUR('',#8236);
#8236 = COLOUR_RGB('',0.,0.670588257465,1.);
#8237 = STYLED_ITEM('color',(#8238),#1190);
#8238 = PRESENTATION_STYLE_ASSIGNMENT((#8239));
#8239 = SURFACE_STYLE_USAGE(.BOTH.,#8240);
#8240 = SURFACE_SIDE_STYLE('',(#8241));
#8241 = SURFACE_STYLE_FILL_AREA(#8242);
#8242 = FILL_AREA_STYLE('',(#8243));
#8243 = FILL_AREA_STYLE_COLOUR('',#8236);
#8244 = STYLED_ITEM('color',(#8245),#1253);
#8245 = PRESENTATION_STYLE_ASSIGNMENT((#8246));
#8246 = SURFACE_STYLE_USAGE(.BOTH.,#8247);
#8247 = SURFACE_SIDE_STYLE('',(#8248));
#8248 = SURFACE_STYLE_FILL_AREA(#8249);
#8249 = FILL_AREA_STYLE('',(#8250));
#8250 = FILL_AREA_STYLE_COLOUR('',#8236);
#8251 = STYLED_ITEM('color',(#8252),#1316);
#8252 = PRESENTATION_STYLE_ASSIGNMENT((#8253));
#8253 = SURFACE_STYLE_USAGE(.BOTH.,#8254);
#8254 = SURFACE_SIDE_STYLE('',(#8255));
#8255 = SURFACE_STYLE_FILL_AREA(#8256);
#8256 = FILL_AREA_STYLE('',(#8257));
#8257 = FILL_AREA_STYLE_COLOUR('',#8221);
#8258 = STYLED_ITEM('color',(#8259),#1341);
#8259 = PRESENTATION_STYLE_ASSIGNMENT((#8260));
#8260 = SURFACE_STYLE_USAGE(.BOTH.,#8261);
#8261 = SURFACE_SIDE_STYLE('',(#8262));
#8262 = SURFACE_STYLE_FILL_AREA(#8263);
#8263 = FILL_AREA_STYLE('',(#8264));
#8264 = FILL_AREA_STYLE_COLOUR('',#8221);
#8265 = STYLED_ITEM('color',(#8266),#1375);
#8266 = PRESENTATION_STYLE_ASSIGNMENT((#8267));
#8267 = SURFACE_STYLE_USAGE(.BOTH.,#8268);
#8268 = SURFACE_SIDE_STYLE('',(#8269));
#8269 = SURFACE_STYLE_FILL_AREA(#8270);
#8270 = FILL_AREA_STYLE('',(#8271));
#8271 = FILL_AREA_STYLE_COLOUR('',#8236);
#8272 = STYLED_ITEM('color',(#8273),#1405);
#8273 = PRESENTATION_STYLE_ASSIGNMENT((#8274));
#8274 = SURFACE_STYLE_USAGE(.BOTH.,#8275);
#8275 = SURFACE_SIDE_STYLE('',(#8276));
#8276 = SURFACE_STYLE_FILL_AREA(#8277);
#8277 = FILL_AREA_STYLE('',(#8278));
#8278 = FILL_AREA_STYLE_COLOUR('',#8236);
#8279 = STYLED_ITEM('color',(#8280),#1422);
#8280 = PRESENTATION_STYLE_ASSIGNMENT((#8281));
#8281 = SURFACE_STYLE_USAGE(.BOTH.,#8282);
#8282 = SURFACE_SIDE_STYLE('',(#8283));
#8283 = SURFACE_STYLE_FILL_AREA(#8284);
#8284 = FILL_AREA_STYLE('',(#8285));
#8285 = FILL_AREA_STYLE_COLOUR('',#8236);
#8286 = STYLED_ITEM('color',(#8287),#1450);
#8287 = PRESENTATION_STYLE_ASSIGNMENT((#8288));
#8288 = SURFACE_STYLE_USAGE(.BOTH.,#8289);
#8289 = SURFACE_SIDE_STYLE('',(#8290));
#8290 = SURFACE_STYLE_FILL_AREA(#8291);
#8291 = FILL_AREA_STYLE('',(#8292));
#8292 = FILL_AREA_STYLE_COLOUR('',#8236);
#8293 = STYLED_ITEM('color',(#8294),#1467);
#8294 = PRESENTATION_STYLE_ASSIGNMENT((#8295));
#8295 = SURFACE_STYLE_USAGE(.BOTH.,#8296);
#8296 = SURFACE_SIDE_STYLE('',(#8297));
#8297 = SURFACE_STYLE_FILL_AREA(#8298);
#8298 = FILL_AREA_STYLE('',(#8299));
#8299 = FILL_AREA_STYLE_COLOUR('',#8236);
#8300 = STYLED_ITEM('color',(#8301),#1490);
#8301 = PRESENTATION_STYLE_ASSIGNMENT((#8302));
#8302 = SURFACE_STYLE_USAGE(.BOTH.,#8303);
#8303 = SURFACE_SIDE_STYLE('',(#8304));
#8304 = SURFACE_STYLE_FILL_AREA(#8305);
#8305 = FILL_AREA_STYLE('',(#8306));
#8306 = FILL_AREA_STYLE_COLOUR('',#8221);
#8307 = STYLED_ITEM('color',(#8308),#1499);
#8308 = PRESENTATION_STYLE_ASSIGNMENT((#8309));
#8309 = SURFACE_STYLE_USAGE(.BOTH.,#8310);
#8310 = SURFACE_SIDE_STYLE('',(#8311));
#8311 = SURFACE_STYLE_FILL_AREA(#8312);
#8312 = FILL_AREA_STYLE('',(#8313));
#8313 = FILL_AREA_STYLE_COLOUR('',#8221);
#8314 = STYLED_ITEM('color',(#8315),#1508);
#8315 = PRESENTATION_STYLE_ASSIGNMENT((#8316));
#8316 = SURFACE_STYLE_USAGE(.BOTH.,#8317);
#8317 = SURFACE_SIDE_STYLE('',(#8318));
#8318 = SURFACE_STYLE_FILL_AREA(#8319);
#8319 = FILL_AREA_STYLE('',(#8320));
#8320 = FILL_AREA_STYLE_COLOUR('',#8321);
#8321 = COLOUR_RGB('',0.713999977018,0.428400015816,0.18143999559);
#8322 = STYLED_ITEM('color',(#8323),#1601);
#8323 = PRESENTATION_STYLE_ASSIGNMENT((#8324));
#8324 = SURFACE_STYLE_USAGE(.BOTH.,#8325);
#8325 = SURFACE_SIDE_STYLE('',(#8326));
#8326 = SURFACE_STYLE_FILL_AREA(#8327);
#8327 = FILL_AREA_STYLE('',(#8328));
#8328 = FILL_AREA_STYLE_COLOUR('',#8321);
#8329 = STYLED_ITEM('color',(#8330),#1616);
#8330 = PRESENTATION_STYLE_ASSIGNMENT((#8331));
#8331 = SURFACE_STYLE_USAGE(.BOTH.,#8332);
#8332 = SURFACE_SIDE_STYLE('',(#8333));
#8333 = SURFACE_STYLE_FILL_AREA(#8334);
#8334 = FILL_AREA_STYLE('',(#8335));
#8335 = FILL_AREA_STYLE_COLOUR('',#8321);
#8336 = STYLED_ITEM('color',(#8337),#1633);
#8337 = PRESENTATION_STYLE_ASSIGNMENT((#8338));
#8338 = SURFACE_STYLE_USAGE(.BOTH.,#8339);
#8339 = SURFACE_SIDE_STYLE('',(#8340));
#8340 = SURFACE_STYLE_FILL_AREA(#8341);
#8341 = FILL_AREA_STYLE('',(#8342));
#8342 = FILL_AREA_STYLE_COLOUR('',#8321);
#8343 = STYLED_ITEM('color',(#8344),#1651);
#8344 = PRESENTATION_STYLE_ASSIGNMENT((#8345));
#8345 = SURFACE_STYLE_USAGE(.BOTH.,#8346);
#8346 = SURFACE_SIDE_STYLE('',(#8347));
#8347 = SURFACE_STYLE_FILL_AREA(#8348);
#8348 = FILL_AREA_STYLE('',(#8349));
#8349 = FILL_AREA_STYLE_COLOUR('',#8321);
#8350 = STYLED_ITEM('color',(#8351),#1668);
#8351 = PRESENTATION_STYLE_ASSIGNMENT((#8352));
#8352 = SURFACE_STYLE_USAGE(.BOTH.,#8353);
#8353 = SURFACE_SIDE_STYLE('',(#8354));
#8354 = SURFACE_STYLE_FILL_AREA(#8355);
#8355 = FILL_AREA_STYLE('',(#8356));
#8356 = FILL_AREA_STYLE_COLOUR('',#8321);
#8357 = STYLED_ITEM('color',(#8358),#1678);
#8358 = PRESENTATION_STYLE_ASSIGNMENT((#8359));
#8359 = SURFACE_STYLE_USAGE(.BOTH.,#8360);
#8360 = SURFACE_SIDE_STYLE('',(#8361));
#8361 = SURFACE_STYLE_FILL_AREA(#8362);
#8362 = FILL_AREA_STYLE('',(#8363));
#8363 = FILL_AREA_STYLE_COLOUR('',#8236);
#8364 = STYLED_ITEM('color',(#8365),#1693);
#8365 = PRESENTATION_STYLE_ASSIGNMENT((#8366));
#8366 = SURFACE_STYLE_USAGE(.BOTH.,#8367);
#8367 = SURFACE_SIDE_STYLE('',(#8368));
#8368 = SURFACE_STYLE_FILL_AREA(#8369);
#8369 = FILL_AREA_STYLE('',(#8370));
#8370 = FILL_AREA_STYLE_COLOUR('',#8236);
#8371 = MECHANICAL_DESIGN_GEOMETRIC_PRESENTATION_REPRESENTATION('',(
    #8372,#8380,#8387,#8394,#8401,#8408,#8415,#8422,#8429,#8436,#8443,
    #8450,#8457,#8464,#8471,#8478,#8485,#8492,#8499,#8506,#8513,#8520,
    #8527,#8534),#4494);
#8372 = STYLED_ITEM('color',(#8373),#3546);
#8373 = PRESENTATION_STYLE_ASSIGNMENT((#8374));
#8374 = SURFACE_STYLE_USAGE(.BOTH.,#8375);
#8375 = SURFACE_SIDE_STYLE('',(#8376));
#8376 = SURFACE_STYLE_FILL_AREA(#8377);
#8377 = FILL_AREA_STYLE('',(#8378));
#8378 = FILL_AREA_STYLE_COLOUR('',#8379);
#8379 = COLOUR_RGB('',0.809000013735,0.426000008053,0.147999998088);
#8380 = STYLED_ITEM('color',(#8381),#3579);
#8381 = PRESENTATION_STYLE_ASSIGNMENT((#8382));
#8382 = SURFACE_STYLE_USAGE(.BOTH.,#8383);
#8383 = SURFACE_SIDE_STYLE('',(#8384));
#8384 = SURFACE_STYLE_FILL_AREA(#8385);
#8385 = FILL_AREA_STYLE('',(#8386));
#8386 = FILL_AREA_STYLE_COLOUR('',#8379);
#8387 = STYLED_ITEM('color',(#8388),#3712);
#8388 = PRESENTATION_STYLE_ASSIGNMENT((#8389));
#8389 = SURFACE_STYLE_USAGE(.BOTH.,#8390);
#8390 = SURFACE_SIDE_STYLE('',(#8391));
#8391 = SURFACE_STYLE_FILL_AREA(#8392);
#8392 = FILL_AREA_STYLE('',(#8393));
#8393 = FILL_AREA_STYLE_COLOUR('',#8379);
#8394 = STYLED_ITEM('color',(#8395),#3832);
#8395 = PRESENTATION_STYLE_ASSIGNMENT((#8396));
#8396 = SURFACE_STYLE_USAGE(.BOTH.,#8397);
#8397 = SURFACE_SIDE_STYLE('',(#8398));
#8398 = SURFACE_STYLE_FILL_AREA(#8399);
#8399 = FILL_AREA_STYLE('',(#8400));
#8400 = FILL_AREA_STYLE_COLOUR('',#8379);
#8401 = STYLED_ITEM('color',(#8402),#3933);
#8402 = PRESENTATION_STYLE_ASSIGNMENT((#8403));
#8403 = SURFACE_STYLE_USAGE(.BOTH.,#8404);
#8404 = SURFACE_SIDE_STYLE('',(#8405));
#8405 = SURFACE_STYLE_FILL_AREA(#8406);
#8406 = FILL_AREA_STYLE('',(#8407));
#8407 = FILL_AREA_STYLE_COLOUR('',#8379);
#8408 = STYLED_ITEM('color',(#8409),#3993);
#8409 = PRESENTATION_STYLE_ASSIGNMENT((#8410));
#8410 = SURFACE_STYLE_USAGE(.BOTH.,#8411);
#8411 = SURFACE_SIDE_STYLE('',(#8412));
#8412 = SURFACE_STYLE_FILL_AREA(#8413);
#8413 = FILL_AREA_STYLE('',(#8414));
#8414 = FILL_AREA_STYLE_COLOUR('',#8379);
#8415 = STYLED_ITEM('color',(#8416),#4094);
#8416 = PRESENTATION_STYLE_ASSIGNMENT((#8417));
#8417 = SURFACE_STYLE_USAGE(.BOTH.,#8418);
#8418 = SURFACE_SIDE_STYLE('',(#8419));
#8419 = SURFACE_STYLE_FILL_AREA(#8420);
#8420 = FILL_AREA_STYLE('',(#8421));
#8421 = FILL_AREA_STYLE_COLOUR('',#8379);
#8422 = STYLED_ITEM('color',(#8423),#4154);
#8423 = PRESENTATION_STYLE_ASSIGNMENT((#8424));
#8424 = SURFACE_STYLE_USAGE(.BOTH.,#8425);
#8425 = SURFACE_SIDE_STYLE('',(#8426));
#8426 = SURFACE_STYLE_FILL_AREA(#8427);
#8427 = FILL_AREA_STYLE('',(#8428));
#8428 = FILL_AREA_STYLE_COLOUR('',#8379);
#8429 = STYLED_ITEM('color',(#8430),#4176);
#8430 = PRESENTATION_STYLE_ASSIGNMENT((#8431));
#8431 = SURFACE_STYLE_USAGE(.BOTH.,#8432);
#8432 = SURFACE_SIDE_STYLE('',(#8433));
#8433 = SURFACE_STYLE_FILL_AREA(#8434);
#8434 = FILL_AREA_STYLE('',(#8435));
#8435 = FILL_AREA_STYLE_COLOUR('',#8379);
#8436 = STYLED_ITEM('color',(#8437),#4194);
#8437 = PRESENTATION_STYLE_ASSIGNMENT((#8438));
#8438 = SURFACE_STYLE_USAGE(.BOTH.,#8439);
#8439 = SURFACE_SIDE_STYLE('',(#8440));
#8440 = SURFACE_STYLE_FILL_AREA(#8441);
#8441 = FILL_AREA_STYLE('',(#8442));
#8442 = FILL_AREA_STYLE_COLOUR('',#8379);
#8443 = STYLED_ITEM('color',(#8444),#4204);
#8444 = PRESENTATION_STYLE_ASSIGNMENT((#8445));
#8445 = SURFACE_STYLE_USAGE(.BOTH.,#8446);
#8446 = SURFACE_SIDE_STYLE('',(#8447));
#8447 = SURFACE_STYLE_FILL_AREA(#8448);
#8448 = FILL_AREA_STYLE('',(#8449));
#8449 = FILL_AREA_STYLE_COLOUR('',#8379);
#8450 = STYLED_ITEM('color',(#8451),#4230);
#8451 = PRESENTATION_STYLE_ASSIGNMENT((#8452));
#8452 = SURFACE_STYLE_USAGE(.BOTH.,#8453);
#8453 = SURFACE_SIDE_STYLE('',(#8454));
#8454 = SURFACE_STYLE_FILL_AREA(#8455);
#8455 = FILL_AREA_STYLE('',(#8456));
#8456 = FILL_AREA_STYLE_COLOUR('',#8379);
#8457 = STYLED_ITEM('color',(#8458),#4255);
#8458 = PRESENTATION_STYLE_ASSIGNMENT((#8459));
#8459 = SURFACE_STYLE_USAGE(.BOTH.,#8460);
#8460 = SURFACE_SIDE_STYLE('',(#8461));
#8461 = SURFACE_STYLE_FILL_AREA(#8462);
#8462 = FILL_AREA_STYLE('',(#8463));
#8463 = FILL_AREA_STYLE_COLOUR('',#8379);
#8464 = STYLED_ITEM('color',(#8465),#4273);
#8465 = PRESENTATION_STYLE_ASSIGNMENT((#8466));
#8466 = SURFACE_STYLE_USAGE(.BOTH.,#8467);
#8467 = SURFACE_SIDE_STYLE('',(#8468));
#8468 = SURFACE_STYLE_FILL_AREA(#8469);
#8469 = FILL_AREA_STYLE('',(#8470));
#8470 = FILL_AREA_STYLE_COLOUR('',#8379);
#8471 = STYLED_ITEM('color',(#8472),#4283);
#8472 = PRESENTATION_STYLE_ASSIGNMENT((#8473));
#8473 = SURFACE_STYLE_USAGE(.BOTH.,#8474);
#8474 = SURFACE_SIDE_STYLE('',(#8475));
#8475 = SURFACE_STYLE_FILL_AREA(#8476);
#8476 = FILL_AREA_STYLE('',(#8477));
#8477 = FILL_AREA_STYLE_COLOUR('',#8379);
#8478 = STYLED_ITEM('color',(#8479),#4294);
#8479 = PRESENTATION_STYLE_ASSIGNMENT((#8480));
#8480 = SURFACE_STYLE_USAGE(.BOTH.,#8481);
#8481 = SURFACE_SIDE_STYLE('',(#8482));
#8482 = SURFACE_STYLE_FILL_AREA(#8483);
#8483 = FILL_AREA_STYLE('',(#8484));
#8484 = FILL_AREA_STYLE_COLOUR('',#8379);
#8485 = STYLED_ITEM('color',(#8486),#4320);
#8486 = PRESENTATION_STYLE_ASSIGNMENT((#8487));
#8487 = SURFACE_STYLE_USAGE(.BOTH.,#8488);
#8488 = SURFACE_SIDE_STYLE('',(#8489));
#8489 = SURFACE_STYLE_FILL_AREA(#8490);
#8490 = FILL_AREA_STYLE('',(#8491));
#8491 = FILL_AREA_STYLE_COLOUR('',#8379);
#8492 = STYLED_ITEM('color',(#8493),#4340);
#8493 = PRESENTATION_STYLE_ASSIGNMENT((#8494));
#8494 = SURFACE_STYLE_USAGE(.BOTH.,#8495);
#8495 = SURFACE_SIDE_STYLE('',(#8496));
#8496 = SURFACE_STYLE_FILL_AREA(#8497);
#8497 = FILL_AREA_STYLE('',(#8498));
#8498 = FILL_AREA_STYLE_COLOUR('',#8379);
#8499 = STYLED_ITEM('color',(#8500),#4360);
#8500 = PRESENTATION_STYLE_ASSIGNMENT((#8501));
#8501 = SURFACE_STYLE_USAGE(.BOTH.,#8502);
#8502 = SURFACE_SIDE_STYLE('',(#8503));
#8503 = SURFACE_STYLE_FILL_AREA(#8504);
#8504 = FILL_AREA_STYLE('',(#8505));
#8505 = FILL_AREA_STYLE_COLOUR('',#8221);
#8506 = STYLED_ITEM('color',(#8507),#4385);
#8507 = PRESENTATION_STYLE_ASSIGNMENT((#8508));
#8508 = SURFACE_STYLE_USAGE(.BOTH.,#8509);
#8509 = SURFACE_SIDE_STYLE('',(#8510));
#8510 = SURFACE_STYLE_FILL_AREA(#8511);
#8511 = FILL_AREA_STYLE('',(#8512));
#8512 = FILL_AREA_STYLE_COLOUR('',#8221);
#8513 = STYLED_ITEM('color',(#8514),#4410);
#8514 = PRESENTATION_STYLE_ASSIGNMENT((#8515));
#8515 = SURFACE_STYLE_USAGE(.BOTH.,#8516);
#8516 = SURFACE_SIDE_STYLE('',(#8517));
#8517 = SURFACE_STYLE_FILL_AREA(#8518);
#8518 = FILL_AREA_STYLE('',(#8519));
#8519 = FILL_AREA_STYLE_COLOUR('',#8221);
#8520 = STYLED_ITEM('color',(#8521),#4443);
#8521 = PRESENTATION_STYLE_ASSIGNMENT((#8522));
#8522 = SURFACE_STYLE_USAGE(.BOTH.,#8523);
#8523 = SURFACE_SIDE_STYLE('',(#8524));
#8524 = SURFACE_STYLE_FILL_AREA(#8525);
#8525 = FILL_AREA_STYLE('',(#8526));
#8526 = FILL_AREA_STYLE_COLOUR('',#8221);
#8527 = STYLED_ITEM('color',(#8528),#4476);
#8528 = PRESENTATION_STYLE_ASSIGNMENT((#8529));
#8529 = SURFACE_STYLE_USAGE(.BOTH.,#8530);
#8530 = SURFACE_SIDE_STYLE('',(#8531));
#8531 = SURFACE_STYLE_FILL_AREA(#8532);
#8532 = FILL_AREA_STYLE('',(#8533));
#8533 = FILL_AREA_STYLE_COLOUR('',#8221);
#8534 = STYLED_ITEM('color',(#8535),#4485);
#8535 = PRESENTATION_STYLE_ASSIGNMENT((#8536));
#8536 = SURFACE_STYLE_USAGE(.BOTH.,#8537);
#8537 = SURFACE_SIDE_STYLE('',(#8538));
#8538 = SURFACE_STYLE_FILL_AREA(#8539);
#8539 = FILL_AREA_STYLE('',(#8540));
#8540 = FILL_AREA_STYLE_COLOUR('',#8221);
#8541 = MECHANICAL_DESIGN_GEOMETRIC_PRESENTATION_REPRESENTATION('',(
    #8542,#8549,#8556,#8563,#8570,#8577,#8584,#8591,#8599,#8606,#8613,
    #8620,#8627,#8634,#8642,#8649,#8656,#8663,#8670,#8677,#8684,#8691,
    #8698,#8705,#8712,#8719),#990);
#8542 = STYLED_ITEM('color',(#8543),#202);
#8543 = PRESENTATION_STYLE_ASSIGNMENT((#8544));
#8544 = SURFACE_STYLE_USAGE(.BOTH.,#8545);
#8545 = SURFACE_SIDE_STYLE('',(#8546));
#8546 = SURFACE_STYLE_FILL_AREA(#8547);
#8547 = FILL_AREA_STYLE('',(#8548));
#8548 = FILL_AREA_STYLE_COLOUR('',#8221);
#8549 = STYLED_ITEM('color',(#8550),#242);
#8550 = PRESENTATION_STYLE_ASSIGNMENT((#8551));
#8551 = SURFACE_STYLE_USAGE(.BOTH.,#8552);
#8552 = SURFACE_SIDE_STYLE('',(#8553));
#8553 = SURFACE_STYLE_FILL_AREA(#8554);
#8554 = FILL_AREA_STYLE('',(#8555));
#8555 = FILL_AREA_STYLE_COLOUR('',#8221);
#8556 = STYLED_ITEM('color',(#8557),#325);
#8557 = PRESENTATION_STYLE_ASSIGNMENT((#8558));
#8558 = SURFACE_STYLE_USAGE(.BOTH.,#8559);
#8559 = SURFACE_SIDE_STYLE('',(#8560));
#8560 = SURFACE_STYLE_FILL_AREA(#8561);
#8561 = FILL_AREA_STYLE('',(#8562));
#8562 = FILL_AREA_STYLE_COLOUR('',#8221);
#8563 = STYLED_ITEM('color',(#8564),#350);
#8564 = PRESENTATION_STYLE_ASSIGNMENT((#8565));
#8565 = SURFACE_STYLE_USAGE(.BOTH.,#8566);
#8566 = SURFACE_SIDE_STYLE('',(#8567));
#8567 = SURFACE_STYLE_FILL_AREA(#8568);
#8568 = FILL_AREA_STYLE('',(#8569));
#8569 = FILL_AREA_STYLE_COLOUR('',#8221);
#8570 = STYLED_ITEM('color',(#8571),#375);
#8571 = PRESENTATION_STYLE_ASSIGNMENT((#8572));
#8572 = SURFACE_STYLE_USAGE(.BOTH.,#8573);
#8573 = SURFACE_SIDE_STYLE('',(#8574));
#8574 = SURFACE_STYLE_FILL_AREA(#8575);
#8575 = FILL_AREA_STYLE('',(#8576));
#8576 = FILL_AREA_STYLE_COLOUR('',#8221);
#8577 = STYLED_ITEM('color',(#8578),#442);
#8578 = PRESENTATION_STYLE_ASSIGNMENT((#8579));
#8579 = SURFACE_STYLE_USAGE(.BOTH.,#8580);
#8580 = SURFACE_SIDE_STYLE('',(#8581));
#8581 = SURFACE_STYLE_FILL_AREA(#8582);
#8582 = FILL_AREA_STYLE('',(#8583));
#8583 = FILL_AREA_STYLE_COLOUR('',#8221);
#8584 = STYLED_ITEM('color',(#8585),#459);
#8585 = PRESENTATION_STYLE_ASSIGNMENT((#8586));
#8586 = SURFACE_STYLE_USAGE(.BOTH.,#8587);
#8587 = SURFACE_SIDE_STYLE('',(#8588));
#8588 = SURFACE_STYLE_FILL_AREA(#8589);
#8589 = FILL_AREA_STYLE('',(#8590));
#8590 = FILL_AREA_STYLE_COLOUR('',#8221);
#8591 = STYLED_ITEM('color',(#8592),#476);
#8592 = PRESENTATION_STYLE_ASSIGNMENT((#8593));
#8593 = SURFACE_STYLE_USAGE(.BOTH.,#8594);
#8594 = SURFACE_SIDE_STYLE('',(#8595));
#8595 = SURFACE_STYLE_FILL_AREA(#8596);
#8596 = FILL_AREA_STYLE('',(#8597));
#8597 = FILL_AREA_STYLE_COLOUR('',#8598);
#8598 = COLOUR_RGB('',0.894999966383,0.890999961016,0.813000030345);
#8599 = STYLED_ITEM('color',(#8600),#525);
#8600 = PRESENTATION_STYLE_ASSIGNMENT((#8601));
#8601 = SURFACE_STYLE_USAGE(.BOTH.,#8602);
#8602 = SURFACE_SIDE_STYLE('',(#8603));
#8603 = SURFACE_STYLE_FILL_AREA(#8604);
#8604 = FILL_AREA_STYLE('',(#8605));
#8605 = FILL_AREA_STYLE_COLOUR('',#8221);
#8606 = STYLED_ITEM('color',(#8607),#542);
#8607 = PRESENTATION_STYLE_ASSIGNMENT((#8608));
#8608 = SURFACE_STYLE_USAGE(.BOTH.,#8609);
#8609 = SURFACE_SIDE_STYLE('',(#8610));
#8610 = SURFACE_STYLE_FILL_AREA(#8611);
#8611 = FILL_AREA_STYLE('',(#8612));
#8612 = FILL_AREA_STYLE_COLOUR('',#8221);
#8613 = STYLED_ITEM('color',(#8614),#559);
#8614 = PRESENTATION_STYLE_ASSIGNMENT((#8615));
#8615 = SURFACE_STYLE_USAGE(.BOTH.,#8616);
#8616 = SURFACE_SIDE_STYLE('',(#8617));
#8617 = SURFACE_STYLE_FILL_AREA(#8618);
#8618 = FILL_AREA_STYLE('',(#8619));
#8619 = FILL_AREA_STYLE_COLOUR('',#8598);
#8620 = STYLED_ITEM('color',(#8621),#608);
#8621 = PRESENTATION_STYLE_ASSIGNMENT((#8622));
#8622 = SURFACE_STYLE_USAGE(.BOTH.,#8623);
#8623 = SURFACE_SIDE_STYLE('',(#8624));
#8624 = SURFACE_STYLE_FILL_AREA(#8625);
#8625 = FILL_AREA_STYLE('',(#8626));
#8626 = FILL_AREA_STYLE_COLOUR('',#8598);
#8627 = STYLED_ITEM('color',(#8628),#625);
#8628 = PRESENTATION_STYLE_ASSIGNMENT((#8629));
#8629 = SURFACE_STYLE_USAGE(.BOTH.,#8630);
#8630 = SURFACE_SIDE_STYLE('',(#8631));
#8631 = SURFACE_STYLE_FILL_AREA(#8632);
#8632 = FILL_AREA_STYLE('',(#8633));
#8633 = FILL_AREA_STYLE_COLOUR('',#8221);
#8634 = STYLED_ITEM('color',(#8635),#694);
#8635 = PRESENTATION_STYLE_ASSIGNMENT((#8636));
#8636 = SURFACE_STYLE_USAGE(.BOTH.,#8637);
#8637 = SURFACE_SIDE_STYLE('',(#8638));
#8638 = SURFACE_STYLE_FILL_AREA(#8639);
#8639 = FILL_AREA_STYLE('',(#8640));
#8640 = FILL_AREA_STYLE_COLOUR('',#8641);
#8641 = COLOUR_RGB('',8.200000279077E-02,8.600000121357E-02,
  9.399999706163E-02);
#8642 = STYLED_ITEM('color',(#8643),#725);
#8643 = PRESENTATION_STYLE_ASSIGNMENT((#8644));
#8644 = SURFACE_STYLE_USAGE(.BOTH.,#8645);
#8645 = SURFACE_SIDE_STYLE('',(#8646));
#8646 = SURFACE_STYLE_FILL_AREA(#8647);
#8647 = FILL_AREA_STYLE('',(#8648));
#8648 = FILL_AREA_STYLE_COLOUR('',#8641);
#8649 = STYLED_ITEM('color',(#8650),#749);
#8650 = PRESENTATION_STYLE_ASSIGNMENT((#8651));
#8651 = SURFACE_STYLE_USAGE(.BOTH.,#8652);
#8652 = SURFACE_SIDE_STYLE('',(#8653));
#8653 = SURFACE_STYLE_FILL_AREA(#8654);
#8654 = FILL_AREA_STYLE('',(#8655));
#8655 = FILL_AREA_STYLE_COLOUR('',#8221);
#8656 = STYLED_ITEM('color',(#8657),#818);
#8657 = PRESENTATION_STYLE_ASSIGNMENT((#8658));
#8658 = SURFACE_STYLE_USAGE(.BOTH.,#8659);
#8659 = SURFACE_SIDE_STYLE('',(#8660));
#8660 = SURFACE_STYLE_FILL_AREA(#8661);
#8661 = FILL_AREA_STYLE('',(#8662));
#8662 = FILL_AREA_STYLE_COLOUR('',#8641);
#8663 = STYLED_ITEM('color',(#8664),#842);
#8664 = PRESENTATION_STYLE_ASSIGNMENT((#8665));
#8665 = SURFACE_STYLE_USAGE(.BOTH.,#8666);
#8666 = SURFACE_SIDE_STYLE('',(#8667));
#8667 = SURFACE_STYLE_FILL_AREA(#8668);
#8668 = FILL_AREA_STYLE('',(#8669));
#8669 = FILL_AREA_STYLE_COLOUR('',#8221);
#8670 = STYLED_ITEM('color',(#8671),#859);
#8671 = PRESENTATION_STYLE_ASSIGNMENT((#8672));
#8672 = SURFACE_STYLE_USAGE(.BOTH.,#8673);
#8673 = SURFACE_SIDE_STYLE('',(#8674));
#8674 = SURFACE_STYLE_FILL_AREA(#8675);
#8675 = FILL_AREA_STYLE('',(#8676));
#8676 = FILL_AREA_STYLE_COLOUR('',#8221);
#8677 = STYLED_ITEM('color',(#8678),#876);
#8678 = PRESENTATION_STYLE_ASSIGNMENT((#8679));
#8679 = SURFACE_STYLE_USAGE(.BOTH.,#8680);
#8680 = SURFACE_SIDE_STYLE('',(#8681));
#8681 = SURFACE_STYLE_FILL_AREA(#8682);
#8682 = FILL_AREA_STYLE('',(#8683));
#8683 = FILL_AREA_STYLE_COLOUR('',#8221);
#8684 = STYLED_ITEM('color',(#8685),#893);
#8685 = PRESENTATION_STYLE_ASSIGNMENT((#8686));
#8686 = SURFACE_STYLE_USAGE(.BOTH.,#8687);
#8687 = SURFACE_SIDE_STYLE('',(#8688));
#8688 = SURFACE_STYLE_FILL_AREA(#8689);
#8689 = FILL_AREA_STYLE('',(#8690));
#8690 = FILL_AREA_STYLE_COLOUR('',#8221);
#8691 = STYLED_ITEM('color',(#8692),#910);
#8692 = PRESENTATION_STYLE_ASSIGNMENT((#8693));
#8693 = SURFACE_STYLE_USAGE(.BOTH.,#8694);
#8694 = SURFACE_SIDE_STYLE('',(#8695));
#8695 = SURFACE_STYLE_FILL_AREA(#8696);
#8696 = FILL_AREA_STYLE('',(#8697));
#8697 = FILL_AREA_STYLE_COLOUR('',#8221);
#8698 = STYLED_ITEM('color',(#8699),#927);
#8699 = PRESENTATION_STYLE_ASSIGNMENT((#8700));
#8700 = SURFACE_STYLE_USAGE(.BOTH.,#8701);
#8701 = SURFACE_SIDE_STYLE('',(#8702));
#8702 = SURFACE_STYLE_FILL_AREA(#8703);
#8703 = FILL_AREA_STYLE('',(#8704));
#8704 = FILL_AREA_STYLE_COLOUR('',#8221);
#8705 = STYLED_ITEM('color',(#8706),#944);
#8706 = PRESENTATION_STYLE_ASSIGNMENT((#8707));
#8707 = SURFACE_STYLE_USAGE(.BOTH.,#8708);
#8708 = SURFACE_SIDE_STYLE('',(#8709));
#8709 = SURFACE_STYLE_FILL_AREA(#8710);
#8710 = FILL_AREA_STYLE('',(#8711));
#8711 = FILL_AREA_STYLE_COLOUR('',#8221);
#8712 = STYLED_ITEM('color',(#8713),#961);
#8713 = PRESENTATION_STYLE_ASSIGNMENT((#8714));
#8714 = SURFACE_STYLE_USAGE(.BOTH.,#8715);
#8715 = SURFACE_SIDE_STYLE('',(#8716));
#8716 = SURFACE_STYLE_FILL_AREA(#8717);
#8717 = FILL_AREA_STYLE('',(#8718));
#8718 = FILL_AREA_STYLE_COLOUR('',#8641);
#8719 = STYLED_ITEM('color',(#8720),#978);
#8720 = PRESENTATION_STYLE_ASSIGNMENT((#8721));
#8721 = SURFACE_STYLE_USAGE(.BOTH.,#8722);
#8722 = SURFACE_SIDE_STYLE('',(#8723));
#8723 = SURFACE_STYLE_FILL_AREA(#8724);
#8724 = FILL_AREA_STYLE('',(#8725));
#8725 = FILL_AREA_STYLE_COLOUR('',#8641);
#8726 = MECHANICAL_DESIGN_GEOMETRIC_PRESENTATION_REPRESENTATION('',(
    #8727),#8202);
#8727 = STYLED_ITEM('color',(#8728),#6168);
#8728 = PRESENTATION_STYLE_ASSIGNMENT((#8729));
#8729 = SURFACE_STYLE_USAGE(.BOTH.,#8730);
#8730 = SURFACE_SIDE_STYLE('',(#8731));
#8731 = SURFACE_STYLE_FILL_AREA(#8732);
#8732 = FILL_AREA_STYLE('',(#8733));
#8733 = FILL_AREA_STYLE_COLOUR('',#8734);
#8734 = COLOUR_RGB('',0.313304153717,0.484529207832,0.410020903123);
#8735 = MECHANICAL_DESIGN_GEOMETRIC_PRESENTATION_REPRESENTATION('',(
    #8736,#8744,#8751,#8758,#8765,#8772,#8779,#8786,#8793,#8800,#8807,
    #8814,#8821,#8828,#8835,#8842,#8849,#8856,#8863,#8870,#8877,#8884,
    #8891,#8898,#8905,#8912,#8919,#8926,#8933,#8940,#8947,#8954,#8961,
    #8968,#8975,#8982,#8989,#8996,#9003,#9010,#9017,#9024,#9031,#9038,
    #9045,#9052,#9059,#9066,#9073,#9080,#9087,#9094,#9101,#9108,#9115,
    #9122,#9129,#9136,#9143,#9150),#3477);
#8736 = STYLED_ITEM('color',(#8737),#1786);
#8737 = PRESENTATION_STYLE_ASSIGNMENT((#8738));
#8738 = SURFACE_STYLE_USAGE(.BOTH.,#8739);
#8739 = SURFACE_SIDE_STYLE('',(#8740));
#8740 = SURFACE_STYLE_FILL_AREA(#8741);
#8741 = FILL_AREA_STYLE('',(#8742));
#8742 = FILL_AREA_STYLE_COLOUR('',#8743);
#8743 = COLOUR_RGB('',0.147999998088,0.144999993226,0.144999993226);
#8744 = STYLED_ITEM('color',(#8745),#1826);
#8745 = PRESENTATION_STYLE_ASSIGNMENT((#8746));
#8746 = SURFACE_STYLE_USAGE(.BOTH.,#8747);
#8747 = SURFACE_SIDE_STYLE('',(#8748));
#8748 = SURFACE_STYLE_FILL_AREA(#8749);
#8749 = FILL_AREA_STYLE('',(#8750));
#8750 = FILL_AREA_STYLE_COLOUR('',#8743);
#8751 = STYLED_ITEM('color',(#8752),#1871);
#8752 = PRESENTATION_STYLE_ASSIGNMENT((#8753));
#8753 = SURFACE_STYLE_USAGE(.BOTH.,#8754);
#8754 = SURFACE_SIDE_STYLE('',(#8755));
#8755 = SURFACE_STYLE_FILL_AREA(#8756);
#8756 = FILL_AREA_STYLE('',(#8757));
#8757 = FILL_AREA_STYLE_COLOUR('',#8743);
#8758 = STYLED_ITEM('color',(#8759),#1894);
#8759 = PRESENTATION_STYLE_ASSIGNMENT((#8760));
#8760 = SURFACE_STYLE_USAGE(.BOTH.,#8761);
#8761 = SURFACE_SIDE_STYLE('',(#8762));
#8762 = SURFACE_STYLE_FILL_AREA(#8763);
#8763 = FILL_AREA_STYLE('',(#8764));
#8764 = FILL_AREA_STYLE_COLOUR('',#8743);
#8765 = STYLED_ITEM('color',(#8766),#1933);
#8766 = PRESENTATION_STYLE_ASSIGNMENT((#8767));
#8767 = SURFACE_STYLE_USAGE(.BOTH.,#8768);
#8768 = SURFACE_SIDE_STYLE('',(#8769));
#8769 = SURFACE_STYLE_FILL_AREA(#8770);
#8770 = FILL_AREA_STYLE('',(#8771));
#8771 = FILL_AREA_STYLE_COLOUR('',#8743);
#8772 = STYLED_ITEM('color',(#8773),#1950);
#8773 = PRESENTATION_STYLE_ASSIGNMENT((#8774));
#8774 = SURFACE_STYLE_USAGE(.BOTH.,#8775);
#8775 = SURFACE_SIDE_STYLE('',(#8776));
#8776 = SURFACE_STYLE_FILL_AREA(#8777);
#8777 = FILL_AREA_STYLE('',(#8778));
#8778 = FILL_AREA_STYLE_COLOUR('',#8743);
#8779 = STYLED_ITEM('color',(#8780),#1980);
#8780 = PRESENTATION_STYLE_ASSIGNMENT((#8781));
#8781 = SURFACE_STYLE_USAGE(.BOTH.,#8782);
#8782 = SURFACE_SIDE_STYLE('',(#8783));
#8783 = SURFACE_STYLE_FILL_AREA(#8784);
#8784 = FILL_AREA_STYLE('',(#8785));
#8785 = FILL_AREA_STYLE_COLOUR('',#8743);
#8786 = STYLED_ITEM('color',(#8787),#2010);
#8787 = PRESENTATION_STYLE_ASSIGNMENT((#8788));
#8788 = SURFACE_STYLE_USAGE(.BOTH.,#8789);
#8789 = SURFACE_SIDE_STYLE('',(#8790));
#8790 = SURFACE_STYLE_FILL_AREA(#8791);
#8791 = FILL_AREA_STYLE('',(#8792));
#8792 = FILL_AREA_STYLE_COLOUR('',#8221);
#8793 = STYLED_ITEM('color',(#8794),#2041);
#8794 = PRESENTATION_STYLE_ASSIGNMENT((#8795));
#8795 = SURFACE_STYLE_USAGE(.BOTH.,#8796);
#8796 = SURFACE_SIDE_STYLE('',(#8797));
#8797 = SURFACE_STYLE_FILL_AREA(#8798);
#8798 = FILL_AREA_STYLE('',(#8799));
#8799 = FILL_AREA_STYLE_COLOUR('',#8743);
#8800 = STYLED_ITEM('color',(#8801),#2064);
#8801 = PRESENTATION_STYLE_ASSIGNMENT((#8802));
#8802 = SURFACE_STYLE_USAGE(.BOTH.,#8803);
#8803 = SURFACE_SIDE_STYLE('',(#8804));
#8804 = SURFACE_STYLE_FILL_AREA(#8805);
#8805 = FILL_AREA_STYLE('',(#8806));
#8806 = FILL_AREA_STYLE_COLOUR('',#8743);
#8807 = STYLED_ITEM('color',(#8808),#2088);
#8808 = PRESENTATION_STYLE_ASSIGNMENT((#8809));
#8809 = SURFACE_STYLE_USAGE(.BOTH.,#8810);
#8810 = SURFACE_SIDE_STYLE('',(#8811));
#8811 = SURFACE_STYLE_FILL_AREA(#8812);
#8812 = FILL_AREA_STYLE('',(#8813));
#8813 = FILL_AREA_STYLE_COLOUR('',#8743);
#8814 = STYLED_ITEM('color',(#8815),#2118);
#8815 = PRESENTATION_STYLE_ASSIGNMENT((#8816));
#8816 = SURFACE_STYLE_USAGE(.BOTH.,#8817);
#8817 = SURFACE_SIDE_STYLE('',(#8818));
#8818 = SURFACE_STYLE_FILL_AREA(#8819);
#8819 = FILL_AREA_STYLE('',(#8820));
#8820 = FILL_AREA_STYLE_COLOUR('',#8221);
#8821 = STYLED_ITEM('color',(#8822),#2149);
#8822 = PRESENTATION_STYLE_ASSIGNMENT((#8823));
#8823 = SURFACE_STYLE_USAGE(.BOTH.,#8824);
#8824 = SURFACE_SIDE_STYLE('',(#8825));
#8825 = SURFACE_STYLE_FILL_AREA(#8826);
#8826 = FILL_AREA_STYLE('',(#8827));
#8827 = FILL_AREA_STYLE_COLOUR('',#8743);
#8828 = STYLED_ITEM('color',(#8829),#2166);
#8829 = PRESENTATION_STYLE_ASSIGNMENT((#8830));
#8830 = SURFACE_STYLE_USAGE(.BOTH.,#8831);
#8831 = SURFACE_SIDE_STYLE('',(#8832));
#8832 = SURFACE_STYLE_FILL_AREA(#8833);
#8833 = FILL_AREA_STYLE('',(#8834));
#8834 = FILL_AREA_STYLE_COLOUR('',#8743);
#8835 = STYLED_ITEM('color',(#8836),#2196);
#8836 = PRESENTATION_STYLE_ASSIGNMENT((#8837));
#8837 = SURFACE_STYLE_USAGE(.BOTH.,#8838);
#8838 = SURFACE_SIDE_STYLE('',(#8839));
#8839 = SURFACE_STYLE_FILL_AREA(#8840);
#8840 = FILL_AREA_STYLE('',(#8841));
#8841 = FILL_AREA_STYLE_COLOUR('',#8221);
#8842 = STYLED_ITEM('color',(#8843),#2254);
#8843 = PRESENTATION_STYLE_ASSIGNMENT((#8844));
#8844 = SURFACE_STYLE_USAGE(.BOTH.,#8845);
#8845 = SURFACE_SIDE_STYLE('',(#8846));
#8846 = SURFACE_STYLE_FILL_AREA(#8847);
#8847 = FILL_AREA_STYLE('',(#8848));
#8848 = FILL_AREA_STYLE_COLOUR('',#8221);
#8849 = STYLED_ITEM('color',(#8850),#2312);
#8850 = PRESENTATION_STYLE_ASSIGNMENT((#8851));
#8851 = SURFACE_STYLE_USAGE(.BOTH.,#8852);
#8852 = SURFACE_SIDE_STYLE('',(#8853));
#8853 = SURFACE_STYLE_FILL_AREA(#8854);
#8854 = FILL_AREA_STYLE('',(#8855));
#8855 = FILL_AREA_STYLE_COLOUR('',#8743);
#8856 = STYLED_ITEM('color',(#8857),#2342);
#8857 = PRESENTATION_STYLE_ASSIGNMENT((#8858));
#8858 = SURFACE_STYLE_USAGE(.BOTH.,#8859);
#8859 = SURFACE_SIDE_STYLE('',(#8860));
#8860 = SURFACE_STYLE_FILL_AREA(#8861);
#8861 = FILL_AREA_STYLE('',(#8862));
#8862 = FILL_AREA_STYLE_COLOUR('',#8221);
#8863 = STYLED_ITEM('color',(#8864),#2359);
#8864 = PRESENTATION_STYLE_ASSIGNMENT((#8865));
#8865 = SURFACE_STYLE_USAGE(.BOTH.,#8866);
#8866 = SURFACE_SIDE_STYLE('',(#8867));
#8867 = SURFACE_STYLE_FILL_AREA(#8868);
#8868 = FILL_AREA_STYLE('',(#8869));
#8869 = FILL_AREA_STYLE_COLOUR('',#8743);
#8870 = STYLED_ITEM('color',(#8871),#2382);
#8871 = PRESENTATION_STYLE_ASSIGNMENT((#8872));
#8872 = SURFACE_STYLE_USAGE(.BOTH.,#8873);
#8873 = SURFACE_SIDE_STYLE('',(#8874));
#8874 = SURFACE_STYLE_FILL_AREA(#8875);
#8875 = FILL_AREA_STYLE('',(#8876));
#8876 = FILL_AREA_STYLE_COLOUR('',#8743);
#8877 = STYLED_ITEM('color',(#8878),#2406);
#8878 = PRESENTATION_STYLE_ASSIGNMENT((#8879));
#8879 = SURFACE_STYLE_USAGE(.BOTH.,#8880);
#8880 = SURFACE_SIDE_STYLE('',(#8881));
#8881 = SURFACE_STYLE_FILL_AREA(#8882);
#8882 = FILL_AREA_STYLE('',(#8883));
#8883 = FILL_AREA_STYLE_COLOUR('',#8221);
#8884 = STYLED_ITEM('color',(#8885),#2464);
#8885 = PRESENTATION_STYLE_ASSIGNMENT((#8886));
#8886 = SURFACE_STYLE_USAGE(.BOTH.,#8887);
#8887 = SURFACE_SIDE_STYLE('',(#8888));
#8888 = SURFACE_STYLE_FILL_AREA(#8889);
#8889 = FILL_AREA_STYLE('',(#8890));
#8890 = FILL_AREA_STYLE_COLOUR('',#8221);
#8891 = STYLED_ITEM('color',(#8892),#2522);
#8892 = PRESENTATION_STYLE_ASSIGNMENT((#8893));
#8893 = SURFACE_STYLE_USAGE(.BOTH.,#8894);
#8894 = SURFACE_SIDE_STYLE('',(#8895));
#8895 = SURFACE_STYLE_FILL_AREA(#8896);
#8896 = FILL_AREA_STYLE('',(#8897));
#8897 = FILL_AREA_STYLE_COLOUR('',#8743);
#8898 = STYLED_ITEM('color',(#8899),#2552);
#8899 = PRESENTATION_STYLE_ASSIGNMENT((#8900));
#8900 = SURFACE_STYLE_USAGE(.BOTH.,#8901);
#8901 = SURFACE_SIDE_STYLE('',(#8902));
#8902 = SURFACE_STYLE_FILL_AREA(#8903);
#8903 = FILL_AREA_STYLE('',(#8904));
#8904 = FILL_AREA_STYLE_COLOUR('',#8221);
#8905 = STYLED_ITEM('color',(#8906),#2569);
#8906 = PRESENTATION_STYLE_ASSIGNMENT((#8907));
#8907 = SURFACE_STYLE_USAGE(.BOTH.,#8908);
#8908 = SURFACE_SIDE_STYLE('',(#8909));
#8909 = SURFACE_STYLE_FILL_AREA(#8910);
#8910 = FILL_AREA_STYLE('',(#8911));
#8911 = FILL_AREA_STYLE_COLOUR('',#8743);
#8912 = STYLED_ITEM('color',(#8913),#2586);
#8913 = PRESENTATION_STYLE_ASSIGNMENT((#8914));
#8914 = SURFACE_STYLE_USAGE(.BOTH.,#8915);
#8915 = SURFACE_SIDE_STYLE('',(#8916));
#8916 = SURFACE_STYLE_FILL_AREA(#8917);
#8917 = FILL_AREA_STYLE('',(#8918));
#8918 = FILL_AREA_STYLE_COLOUR('',#8743);
#8919 = STYLED_ITEM('color',(#8920),#2622);
#8920 = PRESENTATION_STYLE_ASSIGNMENT((#8921));
#8921 = SURFACE_STYLE_USAGE(.BOTH.,#8922);
#8922 = SURFACE_SIDE_STYLE('',(#8923));
#8923 = SURFACE_STYLE_FILL_AREA(#8924);
#8924 = FILL_AREA_STYLE('',(#8925));
#8925 = FILL_AREA_STYLE_COLOUR('',#8221);
#8926 = STYLED_ITEM('color',(#8927),#2639);
#8927 = PRESENTATION_STYLE_ASSIGNMENT((#8928));
#8928 = SURFACE_STYLE_USAGE(.BOTH.,#8929);
#8929 = SURFACE_SIDE_STYLE('',(#8930));
#8930 = SURFACE_STYLE_FILL_AREA(#8931);
#8931 = FILL_AREA_STYLE('',(#8932));
#8932 = FILL_AREA_STYLE_COLOUR('',#8221);
#8933 = STYLED_ITEM('color',(#8934),#2672);
#8934 = PRESENTATION_STYLE_ASSIGNMENT((#8935));
#8935 = SURFACE_STYLE_USAGE(.BOTH.,#8936);
#8936 = SURFACE_SIDE_STYLE('',(#8937));
#8937 = SURFACE_STYLE_FILL_AREA(#8938);
#8938 = FILL_AREA_STYLE('',(#8939));
#8939 = FILL_AREA_STYLE_COLOUR('',#8221);
#8940 = STYLED_ITEM('color',(#8941),#2689);
#8941 = PRESENTATION_STYLE_ASSIGNMENT((#8942));
#8942 = SURFACE_STYLE_USAGE(.BOTH.,#8943);
#8943 = SURFACE_SIDE_STYLE('',(#8944));
#8944 = SURFACE_STYLE_FILL_AREA(#8945);
#8945 = FILL_AREA_STYLE('',(#8946));
#8946 = FILL_AREA_STYLE_COLOUR('',#8221);
#8947 = STYLED_ITEM('color',(#8948),#2706);
#8948 = PRESENTATION_STYLE_ASSIGNMENT((#8949));
#8949 = SURFACE_STYLE_USAGE(.BOTH.,#8950);
#8950 = SURFACE_SIDE_STYLE('',(#8951));
#8951 = SURFACE_STYLE_FILL_AREA(#8952);
#8952 = FILL_AREA_STYLE('',(#8953));
#8953 = FILL_AREA_STYLE_COLOUR('',#8221);
#8954 = STYLED_ITEM('color',(#8955),#2739);
#8955 = PRESENTATION_STYLE_ASSIGNMENT((#8956));
#8956 = SURFACE_STYLE_USAGE(.BOTH.,#8957);
#8957 = SURFACE_SIDE_STYLE('',(#8958));
#8958 = SURFACE_STYLE_FILL_AREA(#8959);
#8959 = FILL_AREA_STYLE('',(#8960));
#8960 = FILL_AREA_STYLE_COLOUR('',#8221);
#8961 = STYLED_ITEM('color',(#8962),#2756);
#8962 = PRESENTATION_STYLE_ASSIGNMENT((#8963));
#8963 = SURFACE_STYLE_USAGE(.BOTH.,#8964);
#8964 = SURFACE_SIDE_STYLE('',(#8965));
#8965 = SURFACE_STYLE_FILL_AREA(#8966);
#8966 = FILL_AREA_STYLE('',(#8967));
#8967 = FILL_AREA_STYLE_COLOUR('',#8221);
#8968 = STYLED_ITEM('color',(#8969),#2773);
#8969 = PRESENTATION_STYLE_ASSIGNMENT((#8970));
#8970 = SURFACE_STYLE_USAGE(.BOTH.,#8971);
#8971 = SURFACE_SIDE_STYLE('',(#8972));
#8972 = SURFACE_STYLE_FILL_AREA(#8973);
#8973 = FILL_AREA_STYLE('',(#8974));
#8974 = FILL_AREA_STYLE_COLOUR('',#8743);
#8975 = STYLED_ITEM('color',(#8976),#2796);
#8976 = PRESENTATION_STYLE_ASSIGNMENT((#8977));
#8977 = SURFACE_STYLE_USAGE(.BOTH.,#8978);
#8978 = SURFACE_SIDE_STYLE('',(#8979));
#8979 = SURFACE_STYLE_FILL_AREA(#8980);
#8980 = FILL_AREA_STYLE('',(#8981));
#8981 = FILL_AREA_STYLE_COLOUR('',#8743);
#8982 = STYLED_ITEM('color',(#8983),#2826);
#8983 = PRESENTATION_STYLE_ASSIGNMENT((#8984));
#8984 = SURFACE_STYLE_USAGE(.BOTH.,#8985);
#8985 = SURFACE_SIDE_STYLE('',(#8986));
#8986 = SURFACE_STYLE_FILL_AREA(#8987);
#8987 = FILL_AREA_STYLE('',(#8988));
#8988 = FILL_AREA_STYLE_COLOUR('',#8221);
#8989 = STYLED_ITEM('color',(#8990),#2843);
#8990 = PRESENTATION_STYLE_ASSIGNMENT((#8991));
#8991 = SURFACE_STYLE_USAGE(.BOTH.,#8992);
#8992 = SURFACE_SIDE_STYLE('',(#8993));
#8993 = SURFACE_STYLE_FILL_AREA(#8994);
#8994 = FILL_AREA_STYLE('',(#8995));
#8995 = FILL_AREA_STYLE_COLOUR('',#8221);
#8996 = STYLED_ITEM('color',(#8997),#2876);
#8997 = PRESENTATION_STYLE_ASSIGNMENT((#8998));
#8998 = SURFACE_STYLE_USAGE(.BOTH.,#8999);
#8999 = SURFACE_SIDE_STYLE('',(#9000));
#9000 = SURFACE_STYLE_FILL_AREA(#9001);
#9001 = FILL_AREA_STYLE('',(#9002));
#9002 = FILL_AREA_STYLE_COLOUR('',#8221);
#9003 = STYLED_ITEM('color',(#9004),#2893);
#9004 = PRESENTATION_STYLE_ASSIGNMENT((#9005));
#9005 = SURFACE_STYLE_USAGE(.BOTH.,#9006);
#9006 = SURFACE_SIDE_STYLE('',(#9007));
#9007 = SURFACE_STYLE_FILL_AREA(#9008);
#9008 = FILL_AREA_STYLE('',(#9009));
#9009 = FILL_AREA_STYLE_COLOUR('',#8221);
#9010 = STYLED_ITEM('color',(#9011),#2910);
#9011 = PRESENTATION_STYLE_ASSIGNMENT((#9012));
#9012 = SURFACE_STYLE_USAGE(.BOTH.,#9013);
#9013 = SURFACE_SIDE_STYLE('',(#9014));
#9014 = SURFACE_STYLE_FILL_AREA(#9015);
#9015 = FILL_AREA_STYLE('',(#9016));
#9016 = FILL_AREA_STYLE_COLOUR('',#8221);
#9017 = STYLED_ITEM('color',(#9018),#2943);
#9018 = PRESENTATION_STYLE_ASSIGNMENT((#9019));
#9019 = SURFACE_STYLE_USAGE(.BOTH.,#9020);
#9020 = SURFACE_SIDE_STYLE('',(#9021));
#9021 = SURFACE_STYLE_FILL_AREA(#9022);
#9022 = FILL_AREA_STYLE('',(#9023));
#9023 = FILL_AREA_STYLE_COLOUR('',#8221);
#9024 = STYLED_ITEM('color',(#9025),#2960);
#9025 = PRESENTATION_STYLE_ASSIGNMENT((#9026));
#9026 = SURFACE_STYLE_USAGE(.BOTH.,#9027);
#9027 = SURFACE_SIDE_STYLE('',(#9028));
#9028 = SURFACE_STYLE_FILL_AREA(#9029);
#9029 = FILL_AREA_STYLE('',(#9030));
#9030 = FILL_AREA_STYLE_COLOUR('',#8221);
#9031 = STYLED_ITEM('color',(#9032),#2977);
#9032 = PRESENTATION_STYLE_ASSIGNMENT((#9033));
#9033 = SURFACE_STYLE_USAGE(.BOTH.,#9034);
#9034 = SURFACE_SIDE_STYLE('',(#9035));
#9035 = SURFACE_STYLE_FILL_AREA(#9036);
#9036 = FILL_AREA_STYLE('',(#9037));
#9037 = FILL_AREA_STYLE_COLOUR('',#8743);
#9038 = STYLED_ITEM('color',(#9039),#2994);
#9039 = PRESENTATION_STYLE_ASSIGNMENT((#9040));
#9040 = SURFACE_STYLE_USAGE(.BOTH.,#9041);
#9041 = SURFACE_SIDE_STYLE('',(#9042));
#9042 = SURFACE_STYLE_FILL_AREA(#9043);
#9043 = FILL_AREA_STYLE('',(#9044));
#9044 = FILL_AREA_STYLE_COLOUR('',#8743);
#9045 = STYLED_ITEM('color',(#9046),#3130);
#9046 = PRESENTATION_STYLE_ASSIGNMENT((#9047));
#9047 = SURFACE_STYLE_USAGE(.BOTH.,#9048);
#9048 = SURFACE_SIDE_STYLE('',(#9049));
#9049 = SURFACE_STYLE_FILL_AREA(#9050);
#9050 = FILL_AREA_STYLE('',(#9051));
#9051 = FILL_AREA_STYLE_COLOUR('',#8221);
#9052 = STYLED_ITEM('color',(#9053),#3142);
#9053 = PRESENTATION_STYLE_ASSIGNMENT((#9054));
#9054 = SURFACE_STYLE_USAGE(.BOTH.,#9055);
#9055 = SURFACE_SIDE_STYLE('',(#9056));
#9056 = SURFACE_STYLE_FILL_AREA(#9057);
#9057 = FILL_AREA_STYLE('',(#9058));
#9058 = FILL_AREA_STYLE_COLOUR('',#8221);
#9059 = STYLED_ITEM('color',(#9060),#3154);
#9060 = PRESENTATION_STYLE_ASSIGNMENT((#9061));
#9061 = SURFACE_STYLE_USAGE(.BOTH.,#9062);
#9062 = SURFACE_SIDE_STYLE('',(#9063));
#9063 = SURFACE_STYLE_FILL_AREA(#9064);
#9064 = FILL_AREA_STYLE('',(#9065));
#9065 = FILL_AREA_STYLE_COLOUR('',#8743);
#9066 = STYLED_ITEM('color',(#9067),#3185);
#9067 = PRESENTATION_STYLE_ASSIGNMENT((#9068));
#9068 = SURFACE_STYLE_USAGE(.BOTH.,#9069);
#9069 = SURFACE_SIDE_STYLE('',(#9070));
#9070 = SURFACE_STYLE_FILL_AREA(#9071);
#9071 = FILL_AREA_STYLE('',(#9072));
#9072 = FILL_AREA_STYLE_COLOUR('',#8743);
#9073 = STYLED_ITEM('color',(#9074),#3209);
#9074 = PRESENTATION_STYLE_ASSIGNMENT((#9075));
#9075 = SURFACE_STYLE_USAGE(.BOTH.,#9076);
#9076 = SURFACE_SIDE_STYLE('',(#9077));
#9077 = SURFACE_STYLE_FILL_AREA(#9078);
#9078 = FILL_AREA_STYLE('',(#9079));
#9079 = FILL_AREA_STYLE_COLOUR('',#8598);
#9080 = STYLED_ITEM('color',(#9081),#3240);
#9081 = PRESENTATION_STYLE_ASSIGNMENT((#9082));
#9082 = SURFACE_STYLE_USAGE(.BOTH.,#9083);
#9083 = SURFACE_SIDE_STYLE('',(#9084));
#9084 = SURFACE_STYLE_FILL_AREA(#9085);
#9085 = FILL_AREA_STYLE('',(#9086));
#9086 = FILL_AREA_STYLE_COLOUR('',#8743);
#9087 = STYLED_ITEM('color',(#9088),#3264);
#9088 = PRESENTATION_STYLE_ASSIGNMENT((#9089));
#9089 = SURFACE_STYLE_USAGE(.BOTH.,#9090);
#9090 = SURFACE_SIDE_STYLE('',(#9091));
#9091 = SURFACE_STYLE_FILL_AREA(#9092);
#9092 = FILL_AREA_STYLE('',(#9093));
#9093 = FILL_AREA_STYLE_COLOUR('',#8743);
#9094 = STYLED_ITEM('color',(#9095),#3295);
#9095 = PRESENTATION_STYLE_ASSIGNMENT((#9096));
#9096 = SURFACE_STYLE_USAGE(.BOTH.,#9097);
#9097 = SURFACE_SIDE_STYLE('',(#9098));
#9098 = SURFACE_STYLE_FILL_AREA(#9099);
#9099 = FILL_AREA_STYLE('',(#9100));
#9100 = FILL_AREA_STYLE_COLOUR('',#8598);
#9101 = STYLED_ITEM('color',(#9102),#3326);
#9102 = PRESENTATION_STYLE_ASSIGNMENT((#9103));
#9103 = SURFACE_STYLE_USAGE(.BOTH.,#9104);
#9104 = SURFACE_SIDE_STYLE('',(#9105));
#9105 = SURFACE_STYLE_FILL_AREA(#9106);
#9106 = FILL_AREA_STYLE('',(#9107));
#9107 = FILL_AREA_STYLE_COLOUR('',#8743);
#9108 = STYLED_ITEM('color',(#9109),#3350);
#9109 = PRESENTATION_STYLE_ASSIGNMENT((#9110));
#9110 = SURFACE_STYLE_USAGE(.BOTH.,#9111);
#9111 = SURFACE_SIDE_STYLE('',(#9112));
#9112 = SURFACE_STYLE_FILL_AREA(#9113);
#9113 = FILL_AREA_STYLE('',(#9114));
#9114 = FILL_AREA_STYLE_COLOUR('',#8743);
#9115 = STYLED_ITEM('color',(#9116),#3374);
#9116 = PRESENTATION_STYLE_ASSIGNMENT((#9117));
#9117 = SURFACE_STYLE_USAGE(.BOTH.,#9118);
#9118 = SURFACE_SIDE_STYLE('',(#9119));
#9119 = SURFACE_STYLE_FILL_AREA(#9120);
#9120 = FILL_AREA_STYLE('',(#9121));
#9121 = FILL_AREA_STYLE_COLOUR('',#8598);
#9122 = STYLED_ITEM('color',(#9123),#3389);
#9123 = PRESENTATION_STYLE_ASSIGNMENT((#9124));
#9124 = SURFACE_STYLE_USAGE(.BOTH.,#9125);
#9125 = SURFACE_SIDE_STYLE('',(#9126));
#9126 = SURFACE_STYLE_FILL_AREA(#9127);
#9127 = FILL_AREA_STYLE('',(#9128));
#9128 = FILL_AREA_STYLE_COLOUR('',#8598);
#9129 = STYLED_ITEM('color',(#9130),#3407);
#9130 = PRESENTATION_STYLE_ASSIGNMENT((#9131));
#9131 = SURFACE_STYLE_USAGE(.BOTH.,#9132);
#9132 = SURFACE_SIDE_STYLE('',(#9133));
#9133 = SURFACE_STYLE_FILL_AREA(#9134);
#9134 = FILL_AREA_STYLE('',(#9135));
#9135 = FILL_AREA_STYLE_COLOUR('',#8598);
#9136 = STYLED_ITEM('color',(#9137),#3427);
#9137 = PRESENTATION_STYLE_ASSIGNMENT((#9138));
#9138 = SURFACE_STYLE_USAGE(.BOTH.,#9139);
#9139 = SURFACE_SIDE_STYLE('',(#9140));
#9140 = SURFACE_STYLE_FILL_AREA(#9141);
#9141 = FILL_AREA_STYLE('',(#9142));
#9142 = FILL_AREA_STYLE_COLOUR('',#8598);
#9143 = STYLED_ITEM('color',(#9144),#3445);
#9144 = PRESENTATION_STYLE_ASSIGNMENT((#9145));
#9145 = SURFACE_STYLE_USAGE(.BOTH.,#9146);
#9146 = SURFACE_SIDE_STYLE('',(#9147));
#9147 = SURFACE_STYLE_FILL_AREA(#9148);
#9148 = FILL_AREA_STYLE('',(#9149));
#9149 = FILL_AREA_STYLE_COLOUR('',#8598);
#9150 = STYLED_ITEM('color',(#9151),#3465);
#9151 = PRESENTATION_STYLE_ASSIGNMENT((#9152));
#9152 = SURFACE_STYLE_USAGE(.BOTH.,#9153);
#9153 = SURFACE_SIDE_STYLE('',(#9154));
#9154 = SURFACE_STYLE_FILL_AREA(#9155);
#9155 = FILL_AREA_STYLE('',(#9156));
#9156 = FILL_AREA_STYLE_COLOUR('',#8598);
#9157 = MECHANICAL_DESIGN_GEOMETRIC_PRESENTATION_REPRESENTATION('',(
    #9158,#9165,#9172,#9179,#9186,#9193,#9200,#9207,#9215,#9222,#9229,
    #9236,#9243,#9250,#9257,#9264,#9271,#9278,#9285,#9292,#9299,#9306,
    #9313,#9320,#9327,#9334,#9341,#9348,#9355,#9362,#9369,#9376,#9383,
    #9390,#9397,#9404,#9412,#9419,#9426,#9433,#9440,#9447,#9454,#9461,
    #9468,#9475,#9482,#9489,#9496,#9503),#6149);
#9158 = STYLED_ITEM('color',(#9159),#4628);
#9159 = PRESENTATION_STYLE_ASSIGNMENT((#9160));
#9160 = SURFACE_STYLE_USAGE(.BOTH.,#9161);
#9161 = SURFACE_SIDE_STYLE('',(#9162));
#9162 = SURFACE_STYLE_FILL_AREA(#9163);
#9163 = FILL_AREA_STYLE('',(#9164));
#9164 = FILL_AREA_STYLE_COLOUR('',#8598);
#9165 = STYLED_ITEM('color',(#9166),#4668);
#9166 = PRESENTATION_STYLE_ASSIGNMENT((#9167));
#9167 = SURFACE_STYLE_USAGE(.BOTH.,#9168);
#9168 = SURFACE_SIDE_STYLE('',(#9169));
#9169 = SURFACE_STYLE_FILL_AREA(#9170);
#9170 = FILL_AREA_STYLE('',(#9171));
#9171 = FILL_AREA_STYLE_COLOUR('',#8598);
#9172 = STYLED_ITEM('color',(#9173),#4715);
#9173 = PRESENTATION_STYLE_ASSIGNMENT((#9174));
#9174 = SURFACE_STYLE_USAGE(.BOTH.,#9175);
#9175 = SURFACE_SIDE_STYLE('',(#9176));
#9176 = SURFACE_STYLE_FILL_AREA(#9177);
#9177 = FILL_AREA_STYLE('',(#9178));
#9178 = FILL_AREA_STYLE_COLOUR('',#8598);
#9179 = STYLED_ITEM('color',(#9180),#4794);
#9180 = PRESENTATION_STYLE_ASSIGNMENT((#9181));
#9181 = SURFACE_STYLE_USAGE(.BOTH.,#9182);
#9182 = SURFACE_SIDE_STYLE('',(#9183));
#9183 = SURFACE_STYLE_FILL_AREA(#9184);
#9184 = FILL_AREA_STYLE('',(#9185));
#9185 = FILL_AREA_STYLE_COLOUR('',#8598);
#9186 = STYLED_ITEM('color',(#9187),#4818);
#9187 = PRESENTATION_STYLE_ASSIGNMENT((#9188));
#9188 = SURFACE_STYLE_USAGE(.BOTH.,#9189);
#9189 = SURFACE_SIDE_STYLE('',(#9190));
#9190 = SURFACE_STYLE_FILL_AREA(#9191);
#9191 = FILL_AREA_STYLE('',(#9192));
#9192 = FILL_AREA_STYLE_COLOUR('',#8598);
#9193 = STYLED_ITEM('color',(#9194),#4858);
#9194 = PRESENTATION_STYLE_ASSIGNMENT((#9195));
#9195 = SURFACE_STYLE_USAGE(.BOTH.,#9196);
#9196 = SURFACE_SIDE_STYLE('',(#9197));
#9197 = SURFACE_STYLE_FILL_AREA(#9198);
#9198 = FILL_AREA_STYLE('',(#9199));
#9199 = FILL_AREA_STYLE_COLOUR('',#8598);
#9200 = STYLED_ITEM('color',(#9201),#4889);
#9201 = PRESENTATION_STYLE_ASSIGNMENT((#9202));
#9202 = SURFACE_STYLE_USAGE(.BOTH.,#9203);
#9203 = SURFACE_SIDE_STYLE('',(#9204));
#9204 = SURFACE_STYLE_FILL_AREA(#9205);
#9205 = FILL_AREA_STYLE('',(#9206));
#9206 = FILL_AREA_STYLE_COLOUR('',#8598);
#9207 = STYLED_ITEM('color',(#9208),#4906);
#9208 = PRESENTATION_STYLE_ASSIGNMENT((#9209));
#9209 = SURFACE_STYLE_USAGE(.BOTH.,#9210);
#9210 = SURFACE_SIDE_STYLE('',(#9211));
#9211 = SURFACE_STYLE_FILL_AREA(#9212);
#9212 = FILL_AREA_STYLE('',(#9213));
#9213 = FILL_AREA_STYLE_COLOUR('',#9214);
#9214 = COLOUR_RGB('',0.859000020776,0.737999965183,0.495999988746);
#9215 = STYLED_ITEM('color',(#9216),#4939);
#9216 = PRESENTATION_STYLE_ASSIGNMENT((#9217));
#9217 = SURFACE_STYLE_USAGE(.BOTH.,#9218);
#9218 = SURFACE_SIDE_STYLE('',(#9219));
#9219 = SURFACE_STYLE_FILL_AREA(#9220);
#9220 = FILL_AREA_STYLE('',(#9221));
#9221 = FILL_AREA_STYLE_COLOUR('',#8598);
#9222 = STYLED_ITEM('color',(#9223),#4963);
#9223 = PRESENTATION_STYLE_ASSIGNMENT((#9224));
#9224 = SURFACE_STYLE_USAGE(.BOTH.,#9225);
#9225 = SURFACE_SIDE_STYLE('',(#9226));
#9226 = SURFACE_STYLE_FILL_AREA(#9227);
#9227 = FILL_AREA_STYLE('',(#9228));
#9228 = FILL_AREA_STYLE_COLOUR('',#9214);
#9229 = STYLED_ITEM('color',(#9230),#5030);
#9230 = PRESENTATION_STYLE_ASSIGNMENT((#9231));
#9231 = SURFACE_STYLE_USAGE(.BOTH.,#9232);
#9232 = SURFACE_SIDE_STYLE('',(#9233));
#9233 = SURFACE_STYLE_FILL_AREA(#9234);
#9234 = FILL_AREA_STYLE('',(#9235));
#9235 = FILL_AREA_STYLE_COLOUR('',#8598);
#9236 = STYLED_ITEM('color',(#9237),#5151);
#9237 = PRESENTATION_STYLE_ASSIGNMENT((#9238));
#9238 = SURFACE_STYLE_USAGE(.BOTH.,#9239);
#9239 = SURFACE_SIDE_STYLE('',(#9240));
#9240 = SURFACE_STYLE_FILL_AREA(#9241);
#9241 = FILL_AREA_STYLE('',(#9242));
#9242 = FILL_AREA_STYLE_COLOUR('',#9214);
#9243 = STYLED_ITEM('color',(#9244),#5218);
#9244 = PRESENTATION_STYLE_ASSIGNMENT((#9245));
#9245 = SURFACE_STYLE_USAGE(.BOTH.,#9246);
#9246 = SURFACE_SIDE_STYLE('',(#9247));
#9247 = SURFACE_STYLE_FILL_AREA(#9248);
#9248 = FILL_AREA_STYLE('',(#9249));
#9249 = FILL_AREA_STYLE_COLOUR('',#8598);
#9250 = STYLED_ITEM('color',(#9251),#5242);
#9251 = PRESENTATION_STYLE_ASSIGNMENT((#9252));
#9252 = SURFACE_STYLE_USAGE(.BOTH.,#9253);
#9253 = SURFACE_SIDE_STYLE('',(#9254));
#9254 = SURFACE_STYLE_FILL_AREA(#9255);
#9255 = FILL_AREA_STYLE('',(#9256));
#9256 = FILL_AREA_STYLE_COLOUR('',#8598);
#9257 = STYLED_ITEM('color',(#9258),#5273);
#9258 = PRESENTATION_STYLE_ASSIGNMENT((#9259));
#9259 = SURFACE_STYLE_USAGE(.BOTH.,#9260);
#9260 = SURFACE_SIDE_STYLE('',(#9261));
#9261 = SURFACE_STYLE_FILL_AREA(#9262);
#9262 = FILL_AREA_STYLE('',(#9263));
#9263 = FILL_AREA_STYLE_COLOUR('',#9214);
#9264 = STYLED_ITEM('color',(#9265),#5306);
#9265 = PRESENTATION_STYLE_ASSIGNMENT((#9266));
#9266 = SURFACE_STYLE_USAGE(.BOTH.,#9267);
#9267 = SURFACE_SIDE_STYLE('',(#9268));
#9268 = SURFACE_STYLE_FILL_AREA(#9269);
#9269 = FILL_AREA_STYLE('',(#9270));
#9270 = FILL_AREA_STYLE_COLOUR('',#8598);
#9271 = STYLED_ITEM('color',(#9272),#5362);
#9272 = PRESENTATION_STYLE_ASSIGNMENT((#9273));
#9273 = SURFACE_STYLE_USAGE(.BOTH.,#9274);
#9274 = SURFACE_SIDE_STYLE('',(#9275));
#9275 = SURFACE_STYLE_FILL_AREA(#9276);
#9276 = FILL_AREA_STYLE('',(#9277));
#9277 = FILL_AREA_STYLE_COLOUR('',#9214);
#9278 = STYLED_ITEM('color',(#9279),#5386);
#9279 = PRESENTATION_STYLE_ASSIGNMENT((#9280));
#9280 = SURFACE_STYLE_USAGE(.BOTH.,#9281);
#9281 = SURFACE_SIDE_STYLE('',(#9282));
#9282 = SURFACE_STYLE_FILL_AREA(#9283);
#9283 = FILL_AREA_STYLE('',(#9284));
#9284 = FILL_AREA_STYLE_COLOUR('',#9214);
#9285 = STYLED_ITEM('color',(#9286),#5410);
#9286 = PRESENTATION_STYLE_ASSIGNMENT((#9287));
#9287 = SURFACE_STYLE_USAGE(.BOTH.,#9288);
#9288 = SURFACE_SIDE_STYLE('',(#9289));
#9289 = SURFACE_STYLE_FILL_AREA(#9290);
#9290 = FILL_AREA_STYLE('',(#9291));
#9291 = FILL_AREA_STYLE_COLOUR('',#9214);
#9292 = STYLED_ITEM('color',(#9293),#5434);
#9293 = PRESENTATION_STYLE_ASSIGNMENT((#9294));
#9294 = SURFACE_STYLE_USAGE(.BOTH.,#9295);
#9295 = SURFACE_SIDE_STYLE('',(#9296));
#9296 = SURFACE_STYLE_FILL_AREA(#9297);
#9297 = FILL_AREA_STYLE('',(#9298));
#9298 = FILL_AREA_STYLE_COLOUR('',#9214);
#9299 = STYLED_ITEM('color',(#9300),#5467);
#9300 = PRESENTATION_STYLE_ASSIGNMENT((#9301));
#9301 = SURFACE_STYLE_USAGE(.BOTH.,#9302);
#9302 = SURFACE_SIDE_STYLE('',(#9303));
#9303 = SURFACE_STYLE_FILL_AREA(#9304);
#9304 = FILL_AREA_STYLE('',(#9305));
#9305 = FILL_AREA_STYLE_COLOUR('',#9214);
#9306 = STYLED_ITEM('color',(#9307),#5479);
#9307 = PRESENTATION_STYLE_ASSIGNMENT((#9308));
#9308 = SURFACE_STYLE_USAGE(.BOTH.,#9309);
#9309 = SURFACE_SIDE_STYLE('',(#9310));
#9310 = SURFACE_STYLE_FILL_AREA(#9311);
#9311 = FILL_AREA_STYLE('',(#9312));
#9312 = FILL_AREA_STYLE_COLOUR('',#9214);
#9313 = STYLED_ITEM('color',(#9314),#5542);
#9314 = PRESENTATION_STYLE_ASSIGNMENT((#9315));
#9315 = SURFACE_STYLE_USAGE(.BOTH.,#9316);
#9316 = SURFACE_SIDE_STYLE('',(#9317));
#9317 = SURFACE_STYLE_FILL_AREA(#9318);
#9318 = FILL_AREA_STYLE('',(#9319));
#9319 = FILL_AREA_STYLE_COLOUR('',#9214);
#9320 = STYLED_ITEM('color',(#9321),#5567);
#9321 = PRESENTATION_STYLE_ASSIGNMENT((#9322));
#9322 = SURFACE_STYLE_USAGE(.BOTH.,#9323);
#9323 = SURFACE_SIDE_STYLE('',(#9324));
#9324 = SURFACE_STYLE_FILL_AREA(#9325);
#9325 = FILL_AREA_STYLE('',(#9326));
#9326 = FILL_AREA_STYLE_COLOUR('',#9214);
#9327 = STYLED_ITEM('color',(#9328),#5584);
#9328 = PRESENTATION_STYLE_ASSIGNMENT((#9329));
#9329 = SURFACE_STYLE_USAGE(.BOTH.,#9330);
#9330 = SURFACE_SIDE_STYLE('',(#9331));
#9331 = SURFACE_STYLE_FILL_AREA(#9332);
#9332 = FILL_AREA_STYLE('',(#9333));
#9333 = FILL_AREA_STYLE_COLOUR('',#9214);
#9334 = STYLED_ITEM('color',(#9335),#5608);
#9335 = PRESENTATION_STYLE_ASSIGNMENT((#9336));
#9336 = SURFACE_STYLE_USAGE(.BOTH.,#9337);
#9337 = SURFACE_SIDE_STYLE('',(#9338));
#9338 = SURFACE_STYLE_FILL_AREA(#9339);
#9339 = FILL_AREA_STYLE('',(#9340));
#9340 = FILL_AREA_STYLE_COLOUR('',#9214);
#9341 = STYLED_ITEM('color',(#9342),#5626);
#9342 = PRESENTATION_STYLE_ASSIGNMENT((#9343));
#9343 = SURFACE_STYLE_USAGE(.BOTH.,#9344);
#9344 = SURFACE_SIDE_STYLE('',(#9345));
#9345 = SURFACE_STYLE_FILL_AREA(#9346);
#9346 = FILL_AREA_STYLE('',(#9347));
#9347 = FILL_AREA_STYLE_COLOUR('',#9214);
#9348 = STYLED_ITEM('color',(#9349),#5644);
#9349 = PRESENTATION_STYLE_ASSIGNMENT((#9350));
#9350 = SURFACE_STYLE_USAGE(.BOTH.,#9351);
#9351 = SURFACE_SIDE_STYLE('',(#9352));
#9352 = SURFACE_STYLE_FILL_AREA(#9353);
#9353 = FILL_AREA_STYLE('',(#9354));
#9354 = FILL_AREA_STYLE_COLOUR('',#9214);
#9355 = STYLED_ITEM('color',(#9356),#5662);
#9356 = PRESENTATION_STYLE_ASSIGNMENT((#9357));
#9357 = SURFACE_STYLE_USAGE(.BOTH.,#9358);
#9358 = SURFACE_SIDE_STYLE('',(#9359));
#9359 = SURFACE_STYLE_FILL_AREA(#9360);
#9360 = FILL_AREA_STYLE('',(#9361));
#9361 = FILL_AREA_STYLE_COLOUR('',#9214);
#9362 = STYLED_ITEM('color',(#9363),#5679);
#9363 = PRESENTATION_STYLE_ASSIGNMENT((#9364));
#9364 = SURFACE_STYLE_USAGE(.BOTH.,#9365);
#9365 = SURFACE_SIDE_STYLE('',(#9366));
#9366 = SURFACE_STYLE_FILL_AREA(#9367);
#9367 = FILL_AREA_STYLE('',(#9368));
#9368 = FILL_AREA_STYLE_COLOUR('',#9214);
#9369 = STYLED_ITEM('color',(#9370),#5696);
#9370 = PRESENTATION_STYLE_ASSIGNMENT((#9371));
#9371 = SURFACE_STYLE_USAGE(.BOTH.,#9372);
#9372 = SURFACE_SIDE_STYLE('',(#9373));
#9373 = SURFACE_STYLE_FILL_AREA(#9374);
#9374 = FILL_AREA_STYLE('',(#9375));
#9375 = FILL_AREA_STYLE_COLOUR('',#9214);
#9376 = STYLED_ITEM('color',(#9377),#5727);
#9377 = PRESENTATION_STYLE_ASSIGNMENT((#9378));
#9378 = SURFACE_STYLE_USAGE(.BOTH.,#9379);
#9379 = SURFACE_SIDE_STYLE('',(#9380));
#9380 = SURFACE_STYLE_FILL_AREA(#9381);
#9381 = FILL_AREA_STYLE('',(#9382));
#9382 = FILL_AREA_STYLE_COLOUR('',#9214);
#9383 = STYLED_ITEM('color',(#9384),#5752);
#9384 = PRESENTATION_STYLE_ASSIGNMENT((#9385));
#9385 = SURFACE_STYLE_USAGE(.BOTH.,#9386);
#9386 = SURFACE_SIDE_STYLE('',(#9387));
#9387 = SURFACE_STYLE_FILL_AREA(#9388);
#9388 = FILL_AREA_STYLE('',(#9389));
#9389 = FILL_AREA_STYLE_COLOUR('',#9214);
#9390 = STYLED_ITEM('color',(#9391),#5777);
#9391 = PRESENTATION_STYLE_ASSIGNMENT((#9392));
#9392 = SURFACE_STYLE_USAGE(.BOTH.,#9393);
#9393 = SURFACE_SIDE_STYLE('',(#9394));
#9394 = SURFACE_STYLE_FILL_AREA(#9395);
#9395 = FILL_AREA_STYLE('',(#9396));
#9396 = FILL_AREA_STYLE_COLOUR('',#9214);
#9397 = STYLED_ITEM('color',(#9398),#5801);
#9398 = PRESENTATION_STYLE_ASSIGNMENT((#9399));
#9399 = SURFACE_STYLE_USAGE(.BOTH.,#9400);
#9400 = SURFACE_SIDE_STYLE('',(#9401));
#9401 = SURFACE_STYLE_FILL_AREA(#9402);
#9402 = FILL_AREA_STYLE('',(#9403));
#9403 = FILL_AREA_STYLE_COLOUR('',#9214);
#9404 = STYLED_ITEM('color',(#9405),#5818);
#9405 = PRESENTATION_STYLE_ASSIGNMENT((#9406));
#9406 = SURFACE_STYLE_USAGE(.BOTH.,#9407);
#9407 = SURFACE_SIDE_STYLE('',(#9408));
#9408 = SURFACE_STYLE_FILL_AREA(#9409);
#9409 = FILL_AREA_STYLE('',(#9410));
#9410 = FILL_AREA_STYLE_COLOUR('',#9411);
#9411 = COLOUR_RGB('',0.340000006699,0.68000001254,0.444999988852);
#9412 = STYLED_ITEM('color',(#9413),#5849);
#9413 = PRESENTATION_STYLE_ASSIGNMENT((#9414));
#9414 = SURFACE_STYLE_USAGE(.BOTH.,#9415);
#9415 = SURFACE_SIDE_STYLE('',(#9416));
#9416 = SURFACE_STYLE_FILL_AREA(#9417);
#9417 = FILL_AREA_STYLE('',(#9418));
#9418 = FILL_AREA_STYLE_COLOUR('',#9411);
#9419 = STYLED_ITEM('color',(#9420),#5873);
#9420 = PRESENTATION_STYLE_ASSIGNMENT((#9421));
#9421 = SURFACE_STYLE_USAGE(.BOTH.,#9422);
#9422 = SURFACE_SIDE_STYLE('',(#9423));
#9423 = SURFACE_STYLE_FILL_AREA(#9424);
#9424 = FILL_AREA_STYLE('',(#9425));
#9425 = FILL_AREA_STYLE_COLOUR('',#9411);
#9426 = STYLED_ITEM('color',(#9427),#5890);
#9427 = PRESENTATION_STYLE_ASSIGNMENT((#9428));
#9428 = SURFACE_STYLE_USAGE(.BOTH.,#9429);
#9429 = SURFACE_SIDE_STYLE('',(#9430));
#9430 = SURFACE_STYLE_FILL_AREA(#9431);
#9431 = FILL_AREA_STYLE('',(#9432));
#9432 = FILL_AREA_STYLE_COLOUR('',#9214);
#9433 = STYLED_ITEM('color',(#9434),#5918);
#9434 = PRESENTATION_STYLE_ASSIGNMENT((#9435));
#9435 = SURFACE_STYLE_USAGE(.BOTH.,#9436);
#9436 = SURFACE_SIDE_STYLE('',(#9437));
#9437 = SURFACE_STYLE_FILL_AREA(#9438);
#9438 = FILL_AREA_STYLE('',(#9439));
#9439 = FILL_AREA_STYLE_COLOUR('',#9214);
#9440 = STYLED_ITEM('color',(#9441),#5943);
#9441 = PRESENTATION_STYLE_ASSIGNMENT((#9442));
#9442 = SURFACE_STYLE_USAGE(.BOTH.,#9443);
#9443 = SURFACE_SIDE_STYLE('',(#9444));
#9444 = SURFACE_STYLE_FILL_AREA(#9445);
#9445 = FILL_AREA_STYLE('',(#9446));
#9446 = FILL_AREA_STYLE_COLOUR('',#9214);
#9447 = STYLED_ITEM('color',(#9448),#5967);
#9448 = PRESENTATION_STYLE_ASSIGNMENT((#9449));
#9449 = SURFACE_STYLE_USAGE(.BOTH.,#9450);
#9450 = SURFACE_SIDE_STYLE('',(#9451));
#9451 = SURFACE_STYLE_FILL_AREA(#9452);
#9452 = FILL_AREA_STYLE('',(#9453));
#9453 = FILL_AREA_STYLE_COLOUR('',#9214);
#9454 = STYLED_ITEM('color',(#9455),#5992);
#9455 = PRESENTATION_STYLE_ASSIGNMENT((#9456));
#9456 = SURFACE_STYLE_USAGE(.BOTH.,#9457);
#9457 = SURFACE_SIDE_STYLE('',(#9458));
#9458 = SURFACE_STYLE_FILL_AREA(#9459);
#9459 = FILL_AREA_STYLE('',(#9460));
#9460 = FILL_AREA_STYLE_COLOUR('',#9214);
#9461 = STYLED_ITEM('color',(#9462),#6039);
#9462 = PRESENTATION_STYLE_ASSIGNMENT((#9463));
#9463 = SURFACE_STYLE_USAGE(.BOTH.,#9464);
#9464 = SURFACE_SIDE_STYLE('',(#9465));
#9465 = SURFACE_STYLE_FILL_AREA(#9466);
#9466 = FILL_AREA_STYLE('',(#9467));
#9467 = FILL_AREA_STYLE_COLOUR('',#9214);
#9468 = STYLED_ITEM('color',(#9469),#6056);
#9469 = PRESENTATION_STYLE_ASSIGNMENT((#9470));
#9470 = SURFACE_STYLE_USAGE(.BOTH.,#9471);
#9471 = SURFACE_SIDE_STYLE('',(#9472));
#9472 = SURFACE_STYLE_FILL_AREA(#9473);
#9473 = FILL_AREA_STYLE('',(#9474));
#9474 = FILL_AREA_STYLE_COLOUR('',#9214);
#9475 = STYLED_ITEM('color',(#9476),#6068);
#9476 = PRESENTATION_STYLE_ASSIGNMENT((#9477));
#9477 = SURFACE_STYLE_USAGE(.BOTH.,#9478);
#9478 = SURFACE_SIDE_STYLE('',(#9479));
#9479 = SURFACE_STYLE_FILL_AREA(#9480);
#9480 = FILL_AREA_STYLE('',(#9481));
#9481 = FILL_AREA_STYLE_COLOUR('',#9214);
#9482 = STYLED_ITEM('color',(#9483),#6090);
#9483 = PRESENTATION_STYLE_ASSIGNMENT((#9484));
#9484 = SURFACE_STYLE_USAGE(.BOTH.,#9485);
#9485 = SURFACE_SIDE_STYLE('',(#9486));
#9486 = SURFACE_STYLE_FILL_AREA(#9487);
#9487 = FILL_AREA_STYLE('',(#9488));
#9488 = FILL_AREA_STYLE_COLOUR('',#9214);
#9489 = STYLED_ITEM('color',(#9490),#6102);
#9490 = PRESENTATION_STYLE_ASSIGNMENT((#9491));
#9491 = SURFACE_STYLE_USAGE(.BOTH.,#9492);
#9492 = SURFACE_SIDE_STYLE('',(#9493));
#9493 = SURFACE_STYLE_FILL_AREA(#9494);
#9494 = FILL_AREA_STYLE('',(#9495));
#9495 = FILL_AREA_STYLE_COLOUR('',#9214);
#9496 = STYLED_ITEM('color',(#9497),#6120);
#9497 = PRESENTATION_STYLE_ASSIGNMENT((#9498));
#9498 = SURFACE_STYLE_USAGE(.BOTH.,#9499);
#9499 = SURFACE_SIDE_STYLE('',(#9500));
#9500 = SURFACE_STYLE_FILL_AREA(#9501);
#9501 = FILL_AREA_STYLE('',(#9502));
#9502 = FILL_AREA_STYLE_COLOUR('',#9214);
#9503 = STYLED_ITEM('color',(#9504),#6138);
#9504 = PRESENTATION_STYLE_ASSIGNMENT((#9505));
#9505 = SURFACE_STYLE_USAGE(.BOTH.,#9506);
#9506 = SURFACE_SIDE_STYLE('',(#9507));
#9507 = SURFACE_STYLE_FILL_AREA(#9508);
#9508 = FILL_AREA_STYLE('',(#9509));
#9509 = FILL_AREA_STYLE_COLOUR('',#9411);
ENDSEC;
END-ISO-10303-21;
