ISO-10303-21;
HEADER;
FILE_DESCRIPTION(('FreeCAD Model'),'2;1');
FILE_NAME('Open CASCADE Shape Model','2026-07-26T21:07:35',('Author'),(
    ''),'Open CASCADE STEP processor 7.8','FreeCAD','Unknown');
FILE_SCHEMA(('AUTOMOTIVE_DESIGN { 1 0 10303 214 1 1 1 1 }'));
ENDSEC;
DATA;
#1 = APPLICATION_PROTOCOL_DEFINITION('international standard',
  'automotive_design',2000,#2);
#2 = APPLICATION_CONTEXT(
  'core data for automotive mechanical design processes');
#3 = SHAPE_DEFINITION_REPRESENTATION(#4,#10);
#4 = PRODUCT_DEFINITION_SHAPE('','',#5);
#5 = PRODUCT_DEFINITION('design','',#6,#9);
#6 = PRODUCT_DEFINITION_FORMATION('','',#7);
#7 = PRODUCT('Body','Body','',(#8));
#8 = PRODUCT_CONTEXT('',#2,'mechanical');
#9 = PRODUCT_DEFINITION_CONTEXT('part definition',#2,'design');
#10 = ADVANCED_BREP_SHAPE_REPRESENTATION('',(#11,#15),#9264);
#11 = AXIS2_PLACEMENT_3D('',#12,#13,#14);
#12 = CARTESIAN_POINT('',(0.,0.,0.));
#13 = DIRECTION('',(0.,0.,1.));
#14 = DIRECTION('',(1.,0.,-0.));
#15 = MANIFOLD_SOLID_BREP('',#16);
#16 = CLOSED_SHELL('',(#17,#145,#227,#496,#551,#708,#764,#813,#892,#947,
    #980,#1012,#1067,#1122,#1177,#1226,#1837,#1864,#1911,#1938,#1948,
    #2185,#2264,#2343,#2422,#2506,#2555,#2609,#2864,#2918,#2967,#3024,
    #3051,#3098,#3125,#3152,#3179,#3206,#3233,#3260,#3267,#3324,#3381,
    #3438,#4305,#4344,#4383,#4422,#4544,#4600,#4656,#4712,#4767,#4823,
    #4878,#4934,#4990,#5046,#5145,#5177,#5354,#5453,#5552,#5607,#5663,
    #5718,#5751,#5873,#5972,#6125,#6181,#6237,#6292,#6325,#6375,#6449,
    #6499,#6528,#6555,#6582,#6658,#6713,#6768,#6823,#6877,#6932,#6986,
    #7041,#7096,#7151,#7205,#7293,#7370,#7483,#7565,#7614,#7669,#7723,
    #7756,#7832,#7914,#8027,#8077,#8132,#8186,#8219,#8269,#8320,#8375,
    #8426,#8476,#8527,#8577,#8628,#8683,#8734,#8761,#8776,#8831,#8929,
    #8957,#8985,#9013,#9020,#9070,#9173,#9201,#9229,#9257));
#17 = ADVANCED_FACE('',(#18),#33,.T.);
#18 = FACE_BOUND('',#19,.T.);
#19 = EDGE_LOOP('',(#20,#56,#89,#118));
#20 = ORIENTED_EDGE('',*,*,#21,.T.);
#21 = EDGE_CURVE('',#22,#24,#26,.T.);
#22 = VERTEX_POINT('',#23);
#23 = CARTESIAN_POINT('',(71.,-40.,-2.));
#24 = VERTEX_POINT('',#25);
#25 = CARTESIAN_POINT('',(70.,-40.00000007098,-3.));
#26 = SURFACE_CURVE('',#27,(#32,#44),.PCURVE_S1.);
#27 = CIRCLE('',#28,1.);
#28 = AXIS2_PLACEMENT_3D('',#29,#30,#31);
#29 = CARTESIAN_POINT('',(70.,-40.00000007098,-2.));
#30 = DIRECTION('',(-7.098499565927E-08,1.,0.));
#31 = DIRECTION('',(1.,7.098499565927E-08,0.));
#32 = PCURVE('',#33,#38);
#33 = TOROIDAL_SURFACE('',#34,5.00000042591,1.);
#34 = AXIS2_PLACEMENT_3D('',#35,#36,#37);
#35 = CARTESIAN_POINT('',(64.99999957409,-40.00000042591,-2.));
#36 = DIRECTION('',(0.,0.,-1.));
#37 = DIRECTION('',(-1.,0.,0.));
#38 = DEFINITIONAL_REPRESENTATION('',(#39),#43);
#39 = LINE('',#40,#41);
#40 = CARTESIAN_POINT('',(3.141592582605,0.));
#41 = VECTOR('',#42,1.);
#42 = DIRECTION('',(0.,1.));
#43 = ( GEOMETRIC_REPRESENTATION_CONTEXT(2) 
PARAMETRIC_REPRESENTATION_CONTEXT() REPRESENTATION_CONTEXT('2D SPACE',''
  ) );
#44 = PCURVE('',#45,#50);
#45 = CYLINDRICAL_SURFACE('',#46,1.);
#46 = AXIS2_PLACEMENT_3D('',#47,#48,#49);
#47 = CARTESIAN_POINT('',(70.,-49.25,-2.));
#48 = DIRECTION('',(0.,-1.,0.));
#49 = DIRECTION('',(0.707106781187,0.,-0.707106781187));
#50 = DEFINITIONAL_REPRESENTATION('',(#51),#55);
#51 = LINE('',#52,#53);
#52 = CARTESIAN_POINT('',(7.068583470577,-9.250000000005));
#53 = VECTOR('',#54,1.);
#54 = DIRECTION('',(-1.,4.519045177812E-08));
#55 = ( GEOMETRIC_REPRESENTATION_CONTEXT(2) 
PARAMETRIC_REPRESENTATION_CONTEXT() REPRESENTATION_CONTEXT('2D SPACE',''
  ) );
#56 = ORIENTED_EDGE('',*,*,#57,.T.);
#57 = EDGE_CURVE('',#24,#58,#60,.T.);
#58 = VERTEX_POINT('',#59);
#59 = CARTESIAN_POINT('',(65.000000212955,-35.,-3.));
#60 = SURFACE_CURVE('',#61,(#66,#73),.PCURVE_S1.);
#61 = CIRCLE('',#62,5.00000042591);
#62 = AXIS2_PLACEMENT_3D('',#63,#64,#65);
#63 = CARTESIAN_POINT('',(64.99999957409,-40.00000042591,-3.));
#64 = DIRECTION('',(0.,-0.,1.));
#65 = DIRECTION('',(0.707106793735,0.707106768638,0.));
#66 = PCURVE('',#33,#67);
#67 = DEFINITIONAL_REPRESENTATION('',(#68),#72);
#68 = LINE('',#69,#70);
#69 = CARTESIAN_POINT('',(8.639379815118,1.570796326795));
#70 = VECTOR('',#71,1.);
#71 = DIRECTION('',(-1.,0.));
#72 = ( GEOMETRIC_REPRESENTATION_CONTEXT(2) 
PARAMETRIC_REPRESENTATION_CONTEXT() REPRESENTATION_CONTEXT('2D SPACE',''
  ) );
#73 = PCURVE('',#74,#79);
#74 = PLANE('',#75);
#75 = AXIS2_PLACEMENT_3D('',#76,#77,#78);
#76 = CARTESIAN_POINT('',(46.5,-58.5,-3.));
#77 = DIRECTION('',(0.,0.,-1.));
#78 = DIRECTION('',(1.,0.,0.));
#79 = DEFINITIONAL_REPRESENTATION('',(#80),#88);
#80 = ( BOUNDED_CURVE() B_SPLINE_CURVE(2,(#81,#82,#83,#84,#85,#86,#87),
.UNSPECIFIED.,.T.,.F.) B_SPLINE_CURVE_WITH_KNOTS((1,2,2,2,2,1),(
    -2.094395102393,0.,2.094395102393,4.188790204786,6.28318530718,
8.377580409573),.UNSPECIFIED.) CURVE() GEOMETRIC_REPRESENTATION_ITEM() 
RATIONAL_B_SPLINE_CURVE((1.,0.5,1.,0.5,1.,0.5,1.)) REPRESENTATION_ITEM(
  '') );
#81 = CARTESIAN_POINT('',(22.035533843929,-22.03553371844));
#82 = CARTESIAN_POINT('',(15.911809074013,-28.1592587057));
#83 = CARTESIAN_POINT('',(13.670370054213,-19.79409499554));
#84 = CARTESIAN_POINT('',(11.428931034412,-11.42893128538));
#85 = CARTESIAN_POINT('',(19.794094824128,-13.67037000828));
#86 = CARTESIAN_POINT('',(28.159258613845,-15.91180873118));
#87 = CARTESIAN_POINT('',(22.035533843929,-22.03553371844));
#88 = ( GEOMETRIC_REPRESENTATION_CONTEXT(2) 
PARAMETRIC_REPRESENTATION_CONTEXT() REPRESENTATION_CONTEXT('2D SPACE',''
  ) );
#89 = ORIENTED_EDGE('',*,*,#90,.F.);
#90 = EDGE_CURVE('',#91,#58,#93,.T.);
#91 = VERTEX_POINT('',#92);
#92 = CARTESIAN_POINT('',(65.000000212955,-34.,-2.));
#93 = SURFACE_CURVE('',#94,(#99,#106),.PCURVE_S1.);
#94 = CIRCLE('',#95,1.);
#95 = AXIS2_PLACEMENT_3D('',#96,#97,#98);
#96 = CARTESIAN_POINT('',(65.000000212955,-35.,-2.));
#97 = DIRECTION('',(-1.,0.,0.));
#98 = DIRECTION('',(0.,1.,0.));
#99 = PCURVE('',#33,#100);
#100 = DEFINITIONAL_REPRESENTATION('',(#101),#105);
#101 = LINE('',#102,#103);
#102 = CARTESIAN_POINT('',(1.570796433272,0.));
#103 = VECTOR('',#104,1.);
#104 = DIRECTION('',(1.355713440257E-08,1.));
#105 = ( GEOMETRIC_REPRESENTATION_CONTEXT(2) 
PARAMETRIC_REPRESENTATION_CONTEXT() REPRESENTATION_CONTEXT('2D SPACE',''
  ) );
#106 = PCURVE('',#107,#112);
#107 = CYLINDRICAL_SURFACE('',#108,1.);
#108 = AXIS2_PLACEMENT_3D('',#109,#110,#111);
#109 = CARTESIAN_POINT('',(37.25,-35.,-2.));
#110 = DIRECTION('',(1.,-9.601928806359E-16,0.));
#111 = DIRECTION('',(6.789588971447E-16,0.707106781187,-0.707106781187)
  );
#112 = DEFINITIONAL_REPRESENTATION('',(#113),#117);
#113 = LINE('',#114,#115);
#114 = CARTESIAN_POINT('',(7.068583470577,27.750000212955));
#115 = VECTOR('',#116,1.);
#116 = DIRECTION('',(-1.,0.));
#117 = ( GEOMETRIC_REPRESENTATION_CONTEXT(2) 
PARAMETRIC_REPRESENTATION_CONTEXT() REPRESENTATION_CONTEXT('2D SPACE',''
  ) );
#118 = ORIENTED_EDGE('',*,*,#119,.T.);
#119 = EDGE_CURVE('',#91,#22,#120,.T.);
#120 = SURFACE_CURVE('',#121,(#126,#133),.PCURVE_S1.);
#121 = CIRCLE('',#122,6.00000042591);
#122 = AXIS2_PLACEMENT_3D('',#123,#124,#125);
#123 = CARTESIAN_POINT('',(64.99999957409,-40.00000042591,-2.));
#124 = DIRECTION('',(0.,0.,-1.));
#125 = DIRECTION('',(0.707106793735,0.707106768638,0.));
#126 = PCURVE('',#33,#127);
#127 = DEFINITIONAL_REPRESENTATION('',(#128),#132);
#128 = LINE('',#129,#130);
#129 = CARTESIAN_POINT('',(-3.926990799241,0.));
#130 = VECTOR('',#131,1.);
#131 = DIRECTION('',(1.,0.));
#132 = ( GEOMETRIC_REPRESENTATION_CONTEXT(2) 
PARAMETRIC_REPRESENTATION_CONTEXT() REPRESENTATION_CONTEXT('2D SPACE',''
  ) );
#133 = PCURVE('',#134,#139);
#134 = CYLINDRICAL_SURFACE('',#135,6.00000042591);
#135 = AXIS2_PLACEMENT_3D('',#136,#137,#138);
#136 = CARTESIAN_POINT('',(64.99999957409,-40.00000042591,
    3.752756515105E-26));
#137 = DIRECTION('',(0.,0.,-1.));
#138 = DIRECTION('',(1.,7.09849950613E-08,0.));
#139 = DEFINITIONAL_REPRESENTATION('',(#140),#144);
#140 = LINE('',#141,#142);
#141 = CARTESIAN_POINT('',(-0.785398074666,2.));
#142 = VECTOR('',#143,1.);
#143 = DIRECTION('',(1.,0.));
#144 = ( GEOMETRIC_REPRESENTATION_CONTEXT(2) 
PARAMETRIC_REPRESENTATION_CONTEXT() REPRESENTATION_CONTEXT('2D SPACE',''
  ) );
#145 = ADVANCED_FACE('',(#146),#45,.T.);
#146 = FACE_BOUND('',#147,.T.);
#147 = EDGE_LOOP('',(#148,#179,#200,#201));
#148 = ORIENTED_EDGE('',*,*,#149,.T.);
#149 = EDGE_CURVE('',#150,#152,#154,.T.);
#150 = VERTEX_POINT('',#151);
#151 = CARTESIAN_POINT('',(71.,-77.00000021295,-2.));
#152 = VERTEX_POINT('',#153);
#153 = CARTESIAN_POINT('',(70.,-77.00000021295,-3.));
#154 = SURFACE_CURVE('',#155,(#160,#167),.PCURVE_S1.);
#155 = CIRCLE('',#156,1.);
#156 = AXIS2_PLACEMENT_3D('',#157,#158,#159);
#157 = CARTESIAN_POINT('',(70.,-77.00000021295,-2.));
#158 = DIRECTION('',(-0.,1.,0.));
#159 = DIRECTION('',(1.,0.,0.));
#160 = PCURVE('',#45,#161);
#161 = DEFINITIONAL_REPRESENTATION('',(#162),#166);
#162 = LINE('',#163,#164);
#163 = CARTESIAN_POINT('',(7.068583470577,27.750000212955));
#164 = VECTOR('',#165,1.);
#165 = DIRECTION('',(-1.,0.));
#166 = ( GEOMETRIC_REPRESENTATION_CONTEXT(2) 
PARAMETRIC_REPRESENTATION_CONTEXT() REPRESENTATION_CONTEXT('2D SPACE',''
  ) );
#167 = PCURVE('',#168,#173);
#168 = TOROIDAL_SURFACE('',#169,5.00000042591,1.);
#169 = AXIS2_PLACEMENT_3D('',#170,#171,#172);
#170 = CARTESIAN_POINT('',(64.99999957409,-76.99999957409,-2.));
#171 = DIRECTION('',(0.,0.,-1.));
#172 = DIRECTION('',(-1.,0.,0.));
#173 = DEFINITIONAL_REPRESENTATION('',(#174),#178);
#174 = LINE('',#175,#176);
#175 = CARTESIAN_POINT('',(3.141592760067,0.));
#176 = VECTOR('',#177,1.);
#177 = DIRECTION('',(1.355713411986E-08,1.));
#178 = ( GEOMETRIC_REPRESENTATION_CONTEXT(2) 
PARAMETRIC_REPRESENTATION_CONTEXT() REPRESENTATION_CONTEXT('2D SPACE',''
  ) );
#179 = ORIENTED_EDGE('',*,*,#180,.T.);
#180 = EDGE_CURVE('',#152,#24,#181,.T.);
#181 = SURFACE_CURVE('',#182,(#186,#193),.PCURVE_S1.);
#182 = LINE('',#183,#184);
#183 = CARTESIAN_POINT('',(70.,-49.25,-3.));
#184 = VECTOR('',#185,1.);
#185 = DIRECTION('',(0.,1.,0.));
#186 = PCURVE('',#45,#187);
#187 = DEFINITIONAL_REPRESENTATION('',(#188),#192);
#188 = LINE('',#189,#190);
#189 = CARTESIAN_POINT('',(5.497787143783,0.));
#190 = VECTOR('',#191,1.);
#191 = DIRECTION('',(0.,-1.));
#192 = ( GEOMETRIC_REPRESENTATION_CONTEXT(2) 
PARAMETRIC_REPRESENTATION_CONTEXT() REPRESENTATION_CONTEXT('2D SPACE',''
  ) );
#193 = PCURVE('',#74,#194);
#194 = DEFINITIONAL_REPRESENTATION('',(#195),#199);
#195 = LINE('',#196,#197);
#196 = CARTESIAN_POINT('',(23.5,-9.25));
#197 = VECTOR('',#198,1.);
#198 = DIRECTION('',(0.,-1.));
#199 = ( GEOMETRIC_REPRESENTATION_CONTEXT(2) 
PARAMETRIC_REPRESENTATION_CONTEXT() REPRESENTATION_CONTEXT('2D SPACE',''
  ) );
#200 = ORIENTED_EDGE('',*,*,#21,.F.);
#201 = ORIENTED_EDGE('',*,*,#202,.T.);
#202 = EDGE_CURVE('',#22,#150,#203,.T.);
#203 = SURFACE_CURVE('',#204,(#208,#215),.PCURVE_S1.);
#204 = LINE('',#205,#206);
#205 = CARTESIAN_POINT('',(71.,-49.25,-2.));
#206 = VECTOR('',#207,1.);
#207 = DIRECTION('',(0.,-1.,0.));
#208 = PCURVE('',#45,#209);
#209 = DEFINITIONAL_REPRESENTATION('',(#210),#214);
#210 = LINE('',#211,#212);
#211 = CARTESIAN_POINT('',(7.068583470577,0.));
#212 = VECTOR('',#213,1.);
#213 = DIRECTION('',(0.,1.));
#214 = ( GEOMETRIC_REPRESENTATION_CONTEXT(2) 
PARAMETRIC_REPRESENTATION_CONTEXT() REPRESENTATION_CONTEXT('2D SPACE',''
  ) );
#215 = PCURVE('',#216,#221);
#216 = PLANE('',#217);
#217 = AXIS2_PLACEMENT_3D('',#218,#219,#220);
#218 = CARTESIAN_POINT('',(71.,-58.50000009958,3.500000002421));
#219 = DIRECTION('',(1.,0.,0.));
#220 = DIRECTION('',(0.,0.,1.));
#221 = DEFINITIONAL_REPRESENTATION('',(#222),#226);
#222 = LINE('',#223,#224);
#223 = CARTESIAN_POINT('',(-5.500000002421,-9.25000009958));
#224 = VECTOR('',#225,1.);
#225 = DIRECTION('',(0.,1.));
#226 = ( GEOMETRIC_REPRESENTATION_CONTEXT(2) 
PARAMETRIC_REPRESENTATION_CONTEXT() REPRESENTATION_CONTEXT('2D SPACE',''
  ) );
#227 = ADVANCED_FACE('',(#228,#403,#434,#465),#74,.T.);
#228 = FACE_BOUND('',#229,.T.);
#229 = EDGE_LOOP('',(#230,#265,#293,#326,#347,#348,#349,#377));
#230 = ORIENTED_EDGE('',*,*,#231,.F.);
#231 = EDGE_CURVE('',#232,#234,#236,.T.);
#232 = VERTEX_POINT('',#233);
#233 = CARTESIAN_POINT('',(23.,-76.99999992901,-3.));
#234 = VERTEX_POINT('',#235);
#235 = CARTESIAN_POINT('',(27.999999893522,-82.,-3.));
#236 = SURFACE_CURVE('',#237,(#242,#253),.PCURVE_S1.);
#237 = CIRCLE('',#238,5.00000042591);
#238 = AXIS2_PLACEMENT_3D('',#239,#240,#241);
#239 = CARTESIAN_POINT('',(28.00000042591,-76.99999957409,-3.));
#240 = DIRECTION('',(0.,0.,1.));
#241 = DIRECTION('',(-0.707106793735,-0.707106768638,0.));
#242 = PCURVE('',#74,#243);
#243 = DEFINITIONAL_REPRESENTATION('',(#244),#252);
#244 = ( BOUNDED_CURVE() B_SPLINE_CURVE(2,(#245,#246,#247,#248,#249,#250
,#251),.UNSPECIFIED.,.T.,.F.) B_SPLINE_CURVE_WITH_KNOTS((1,2,2,2,2,1),(
    -2.094395102393,0.,2.094395102393,4.188790204786,6.28318530718,
8.377580409573),.UNSPECIFIED.) CURVE() GEOMETRIC_REPRESENTATION_ITEM() 
RATIONAL_B_SPLINE_CURVE((1.,0.5,1.,0.5,1.,0.5,1.)) REPRESENTATION_ITEM(
  '') );
#245 = CARTESIAN_POINT('',(-22.03553384392,22.035533718444));
#246 = CARTESIAN_POINT('',(-15.91180907401,28.159258705706));
#247 = CARTESIAN_POINT('',(-13.67037005421,19.794094995544));
#248 = CARTESIAN_POINT('',(-11.42893103441,11.428931285382));
#249 = CARTESIAN_POINT('',(-19.79409482412,13.670370008282));
#250 = CARTESIAN_POINT('',(-28.15925861384,15.911808731182));
#251 = CARTESIAN_POINT('',(-22.03553384392,22.035533718444));
#252 = ( GEOMETRIC_REPRESENTATION_CONTEXT(2) 
PARAMETRIC_REPRESENTATION_CONTEXT() REPRESENTATION_CONTEXT('2D SPACE',''
  ) );
#253 = PCURVE('',#254,#259);
#254 = TOROIDAL_SURFACE('',#255,5.00000042591,1.);
#255 = AXIS2_PLACEMENT_3D('',#256,#257,#258);
#256 = CARTESIAN_POINT('',(28.00000042591,-76.99999957409,-2.));
#257 = DIRECTION('',(0.,0.,-1.));
#258 = DIRECTION('',(-1.,0.,0.));
#259 = DEFINITIONAL_REPRESENTATION('',(#260),#264);
#260 = LINE('',#261,#262);
#261 = CARTESIAN_POINT('',(11.780972468708,1.570796326795));
#262 = VECTOR('',#263,1.);
#263 = DIRECTION('',(-1.,1.130864014503E-15));
#264 = ( GEOMETRIC_REPRESENTATION_CONTEXT(2) 
PARAMETRIC_REPRESENTATION_CONTEXT() REPRESENTATION_CONTEXT('2D SPACE',''
  ) );
#265 = ORIENTED_EDGE('',*,*,#266,.F.);
#266 = EDGE_CURVE('',#267,#232,#269,.T.);
#267 = VERTEX_POINT('',#268);
#268 = CARTESIAN_POINT('',(23.,-39.99999978704,-3.));
#269 = SURFACE_CURVE('',#270,(#274,#281),.PCURVE_S1.);
#270 = LINE('',#271,#272);
#271 = CARTESIAN_POINT('',(23.,-67.75,-3.));
#272 = VECTOR('',#273,1.);
#273 = DIRECTION('',(-6.001205503974E-16,-1.,0.));
#274 = PCURVE('',#74,#275);
#275 = DEFINITIONAL_REPRESENTATION('',(#276),#280);
#276 = LINE('',#277,#278);
#277 = CARTESIAN_POINT('',(-23.5,9.25));
#278 = VECTOR('',#279,1.);
#279 = DIRECTION('',(-6.001205503974E-16,1.));
#280 = ( GEOMETRIC_REPRESENTATION_CONTEXT(2) 
PARAMETRIC_REPRESENTATION_CONTEXT() REPRESENTATION_CONTEXT('2D SPACE',''
  ) );
#281 = PCURVE('',#282,#287);
#282 = CYLINDRICAL_SURFACE('',#283,1.);
#283 = AXIS2_PLACEMENT_3D('',#284,#285,#286);
#284 = CARTESIAN_POINT('',(23.,-67.75,-2.));
#285 = DIRECTION('',(6.001205503974E-16,1.,0.));
#286 = DIRECTION('',(-0.707106781187,4.243493107154E-16,-0.707106781187)
  );
#287 = DEFINITIONAL_REPRESENTATION('',(#288),#292);
#288 = LINE('',#289,#290);
#289 = CARTESIAN_POINT('',(5.497787143783,0.));
#290 = VECTOR('',#291,1.);
#291 = DIRECTION('',(1.440289323717E-16,-1.));
#292 = ( GEOMETRIC_REPRESENTATION_CONTEXT(2) 
PARAMETRIC_REPRESENTATION_CONTEXT() REPRESENTATION_CONTEXT('2D SPACE',''
  ) );
#293 = ORIENTED_EDGE('',*,*,#294,.F.);
#294 = EDGE_CURVE('',#295,#267,#297,.T.);
#295 = VERTEX_POINT('',#296);
#296 = CARTESIAN_POINT('',(28.000000070985,-35.,-3.));
#297 = SURFACE_CURVE('',#298,(#303,#314),.PCURVE_S1.);
#298 = CIRCLE('',#299,5.00000042591);
#299 = AXIS2_PLACEMENT_3D('',#300,#301,#302);
#300 = CARTESIAN_POINT('',(28.00000042591,-40.00000042591,-3.));
#301 = DIRECTION('',(0.,0.,1.));
#302 = DIRECTION('',(-0.707106768638,0.707106793735,0.));
#303 = PCURVE('',#74,#304);
#304 = DEFINITIONAL_REPRESENTATION('',(#305),#313);
#305 = ( BOUNDED_CURVE() B_SPLINE_CURVE(2,(#306,#307,#308,#309,#310,#311
,#312),.UNSPECIFIED.,.T.,.F.) B_SPLINE_CURVE_WITH_KNOTS((1,2,2,2,2,1),(
    -2.094395102393,0.,2.094395102393,4.188790204786,6.28318530718,
8.377580409573),.UNSPECIFIED.) CURVE() GEOMETRIC_REPRESENTATION_ITEM() 
RATIONAL_B_SPLINE_CURVE((1.,0.5,1.,0.5,1.,0.5,1.)) REPRESENTATION_ITEM(
  '') );
#306 = CARTESIAN_POINT('',(-22.03553371844,-22.03553384392));
#307 = CARTESIAN_POINT('',(-28.1592587057,-15.91180907401));
#308 = CARTESIAN_POINT('',(-19.79409499554,-13.67037005421));
#309 = CARTESIAN_POINT('',(-11.42893128538,-11.42893103441));
#310 = CARTESIAN_POINT('',(-13.67037000828,-19.79409482412));
#311 = CARTESIAN_POINT('',(-15.91180873118,-28.15925861384));
#312 = CARTESIAN_POINT('',(-22.03553371844,-22.03553384392));
#313 = ( GEOMETRIC_REPRESENTATION_CONTEXT(2) 
PARAMETRIC_REPRESENTATION_CONTEXT() REPRESENTATION_CONTEXT('2D SPACE',''
  ) );
#314 = PCURVE('',#315,#320);
#315 = TOROIDAL_SURFACE('',#316,5.00000042591,1.);
#316 = AXIS2_PLACEMENT_3D('',#317,#318,#319);
#317 = CARTESIAN_POINT('',(28.00000042591,-40.00000042591,-2.));
#318 = DIRECTION('',(0.,0.,-1.));
#319 = DIRECTION('',(-1.,0.,0.));
#320 = DEFINITIONAL_REPRESENTATION('',(#321),#325);
#321 = LINE('',#322,#323);
#322 = CARTESIAN_POINT('',(7.068583488323,1.570796326795));
#323 = VECTOR('',#324,1.);
#324 = DIRECTION('',(-1.,0.));
#325 = ( GEOMETRIC_REPRESENTATION_CONTEXT(2) 
PARAMETRIC_REPRESENTATION_CONTEXT() REPRESENTATION_CONTEXT('2D SPACE',''
  ) );
#326 = ORIENTED_EDGE('',*,*,#327,.F.);
#327 = EDGE_CURVE('',#58,#295,#328,.T.);
#328 = SURFACE_CURVE('',#329,(#333,#340),.PCURVE_S1.);
#329 = LINE('',#330,#331);
#330 = CARTESIAN_POINT('',(37.25,-35.,-3.));
#331 = VECTOR('',#332,1.);
#332 = DIRECTION('',(-1.,9.601928806359E-16,0.));
#333 = PCURVE('',#74,#334);
#334 = DEFINITIONAL_REPRESENTATION('',(#335),#339);
#335 = LINE('',#336,#337);
#336 = CARTESIAN_POINT('',(-9.25,-23.5));
#337 = VECTOR('',#338,1.);
#338 = DIRECTION('',(-1.,-9.601928806359E-16));
#339 = ( GEOMETRIC_REPRESENTATION_CONTEXT(2) 
PARAMETRIC_REPRESENTATION_CONTEXT() REPRESENTATION_CONTEXT('2D SPACE',''
  ) );
#340 = PCURVE('',#107,#341);
#341 = DEFINITIONAL_REPRESENTATION('',(#342),#346);
#342 = LINE('',#343,#344);
#343 = CARTESIAN_POINT('',(5.497787143782,-7.105427357601E-15));
#344 = VECTOR('',#345,1.);
#345 = DIRECTION('',(1.440289323717E-16,-1.));
#346 = ( GEOMETRIC_REPRESENTATION_CONTEXT(2) 
PARAMETRIC_REPRESENTATION_CONTEXT() REPRESENTATION_CONTEXT('2D SPACE',''
  ) );
#347 = ORIENTED_EDGE('',*,*,#57,.F.);
#348 = ORIENTED_EDGE('',*,*,#180,.F.);
#349 = ORIENTED_EDGE('',*,*,#350,.F.);
#350 = EDGE_CURVE('',#351,#152,#353,.T.);
#351 = VERTEX_POINT('',#352);
#352 = CARTESIAN_POINT('',(64.999999929015,-82.,-3.));
#353 = SURFACE_CURVE('',#354,(#359,#370),.PCURVE_S1.);
#354 = CIRCLE('',#355,5.00000042591);
#355 = AXIS2_PLACEMENT_3D('',#356,#357,#358);
#356 = CARTESIAN_POINT('',(64.99999957409,-76.99999957409,-3.));
#357 = DIRECTION('',(-0.,0.,1.));
#358 = DIRECTION('',(0.707106768638,-0.707106793735,0.));
#359 = PCURVE('',#74,#360);
#360 = DEFINITIONAL_REPRESENTATION('',(#361),#369);
#361 = ( BOUNDED_CURVE() B_SPLINE_CURVE(2,(#362,#363,#364,#365,#366,#367
,#368),.UNSPECIFIED.,.T.,.F.) B_SPLINE_CURVE_WITH_KNOTS((1,2,2,2,2,1),(
    -2.094395102393,0.,2.094395102393,4.188790204786,6.28318530718,
8.377580409573),.UNSPECIFIED.) CURVE() GEOMETRIC_REPRESENTATION_ITEM() 
RATIONAL_B_SPLINE_CURVE((1.,0.5,1.,0.5,1.,0.5,1.)) REPRESENTATION_ITEM(
  '') );
#362 = CARTESIAN_POINT('',(22.035533718444,22.035533843929));
#363 = CARTESIAN_POINT('',(28.159258705706,15.911809074013));
#364 = CARTESIAN_POINT('',(19.794094995544,13.670370054213));
#365 = CARTESIAN_POINT('',(11.428931285382,11.428931034412));
#366 = CARTESIAN_POINT('',(13.670370008282,19.794094824128));
#367 = CARTESIAN_POINT('',(15.911808731182,28.159258613845));
#368 = CARTESIAN_POINT('',(22.035533718444,22.035533843929));
#369 = ( GEOMETRIC_REPRESENTATION_CONTEXT(2) 
PARAMETRIC_REPRESENTATION_CONTEXT() REPRESENTATION_CONTEXT('2D SPACE',''
  ) );
#370 = PCURVE('',#168,#371);
#371 = DEFINITIONAL_REPRESENTATION('',(#372),#376);
#372 = LINE('',#373,#374);
#373 = CARTESIAN_POINT('',(10.210176141913,1.570796326795));
#374 = VECTOR('',#375,1.);
#375 = DIRECTION('',(-1.,0.));
#376 = ( GEOMETRIC_REPRESENTATION_CONTEXT(2) 
PARAMETRIC_REPRESENTATION_CONTEXT() REPRESENTATION_CONTEXT('2D SPACE',''
  ) );
#377 = ORIENTED_EDGE('',*,*,#378,.F.);
#378 = EDGE_CURVE('',#234,#351,#379,.T.);
#379 = SURFACE_CURVE('',#380,(#384,#391),.PCURVE_S1.);
#380 = LINE('',#381,#382);
#381 = CARTESIAN_POINT('',(55.75,-82.,-3.));
#382 = VECTOR('',#383,1.);
#383 = DIRECTION('',(1.,0.,0.));
#384 = PCURVE('',#74,#385);
#385 = DEFINITIONAL_REPRESENTATION('',(#386),#390);
#386 = LINE('',#387,#388);
#387 = CARTESIAN_POINT('',(9.25,23.5));
#388 = VECTOR('',#389,1.);
#389 = DIRECTION('',(1.,0.));
#390 = ( GEOMETRIC_REPRESENTATION_CONTEXT(2) 
PARAMETRIC_REPRESENTATION_CONTEXT() REPRESENTATION_CONTEXT('2D SPACE',''
  ) );
#391 = PCURVE('',#392,#397);
#392 = CYLINDRICAL_SURFACE('',#393,1.);
#393 = AXIS2_PLACEMENT_3D('',#394,#395,#396);
#394 = CARTESIAN_POINT('',(55.75,-82.,-2.));
#395 = DIRECTION('',(-1.,0.,0.));
#396 = DIRECTION('',(-0.,-0.707106781187,-0.707106781187));
#397 = DEFINITIONAL_REPRESENTATION('',(#398),#402);
#398 = LINE('',#399,#400);
#399 = CARTESIAN_POINT('',(5.497787143783,0.));
#400 = VECTOR('',#401,1.);
#401 = DIRECTION('',(0.,-1.));
#402 = ( GEOMETRIC_REPRESENTATION_CONTEXT(2) 
PARAMETRIC_REPRESENTATION_CONTEXT() REPRESENTATION_CONTEXT('2D SPACE',''
  ) );
#403 = FACE_BOUND('',#404,.T.);
#404 = EDGE_LOOP('',(#405));
#405 = ORIENTED_EDGE('',*,*,#406,.F.);
#406 = EDGE_CURVE('',#407,#407,#409,.T.);
#407 = VERTEX_POINT('',#408);
#408 = CARTESIAN_POINT('',(62.6,-58.5,-3.));
#409 = SURFACE_CURVE('',#410,(#415,#422),.PCURVE_S1.);
#410 = CIRCLE('',#411,2.4);
#411 = AXIS2_PLACEMENT_3D('',#412,#413,#414);
#412 = CARTESIAN_POINT('',(65.,-58.5,-3.));
#413 = DIRECTION('',(0.,0.,-1.));
#414 = DIRECTION('',(1.,0.,0.));
#415 = PCURVE('',#74,#416);
#416 = DEFINITIONAL_REPRESENTATION('',(#417),#421);
#417 = CIRCLE('',#418,2.4);
#418 = AXIS2_PLACEMENT_2D('',#419,#420);
#419 = CARTESIAN_POINT('',(18.5,0.));
#420 = DIRECTION('',(1.,0.));
#421 = ( GEOMETRIC_REPRESENTATION_CONTEXT(2) 
PARAMETRIC_REPRESENTATION_CONTEXT() REPRESENTATION_CONTEXT('2D SPACE',''
  ) );
#422 = PCURVE('',#423,#428);
#423 = CONICAL_SURFACE('',#424,2.2,0.785398163397);
#424 = AXIS2_PLACEMENT_3D('',#425,#426,#427);
#425 = CARTESIAN_POINT('',(65.,-58.5,-2.8));
#426 = DIRECTION('',(0.,0.,-1.));
#427 = DIRECTION('',(1.,0.,0.));
#428 = DEFINITIONAL_REPRESENTATION('',(#429),#433);
#429 = LINE('',#430,#431);
#430 = CARTESIAN_POINT('',(-4.138911435803E-13,0.2));
#431 = VECTOR('',#432,1.);
#432 = DIRECTION('',(1.,0.));
#433 = ( GEOMETRIC_REPRESENTATION_CONTEXT(2) 
PARAMETRIC_REPRESENTATION_CONTEXT() REPRESENTATION_CONTEXT('2D SPACE',''
  ) );
#434 = FACE_BOUND('',#435,.T.);
#435 = EDGE_LOOP('',(#436));
#436 = ORIENTED_EDGE('',*,*,#437,.F.);
#437 = EDGE_CURVE('',#438,#438,#440,.T.);
#438 = VERTEX_POINT('',#439);
#439 = CARTESIAN_POINT('',(44.1,-40.,-3.));
#440 = SURFACE_CURVE('',#441,(#446,#453),.PCURVE_S1.);
#441 = CIRCLE('',#442,2.4);
#442 = AXIS2_PLACEMENT_3D('',#443,#444,#445);
#443 = CARTESIAN_POINT('',(46.5,-40.,-3.));
#444 = DIRECTION('',(0.,0.,-1.));
#445 = DIRECTION('',(1.,0.,0.));
#446 = PCURVE('',#74,#447);
#447 = DEFINITIONAL_REPRESENTATION('',(#448),#452);
#448 = CIRCLE('',#449,2.4);
#449 = AXIS2_PLACEMENT_2D('',#450,#451);
#450 = CARTESIAN_POINT('',(0.,-18.5));
#451 = DIRECTION('',(1.,0.));
#452 = ( GEOMETRIC_REPRESENTATION_CONTEXT(2) 
PARAMETRIC_REPRESENTATION_CONTEXT() REPRESENTATION_CONTEXT('2D SPACE',''
  ) );
#453 = PCURVE('',#454,#459);
#454 = CONICAL_SURFACE('',#455,2.2,0.785398163397);
#455 = AXIS2_PLACEMENT_3D('',#456,#457,#458);
#456 = CARTESIAN_POINT('',(46.5,-40.,-2.8));
#457 = DIRECTION('',(0.,0.,-1.));
#458 = DIRECTION('',(1.,0.,0.));
#459 = DEFINITIONAL_REPRESENTATION('',(#460),#464);
#460 = LINE('',#461,#462);
#461 = CARTESIAN_POINT('',(-4.138911435803E-13,0.2));
#462 = VECTOR('',#463,1.);
#463 = DIRECTION('',(1.,0.));
#464 = ( GEOMETRIC_REPRESENTATION_CONTEXT(2) 
PARAMETRIC_REPRESENTATION_CONTEXT() REPRESENTATION_CONTEXT('2D SPACE',''
  ) );
#465 = FACE_BOUND('',#466,.T.);
#466 = EDGE_LOOP('',(#467));
#467 = ORIENTED_EDGE('',*,*,#468,.F.);
#468 = EDGE_CURVE('',#469,#469,#471,.T.);
#469 = VERTEX_POINT('',#470);
#470 = CARTESIAN_POINT('',(25.60000042591,-76.99999957409,-3.));
#471 = SURFACE_CURVE('',#472,(#477,#484),.PCURVE_S1.);
#472 = CIRCLE('',#473,2.4);
#473 = AXIS2_PLACEMENT_3D('',#474,#475,#476);
#474 = CARTESIAN_POINT('',(28.00000042591,-76.99999957409,-3.));
#475 = DIRECTION('',(0.,0.,-1.));
#476 = DIRECTION('',(1.,0.,0.));
#477 = PCURVE('',#74,#478);
#478 = DEFINITIONAL_REPRESENTATION('',(#479),#483);
#479 = CIRCLE('',#480,2.4);
#480 = AXIS2_PLACEMENT_2D('',#481,#482);
#481 = CARTESIAN_POINT('',(-18.49999957409,18.49999957409));
#482 = DIRECTION('',(1.,0.));
#483 = ( GEOMETRIC_REPRESENTATION_CONTEXT(2) 
PARAMETRIC_REPRESENTATION_CONTEXT() REPRESENTATION_CONTEXT('2D SPACE',''
  ) );
#484 = PCURVE('',#485,#490);
#485 = CONICAL_SURFACE('',#486,2.2,0.785398163397);
#486 = AXIS2_PLACEMENT_3D('',#487,#488,#489);
#487 = CARTESIAN_POINT('',(28.00000042591,-76.99999957409,-2.8));
#488 = DIRECTION('',(0.,0.,-1.));
#489 = DIRECTION('',(1.,0.,0.));
#490 = DEFINITIONAL_REPRESENTATION('',(#491),#495);
#491 = LINE('',#492,#493);
#492 = CARTESIAN_POINT('',(-4.138911435803E-13,0.2));
#493 = VECTOR('',#494,1.);
#494 = DIRECTION('',(1.,0.));
#495 = ( GEOMETRIC_REPRESENTATION_CONTEXT(2) 
PARAMETRIC_REPRESENTATION_CONTEXT() REPRESENTATION_CONTEXT('2D SPACE',''
  ) );
#496 = ADVANCED_FACE('',(#497),#107,.T.);
#497 = FACE_BOUND('',#498,.T.);
#498 = EDGE_LOOP('',(#499,#500,#501,#525));
#499 = ORIENTED_EDGE('',*,*,#90,.T.);
#500 = ORIENTED_EDGE('',*,*,#327,.T.);
#501 = ORIENTED_EDGE('',*,*,#502,.F.);
#502 = EDGE_CURVE('',#503,#295,#505,.T.);
#503 = VERTEX_POINT('',#504);
#504 = CARTESIAN_POINT('',(28.,-34.,-2.));
#505 = SURFACE_CURVE('',#506,(#511,#518),.PCURVE_S1.);
#506 = CIRCLE('',#507,1.);
#507 = AXIS2_PLACEMENT_3D('',#508,#509,#510);
#508 = CARTESIAN_POINT('',(28.000000070985,-35.,-2.));
#509 = DIRECTION('',(-1.,-7.098499565927E-08,-0.));
#510 = DIRECTION('',(-7.098499565927E-08,1.,0.));
#511 = PCURVE('',#107,#512);
#512 = DEFINITIONAL_REPRESENTATION('',(#513),#517);
#513 = LINE('',#514,#515);
#514 = CARTESIAN_POINT('',(7.068583470577,-9.25));
#515 = VECTOR('',#516,1.);
#516 = DIRECTION('',(-1.,4.519045177812E-08));
#517 = ( GEOMETRIC_REPRESENTATION_CONTEXT(2) 
PARAMETRIC_REPRESENTATION_CONTEXT() REPRESENTATION_CONTEXT('2D SPACE',''
  ) );
#518 = PCURVE('',#315,#519);
#519 = DEFINITIONAL_REPRESENTATION('',(#520),#524);
#520 = LINE('',#521,#522);
#521 = CARTESIAN_POINT('',(1.57079625581,0.));
#522 = VECTOR('',#523,1.);
#523 = DIRECTION('',(1.413579858428E-16,1.));
#524 = ( GEOMETRIC_REPRESENTATION_CONTEXT(2) 
PARAMETRIC_REPRESENTATION_CONTEXT() REPRESENTATION_CONTEXT('2D SPACE',''
  ) );
#525 = ORIENTED_EDGE('',*,*,#526,.T.);
#526 = EDGE_CURVE('',#503,#91,#527,.T.);
#527 = SURFACE_CURVE('',#528,(#532,#539),.PCURVE_S1.);
#528 = LINE('',#529,#530);
#529 = CARTESIAN_POINT('',(37.25,-34.,-2.));
#530 = VECTOR('',#531,1.);
#531 = DIRECTION('',(1.,-9.601928806359E-16,0.));
#532 = PCURVE('',#107,#533);
#533 = DEFINITIONAL_REPRESENTATION('',(#534),#538);
#534 = LINE('',#535,#536);
#535 = CARTESIAN_POINT('',(7.068583470577,-3.552713678801E-15));
#536 = VECTOR('',#537,1.);
#537 = DIRECTION('',(0.,1.));
#538 = ( GEOMETRIC_REPRESENTATION_CONTEXT(2) 
PARAMETRIC_REPRESENTATION_CONTEXT() REPRESENTATION_CONTEXT('2D SPACE',''
  ) );
#539 = PCURVE('',#540,#545);
#540 = PLANE('',#541);
#541 = AXIS2_PLACEMENT_3D('',#542,#543,#544);
#542 = CARTESIAN_POINT('',(28.,-34.,1.653587828221E-26));
#543 = DIRECTION('',(9.601928806359E-16,1.,0.));
#544 = DIRECTION('',(1.,-9.601928806359E-16,5.641448098814E-28));
#545 = DEFINITIONAL_REPRESENTATION('',(#546),#550);
#546 = LINE('',#547,#548);
#547 = CARTESIAN_POINT('',(9.25,2.));
#548 = VECTOR('',#549,1.);
#549 = DIRECTION('',(1.,5.641448098814E-28));
#550 = ( GEOMETRIC_REPRESENTATION_CONTEXT(2) 
PARAMETRIC_REPRESENTATION_CONTEXT() REPRESENTATION_CONTEXT('2D SPACE',''
  ) );
#551 = ADVANCED_FACE('',(#552),#134,.T.);
#552 = FACE_BOUND('',#553,.T.);
#553 = EDGE_LOOP('',(#554,#589,#610,#611,#634,#658,#686));
#554 = ORIENTED_EDGE('',*,*,#555,.T.);
#555 = EDGE_CURVE('',#556,#558,#560,.T.);
#556 = VERTEX_POINT('',#557);
#557 = CARTESIAN_POINT('',(70.908846511603,-38.95811128595,
    9.000000017881));
#558 = VERTEX_POINT('',#559);
#559 = CARTESIAN_POINT('',(71.,-40.,9.000000035763));
#560 = SURFACE_CURVE('',#561,(#566,#573),.PCURVE_S1.);
#561 = CIRCLE('',#562,6.00000042591);
#562 = AXIS2_PLACEMENT_3D('',#563,#564,#565);
#563 = CARTESIAN_POINT('',(64.99999957409,-40.00000042591,9.000000035763
    ));
#564 = DIRECTION('',(0.,0.,-1.));
#565 = DIRECTION('',(1.,7.09849950613E-08,0.));
#566 = PCURVE('',#134,#567);
#567 = DEFINITIONAL_REPRESENTATION('',(#568),#572);
#568 = LINE('',#569,#570);
#569 = CARTESIAN_POINT('',(8.881784197001E-16,-9.000000035763));
#570 = VECTOR('',#571,1.);
#571 = DIRECTION('',(1.,0.));
#572 = ( GEOMETRIC_REPRESENTATION_CONTEXT(2) 
PARAMETRIC_REPRESENTATION_CONTEXT() REPRESENTATION_CONTEXT('2D SPACE',''
  ) );
#573 = PCURVE('',#574,#579);
#574 = PLANE('',#575);
#575 = AXIS2_PLACEMENT_3D('',#576,#577,#578);
#576 = CARTESIAN_POINT('',(46.500000000171,-58.46884192824,
    9.000000001597));
#577 = DIRECTION('',(0.,-7.005040666298E-11,1.));
#578 = DIRECTION('',(0.,1.,7.005040666298E-11));
#579 = DEFINITIONAL_REPRESENTATION('',(#580),#588);
#580 = ( BOUNDED_CURVE() B_SPLINE_CURVE(2,(#581,#582,#583,#584,#585,#586
,#587),.UNSPECIFIED.,.T.,.F.) B_SPLINE_CURVE_WITH_KNOTS((1,2,2,2,2,1),(
    -2.094395102393,0.,2.094395102393,4.188790204786,6.28318530718,
8.377580409573),.UNSPECIFIED.) CURVE() GEOMETRIC_REPRESENTATION_ITEM() 
RATIONAL_B_SPLINE_CURVE((1.,0.5,1.,0.5,1.,0.5,1.)) REPRESENTATION_ITEM(
  '') );
#581 = CARTESIAN_POINT('',(18.46884192824,-24.49999999982));
#582 = CARTESIAN_POINT('',(8.076536345129,-24.50000073752));
#583 = CARTESIAN_POINT('',(13.272688497819,-15.49999972981));
#584 = CARTESIAN_POINT('',(18.46884065051,-6.499998722099));
#585 = CARTESIAN_POINT('',(23.664994080931,-15.49999899211));
#586 = CARTESIAN_POINT('',(28.861147511351,-24.49999926213));
#587 = CARTESIAN_POINT('',(18.46884192824,-24.49999999982));
#588 = ( GEOMETRIC_REPRESENTATION_CONTEXT(2) 
PARAMETRIC_REPRESENTATION_CONTEXT() REPRESENTATION_CONTEXT('2D SPACE',''
  ) );
#589 = ORIENTED_EDGE('',*,*,#590,.F.);
#590 = EDGE_CURVE('',#22,#558,#591,.T.);
#591 = SURFACE_CURVE('',#592,(#596,#603),.PCURVE_S1.);
#592 = LINE('',#593,#594);
#593 = CARTESIAN_POINT('',(71.,-40.,3.978840873588E-26));
#594 = VECTOR('',#595,1.);
#595 = DIRECTION('',(0.,0.,1.));
#596 = PCURVE('',#134,#597);
#597 = DEFINITIONAL_REPRESENTATION('',(#598),#602);
#598 = LINE('',#599,#600);
#599 = CARTESIAN_POINT('',(6.28318530718,0.));
#600 = VECTOR('',#601,1.);
#601 = DIRECTION('',(0.,-1.));
#602 = ( GEOMETRIC_REPRESENTATION_CONTEXT(2) 
PARAMETRIC_REPRESENTATION_CONTEXT() REPRESENTATION_CONTEXT('2D SPACE',''
  ) );
#603 = PCURVE('',#216,#604);
#604 = DEFINITIONAL_REPRESENTATION('',(#605),#609);
#605 = LINE('',#606,#607);
#606 = CARTESIAN_POINT('',(-3.500000002421,-18.50000009958));
#607 = VECTOR('',#608,1.);
#608 = DIRECTION('',(1.,0.));
#609 = ( GEOMETRIC_REPRESENTATION_CONTEXT(2) 
PARAMETRIC_REPRESENTATION_CONTEXT() REPRESENTATION_CONTEXT('2D SPACE',''
  ) );
#610 = ORIENTED_EDGE('',*,*,#119,.F.);
#611 = ORIENTED_EDGE('',*,*,#612,.T.);
#612 = EDGE_CURVE('',#91,#613,#615,.T.);
#613 = VERTEX_POINT('',#614);
#614 = CARTESIAN_POINT('',(65.000000212955,-34.,9.));
#615 = SURFACE_CURVE('',#616,(#620,#627),.PCURVE_S1.);
#616 = LINE('',#617,#618);
#617 = CARTESIAN_POINT('',(65.000000212955,-34.,3.740923636796E-26));
#618 = VECTOR('',#619,1.);
#619 = DIRECTION('',(0.,0.,1.));
#620 = PCURVE('',#134,#621);
#621 = DEFINITIONAL_REPRESENTATION('',(#622),#626);
#622 = LINE('',#623,#624);
#623 = CARTESIAN_POINT('',(4.712389157847,0.));
#624 = VECTOR('',#625,1.);
#625 = DIRECTION('',(0.,-1.));
#626 = ( GEOMETRIC_REPRESENTATION_CONTEXT(2) 
PARAMETRIC_REPRESENTATION_CONTEXT() REPRESENTATION_CONTEXT('2D SPACE',''
  ) );
#627 = PCURVE('',#540,#628);
#628 = DEFINITIONAL_REPRESENTATION('',(#629),#633);
#629 = LINE('',#630,#631);
#630 = CARTESIAN_POINT('',(37.000000212955,-7.404236877738E-40));
#631 = VECTOR('',#632,1.);
#632 = DIRECTION('',(5.641448098814E-28,-1.));
#633 = ( GEOMETRIC_REPRESENTATION_CONTEXT(2) 
PARAMETRIC_REPRESENTATION_CONTEXT() REPRESENTATION_CONTEXT('2D SPACE',''
  ) );
#634 = ORIENTED_EDGE('',*,*,#635,.F.);
#635 = EDGE_CURVE('',#636,#613,#638,.T.);
#636 = VERTEX_POINT('',#637);
#637 = CARTESIAN_POINT('',(68.441458436488,-35.08508781129,
    9.000000017881));
#638 = SURFACE_CURVE('',#639,(#644,#651),.PCURVE_S1.);
#639 = CIRCLE('',#640,6.00000042591);
#640 = AXIS2_PLACEMENT_3D('',#641,#642,#643);
#641 = CARTESIAN_POINT('',(64.99999957409,-40.00000042591,9.));
#642 = DIRECTION('',(0.,-0.,1.));
#643 = DIRECTION('',(1.,7.09849950613E-08,0.));
#644 = PCURVE('',#134,#645);
#645 = DEFINITIONAL_REPRESENTATION('',(#646),#650);
#646 = LINE('',#647,#648);
#647 = CARTESIAN_POINT('',(6.28318530718,-9.));
#648 = VECTOR('',#649,1.);
#649 = DIRECTION('',(-1.,0.));
#650 = ( GEOMETRIC_REPRESENTATION_CONTEXT(2) 
PARAMETRIC_REPRESENTATION_CONTEXT() REPRESENTATION_CONTEXT('2D SPACE',''
  ) );
#651 = PCURVE('',#574,#652);
#652 = DEFINITIONAL_REPRESENTATION('',(#653),#657);
#653 = CIRCLE('',#654,6.00000042591);
#654 = AXIS2_PLACEMENT_2D('',#655,#656);
#655 = CARTESIAN_POINT('',(18.46884150233,-18.49999957391));
#656 = DIRECTION('',(7.09849950613E-08,-1.));
#657 = ( GEOMETRIC_REPRESENTATION_CONTEXT(2) 
PARAMETRIC_REPRESENTATION_CONTEXT() REPRESENTATION_CONTEXT('2D SPACE',''
  ) );
#658 = ORIENTED_EDGE('',*,*,#659,.T.);
#659 = EDGE_CURVE('',#636,#660,#662,.T.);
#660 = VERTEX_POINT('',#661);
#661 = CARTESIAN_POINT('',(69.914912174987,-36.55854157312,
    9.000000035763));
#662 = SURFACE_CURVE('',#663,(#668,#675),.PCURVE_S1.);
#663 = CIRCLE('',#664,6.00000042591);
#664 = AXIS2_PLACEMENT_3D('',#665,#666,#667);
#665 = CARTESIAN_POINT('',(64.99999957409,-40.00000042591,9.000000035763
    ));
#666 = DIRECTION('',(0.,0.,-1.));
#667 = DIRECTION('',(1.,7.09849950613E-08,0.));
#668 = PCURVE('',#134,#669);
#669 = DEFINITIONAL_REPRESENTATION('',(#670),#674);
#670 = LINE('',#671,#672);
#671 = CARTESIAN_POINT('',(-1.7763568394E-15,-9.000000035763));
#672 = VECTOR('',#673,1.);
#673 = DIRECTION('',(1.,0.));
#674 = ( GEOMETRIC_REPRESENTATION_CONTEXT(2) 
PARAMETRIC_REPRESENTATION_CONTEXT() REPRESENTATION_CONTEXT('2D SPACE',''
  ) );
#675 = PCURVE('',#574,#676);
#676 = DEFINITIONAL_REPRESENTATION('',(#677),#685);
#677 = ( BOUNDED_CURVE() B_SPLINE_CURVE(2,(#678,#679,#680,#681,#682,#683
,#684),.UNSPECIFIED.,.T.,.F.) B_SPLINE_CURVE_WITH_KNOTS((1,2,2,2,2,1),(
    -2.094395102393,0.,2.094395102393,4.188790204786,6.28318530718,
8.377580409573),.UNSPECIFIED.) CURVE() GEOMETRIC_REPRESENTATION_ITEM() 
RATIONAL_B_SPLINE_CURVE((1.,0.5,1.,0.5,1.,0.5,1.)) REPRESENTATION_ITEM(
  '') );
#678 = CARTESIAN_POINT('',(18.46884192824,-24.49999999982));
#679 = CARTESIAN_POINT('',(8.076536345129,-24.50000073752));
#680 = CARTESIAN_POINT('',(13.272688497819,-15.49999972981));
#681 = CARTESIAN_POINT('',(18.46884065051,-6.499998722099));
#682 = CARTESIAN_POINT('',(23.664994080931,-15.49999899211));
#683 = CARTESIAN_POINT('',(28.861147511351,-24.49999926213));
#684 = CARTESIAN_POINT('',(18.46884192824,-24.49999999982));
#685 = ( GEOMETRIC_REPRESENTATION_CONTEXT(2) 
PARAMETRIC_REPRESENTATION_CONTEXT() REPRESENTATION_CONTEXT('2D SPACE',''
  ) );
#686 = ORIENTED_EDGE('',*,*,#687,.F.);
#687 = EDGE_CURVE('',#556,#660,#688,.T.);
#688 = SURFACE_CURVE('',#689,(#694,#701),.PCURVE_S1.);
#689 = CIRCLE('',#690,6.00000042591);
#690 = AXIS2_PLACEMENT_3D('',#691,#692,#693);
#691 = CARTESIAN_POINT('',(64.99999957409,-40.00000042591,9.));
#692 = DIRECTION('',(0.,-0.,1.));
#693 = DIRECTION('',(1.,7.09849950613E-08,0.));
#694 = PCURVE('',#134,#695);
#695 = DEFINITIONAL_REPRESENTATION('',(#696),#700);
#696 = LINE('',#697,#698);
#697 = CARTESIAN_POINT('',(6.28318530718,-9.));
#698 = VECTOR('',#699,1.);
#699 = DIRECTION('',(-1.,0.));
#700 = ( GEOMETRIC_REPRESENTATION_CONTEXT(2) 
PARAMETRIC_REPRESENTATION_CONTEXT() REPRESENTATION_CONTEXT('2D SPACE',''
  ) );
#701 = PCURVE('',#574,#702);
#702 = DEFINITIONAL_REPRESENTATION('',(#703),#707);
#703 = CIRCLE('',#704,6.00000042591);
#704 = AXIS2_PLACEMENT_2D('',#705,#706);
#705 = CARTESIAN_POINT('',(18.46884150233,-18.49999957391));
#706 = DIRECTION('',(7.09849950613E-08,-1.));
#707 = ( GEOMETRIC_REPRESENTATION_CONTEXT(2) 
PARAMETRIC_REPRESENTATION_CONTEXT() REPRESENTATION_CONTEXT('2D SPACE',''
  ) );
#708 = ADVANCED_FACE('',(#709),#168,.T.);
#709 = FACE_BOUND('',#710,.T.);
#710 = EDGE_LOOP('',(#711,#735,#736,#737));
#711 = ORIENTED_EDGE('',*,*,#712,.T.);
#712 = EDGE_CURVE('',#713,#351,#715,.T.);
#713 = VERTEX_POINT('',#714);
#714 = CARTESIAN_POINT('',(65.,-83.,-2.));
#715 = SURFACE_CURVE('',#716,(#721,#728),.PCURVE_S1.);
#716 = CIRCLE('',#717,1.);
#717 = AXIS2_PLACEMENT_3D('',#718,#719,#720);
#718 = CARTESIAN_POINT('',(64.999999929015,-82.,-2.));
#719 = DIRECTION('',(1.,7.098499565927E-08,0.));
#720 = DIRECTION('',(7.098499565927E-08,-1.,0.));
#721 = PCURVE('',#168,#722);
#722 = DEFINITIONAL_REPRESENTATION('',(#723),#727);
#723 = LINE('',#724,#725);
#724 = CARTESIAN_POINT('',(4.7123889094,0.));
#725 = VECTOR('',#726,1.);
#726 = DIRECTION('',(0.,1.));
#727 = ( GEOMETRIC_REPRESENTATION_CONTEXT(2) 
PARAMETRIC_REPRESENTATION_CONTEXT() REPRESENTATION_CONTEXT('2D SPACE',''
  ) );
#728 = PCURVE('',#392,#729);
#729 = DEFINITIONAL_REPRESENTATION('',(#730),#734);
#730 = LINE('',#731,#732);
#731 = CARTESIAN_POINT('',(7.068583470577,-9.25));
#732 = VECTOR('',#733,1.);
#733 = DIRECTION('',(-1.,4.519045177812E-08));
#734 = ( GEOMETRIC_REPRESENTATION_CONTEXT(2) 
PARAMETRIC_REPRESENTATION_CONTEXT() REPRESENTATION_CONTEXT('2D SPACE',''
  ) );
#735 = ORIENTED_EDGE('',*,*,#350,.T.);
#736 = ORIENTED_EDGE('',*,*,#149,.F.);
#737 = ORIENTED_EDGE('',*,*,#738,.T.);
#738 = EDGE_CURVE('',#150,#713,#739,.T.);
#739 = SURFACE_CURVE('',#740,(#745,#752),.PCURVE_S1.);
#740 = CIRCLE('',#741,6.00000042591);
#741 = AXIS2_PLACEMENT_3D('',#742,#743,#744);
#742 = CARTESIAN_POINT('',(64.99999957409,-76.99999957409,-2.));
#743 = DIRECTION('',(0.,0.,-1.));
#744 = DIRECTION('',(0.707106768638,-0.707106793735,0.));
#745 = PCURVE('',#168,#746);
#746 = DEFINITIONAL_REPRESENTATION('',(#747),#751);
#747 = LINE('',#748,#749);
#748 = CARTESIAN_POINT('',(-2.356194472446,0.));
#749 = VECTOR('',#750,1.);
#750 = DIRECTION('',(1.,0.));
#751 = ( GEOMETRIC_REPRESENTATION_CONTEXT(2) 
PARAMETRIC_REPRESENTATION_CONTEXT() REPRESENTATION_CONTEXT('2D SPACE',''
  ) );
#752 = PCURVE('',#753,#758);
#753 = CYLINDRICAL_SURFACE('',#754,6.00000042591);
#754 = AXIS2_PLACEMENT_3D('',#755,#756,#757);
#755 = CARTESIAN_POINT('',(64.99999957409,-76.99999957409,
    3.825726147158E-26));
#756 = DIRECTION('',(0.,0.,-1.));
#757 = DIRECTION('',(7.098499654159E-08,-1.,0.));
#758 = DEFINITIONAL_REPRESENTATION('',(#759),#763);
#759 = LINE('',#760,#761);
#760 = CARTESIAN_POINT('',(-0.785398074666,2.));
#761 = VECTOR('',#762,1.);
#762 = DIRECTION('',(1.,0.));
#763 = ( GEOMETRIC_REPRESENTATION_CONTEXT(2) 
PARAMETRIC_REPRESENTATION_CONTEXT() REPRESENTATION_CONTEXT('2D SPACE',''
  ) );
#764 = ADVANCED_FACE('',(#765),#216,.T.);
#765 = FACE_BOUND('',#766,.T.);
#766 = EDGE_LOOP('',(#767,#790,#811,#812));
#767 = ORIENTED_EDGE('',*,*,#768,.F.);
#768 = EDGE_CURVE('',#769,#558,#771,.T.);
#769 = VERTEX_POINT('',#770);
#770 = CARTESIAN_POINT('',(71.,-77.00000021295,9.));
#771 = SURFACE_CURVE('',#772,(#776,#783),.PCURVE_S1.);
#772 = LINE('',#773,#774);
#773 = CARTESIAN_POINT('',(71.,-49.25,9.));
#774 = VECTOR('',#775,1.);
#775 = DIRECTION('',(0.,1.,0.));
#776 = PCURVE('',#216,#777);
#777 = DEFINITIONAL_REPRESENTATION('',(#778),#782);
#778 = LINE('',#779,#780);
#779 = CARTESIAN_POINT('',(5.499999997579,-9.25000009958));
#780 = VECTOR('',#781,1.);
#781 = DIRECTION('',(0.,-1.));
#782 = ( GEOMETRIC_REPRESENTATION_CONTEXT(2) 
PARAMETRIC_REPRESENTATION_CONTEXT() REPRESENTATION_CONTEXT('2D SPACE',''
  ) );
#783 = PCURVE('',#574,#784);
#784 = DEFINITIONAL_REPRESENTATION('',(#785),#789);
#785 = LINE('',#786,#787);
#786 = CARTESIAN_POINT('',(9.21884192824,-24.49999999982));
#787 = VECTOR('',#788,1.);
#788 = DIRECTION('',(1.,0.));
#789 = ( GEOMETRIC_REPRESENTATION_CONTEXT(2) 
PARAMETRIC_REPRESENTATION_CONTEXT() REPRESENTATION_CONTEXT('2D SPACE',''
  ) );
#790 = ORIENTED_EDGE('',*,*,#791,.F.);
#791 = EDGE_CURVE('',#150,#769,#792,.T.);
#792 = SURFACE_CURVE('',#793,(#797,#804),.PCURVE_S1.);
#793 = LINE('',#794,#795);
#794 = CARTESIAN_POINT('',(71.,-77.00000021295,4.164852675366E-26));
#795 = VECTOR('',#796,1.);
#796 = DIRECTION('',(0.,0.,1.));
#797 = PCURVE('',#216,#798);
#798 = DEFINITIONAL_REPRESENTATION('',(#799),#803);
#799 = LINE('',#800,#801);
#800 = CARTESIAN_POINT('',(-3.500000002421,18.50000011337));
#801 = VECTOR('',#802,1.);
#802 = DIRECTION('',(1.,0.));
#803 = ( GEOMETRIC_REPRESENTATION_CONTEXT(2) 
PARAMETRIC_REPRESENTATION_CONTEXT() REPRESENTATION_CONTEXT('2D SPACE',''
  ) );
#804 = PCURVE('',#753,#805);
#805 = DEFINITIONAL_REPRESENTATION('',(#806),#810);
#806 = LINE('',#807,#808);
#807 = CARTESIAN_POINT('',(4.712389157847,0.));
#808 = VECTOR('',#809,1.);
#809 = DIRECTION('',(0.,-1.));
#810 = ( GEOMETRIC_REPRESENTATION_CONTEXT(2) 
PARAMETRIC_REPRESENTATION_CONTEXT() REPRESENTATION_CONTEXT('2D SPACE',''
  ) );
#811 = ORIENTED_EDGE('',*,*,#202,.F.);
#812 = ORIENTED_EDGE('',*,*,#590,.T.);
#813 = ADVANCED_FACE('',(#814),#254,.T.);
#814 = FACE_BOUND('',#815,.T.);
#815 = EDGE_LOOP('',(#816,#840,#869,#891));
#816 = ORIENTED_EDGE('',*,*,#817,.T.);
#817 = EDGE_CURVE('',#234,#818,#820,.T.);
#818 = VERTEX_POINT('',#819);
#819 = CARTESIAN_POINT('',(27.999999787045,-83.,-2.));
#820 = SURFACE_CURVE('',#821,(#826,#833),.PCURVE_S1.);
#821 = CIRCLE('',#822,1.);
#822 = AXIS2_PLACEMENT_3D('',#823,#824,#825);
#823 = CARTESIAN_POINT('',(27.999999893522,-82.,-2.));
#824 = DIRECTION('',(-1.,1.064774934889E-07,0.));
#825 = DIRECTION('',(0.,0.,-1.));
#826 = PCURVE('',#254,#827);
#827 = DEFINITIONAL_REPRESENTATION('',(#828),#832);
#828 = LINE('',#829,#830);
#829 = CARTESIAN_POINT('',(4.712389086862,1.570796326795));
#830 = VECTOR('',#831,1.);
#831 = DIRECTION('',(-1.017777498068E-14,-1.));
#832 = ( GEOMETRIC_REPRESENTATION_CONTEXT(2) 
PARAMETRIC_REPRESENTATION_CONTEXT() REPRESENTATION_CONTEXT('2D SPACE',''
  ) );
#833 = PCURVE('',#392,#834);
#834 = DEFINITIONAL_REPRESENTATION('',(#835),#839);
#835 = LINE('',#836,#837);
#836 = CARTESIAN_POINT('',(5.497787143782,27.750000106478));
#837 = VECTOR('',#838,1.);
#838 = DIRECTION('',(1.,6.778567766718E-08));
#839 = ( GEOMETRIC_REPRESENTATION_CONTEXT(2) 
PARAMETRIC_REPRESENTATION_CONTEXT() REPRESENTATION_CONTEXT('2D SPACE',''
  ) );
#840 = ORIENTED_EDGE('',*,*,#841,.T.);
#841 = EDGE_CURVE('',#818,#842,#844,.T.);
#842 = VERTEX_POINT('',#843);
#843 = CARTESIAN_POINT('',(22.,-77.,-2.));
#844 = SURFACE_CURVE('',#845,(#850,#857),.PCURVE_S1.);
#845 = CIRCLE('',#846,6.00000042591);
#846 = AXIS2_PLACEMENT_3D('',#847,#848,#849);
#847 = CARTESIAN_POINT('',(28.00000042591,-76.99999957409,-2.));
#848 = DIRECTION('',(0.,0.,-1.));
#849 = DIRECTION('',(-0.707106793735,-0.707106768638,-0.));
#850 = PCURVE('',#254,#851);
#851 = DEFINITIONAL_REPRESENTATION('',(#852),#856);
#852 = LINE('',#853,#854);
#853 = CARTESIAN_POINT('',(-0.785398145651,0.));
#854 = VECTOR('',#855,1.);
#855 = DIRECTION('',(1.,0.));
#856 = ( GEOMETRIC_REPRESENTATION_CONTEXT(2) 
PARAMETRIC_REPRESENTATION_CONTEXT() REPRESENTATION_CONTEXT('2D SPACE',''
  ) );
#857 = PCURVE('',#858,#863);
#858 = CYLINDRICAL_SURFACE('',#859,6.00000042591);
#859 = AXIS2_PLACEMENT_3D('',#860,#861,#862);
#860 = CARTESIAN_POINT('',(28.00000042591,-76.99999957409,
    1.73444609424E-26));
#861 = DIRECTION('',(0.,0.,-1.));
#862 = DIRECTION('',(-1.,-7.098499802189E-08,-0.));
#863 = DEFINITIONAL_REPRESENTATION('',(#864),#868);
#864 = LINE('',#865,#866);
#865 = CARTESIAN_POINT('',(-0.785398074666,2.));
#866 = VECTOR('',#867,1.);
#867 = DIRECTION('',(1.,0.));
#868 = ( GEOMETRIC_REPRESENTATION_CONTEXT(2) 
PARAMETRIC_REPRESENTATION_CONTEXT() REPRESENTATION_CONTEXT('2D SPACE',''
  ) );
#869 = ORIENTED_EDGE('',*,*,#870,.T.);
#870 = EDGE_CURVE('',#842,#232,#871,.T.);
#871 = SURFACE_CURVE('',#872,(#877,#884),.PCURVE_S1.);
#872 = CIRCLE('',#873,1.);
#873 = AXIS2_PLACEMENT_3D('',#874,#875,#876);
#874 = CARTESIAN_POINT('',(23.,-76.99999992901,-2.));
#875 = DIRECTION('',(7.098499565927E-08,-1.,0.));
#876 = DIRECTION('',(-1.,-7.098499565927E-08,0.));
#877 = PCURVE('',#254,#878);
#878 = DEFINITIONAL_REPRESENTATION('',(#879),#883);
#879 = LINE('',#880,#881);
#880 = CARTESIAN_POINT('',(6.283185236195,0.));
#881 = VECTOR('',#882,1.);
#882 = DIRECTION('',(0.,1.));
#883 = ( GEOMETRIC_REPRESENTATION_CONTEXT(2) 
PARAMETRIC_REPRESENTATION_CONTEXT() REPRESENTATION_CONTEXT('2D SPACE',''
  ) );
#884 = PCURVE('',#282,#885);
#885 = DEFINITIONAL_REPRESENTATION('',(#886),#890);
#886 = LINE('',#887,#888);
#887 = CARTESIAN_POINT('',(7.068583470577,-9.249999999995));
#888 = VECTOR('',#889,1.);
#889 = DIRECTION('',(-1.,4.519045177812E-08));
#890 = ( GEOMETRIC_REPRESENTATION_CONTEXT(2) 
PARAMETRIC_REPRESENTATION_CONTEXT() REPRESENTATION_CONTEXT('2D SPACE',''
  ) );
#891 = ORIENTED_EDGE('',*,*,#231,.T.);
#892 = ADVANCED_FACE('',(#893),#282,.T.);
#893 = FACE_BOUND('',#894,.T.);
#894 = EDGE_LOOP('',(#895,#919,#920,#921));
#895 = ORIENTED_EDGE('',*,*,#896,.T.);
#896 = EDGE_CURVE('',#897,#267,#899,.T.);
#897 = VERTEX_POINT('',#898);
#898 = CARTESIAN_POINT('',(22.,-39.99999978704,-2.));
#899 = SURFACE_CURVE('',#900,(#905,#912),.PCURVE_S1.);
#900 = CIRCLE('',#901,1.);
#901 = AXIS2_PLACEMENT_3D('',#902,#903,#904);
#902 = CARTESIAN_POINT('',(23.,-39.99999978704,-2.));
#903 = DIRECTION('',(0.,-1.,0.));
#904 = DIRECTION('',(-1.,0.,0.));
#905 = PCURVE('',#282,#906);
#906 = DEFINITIONAL_REPRESENTATION('',(#907),#911);
#907 = LINE('',#908,#909);
#908 = CARTESIAN_POINT('',(7.068583470577,27.750000212955));
#909 = VECTOR('',#910,1.);
#910 = DIRECTION('',(-1.,0.));
#911 = ( GEOMETRIC_REPRESENTATION_CONTEXT(2) 
PARAMETRIC_REPRESENTATION_CONTEXT() REPRESENTATION_CONTEXT('2D SPACE',''
  ) );
#912 = PCURVE('',#315,#913);
#913 = DEFINITIONAL_REPRESENTATION('',(#914),#918);
#914 = LINE('',#915,#916);
#915 = CARTESIAN_POINT('',(1.064774926007E-07,0.));
#916 = VECTOR('',#917,1.);
#917 = DIRECTION('',(1.355713432095E-08,1.));
#918 = ( GEOMETRIC_REPRESENTATION_CONTEXT(2) 
PARAMETRIC_REPRESENTATION_CONTEXT() REPRESENTATION_CONTEXT('2D SPACE',''
  ) );
#919 = ORIENTED_EDGE('',*,*,#266,.T.);
#920 = ORIENTED_EDGE('',*,*,#870,.F.);
#921 = ORIENTED_EDGE('',*,*,#922,.T.);
#922 = EDGE_CURVE('',#842,#897,#923,.T.);
#923 = SURFACE_CURVE('',#924,(#928,#935),.PCURVE_S1.);
#924 = LINE('',#925,#926);
#925 = CARTESIAN_POINT('',(22.,-67.75,-2.));
#926 = VECTOR('',#927,1.);
#927 = DIRECTION('',(6.001205503974E-16,1.,0.));
#928 = PCURVE('',#282,#929);
#929 = DEFINITIONAL_REPRESENTATION('',(#930),#934);
#930 = LINE('',#931,#932);
#931 = CARTESIAN_POINT('',(7.068583470577,0.));
#932 = VECTOR('',#933,1.);
#933 = DIRECTION('',(0.,1.));
#934 = ( GEOMETRIC_REPRESENTATION_CONTEXT(2) 
PARAMETRIC_REPRESENTATION_CONTEXT() REPRESENTATION_CONTEXT('2D SPACE',''
  ) );
#935 = PCURVE('',#936,#941);
#936 = PLANE('',#937);
#937 = AXIS2_PLACEMENT_3D('',#938,#939,#940);
#938 = CARTESIAN_POINT('',(21.999999998225,-58.49999994541,
    3.499999990221));
#939 = DIRECTION('',(-1.,-9.79098161572E-11,-9.218828461402E-11));
#940 = DIRECTION('',(9.79098161572E-11,-1.,0.));
#941 = DEFINITIONAL_REPRESENTATION('',(#942),#946);
#942 = LINE('',#943,#944);
#943 = CARTESIAN_POINT('',(9.25000005459,-5.499999990221));
#944 = VECTOR('',#945,1.);
#945 = DIRECTION('',(-1.,-9.02619332249E-21));
#946 = ( GEOMETRIC_REPRESENTATION_CONTEXT(2) 
PARAMETRIC_REPRESENTATION_CONTEXT() REPRESENTATION_CONTEXT('2D SPACE',''
  ) );
#947 = ADVANCED_FACE('',(#948),#315,.T.);
#948 = FACE_BOUND('',#949,.T.);
#949 = EDGE_LOOP('',(#950,#951,#952,#953));
#950 = ORIENTED_EDGE('',*,*,#502,.T.);
#951 = ORIENTED_EDGE('',*,*,#294,.T.);
#952 = ORIENTED_EDGE('',*,*,#896,.F.);
#953 = ORIENTED_EDGE('',*,*,#954,.T.);
#954 = EDGE_CURVE('',#897,#503,#955,.T.);
#955 = SURFACE_CURVE('',#956,(#961,#968),.PCURVE_S1.);
#956 = CIRCLE('',#957,6.00000042591);
#957 = AXIS2_PLACEMENT_3D('',#958,#959,#960);
#958 = CARTESIAN_POINT('',(28.00000042591,-40.00000042591,-2.));
#959 = DIRECTION('',(0.,0.,-1.));
#960 = DIRECTION('',(-0.707106768638,0.707106793735,0.));
#961 = PCURVE('',#315,#962);
#962 = DEFINITIONAL_REPRESENTATION('',(#963),#967);
#963 = LINE('',#964,#965);
#964 = CARTESIAN_POINT('',(-5.497787126036,0.));
#965 = VECTOR('',#966,1.);
#966 = DIRECTION('',(1.,0.));
#967 = ( GEOMETRIC_REPRESENTATION_CONTEXT(2) 
PARAMETRIC_REPRESENTATION_CONTEXT() REPRESENTATION_CONTEXT('2D SPACE',''
  ) );
#968 = PCURVE('',#969,#974);
#969 = CYLINDRICAL_SURFACE('',#970,6.00000042591);
#970 = AXIS2_PLACEMENT_3D('',#971,#972,#973);
#971 = CARTESIAN_POINT('',(28.00000042591,-40.00000042591,
    1.661476462186E-26));
#972 = DIRECTION('',(0.,0.,-1.));
#973 = DIRECTION('',(-7.0984993581E-08,1.,0.));
#974 = DEFINITIONAL_REPRESENTATION('',(#975),#979);
#975 = LINE('',#976,#977);
#976 = CARTESIAN_POINT('',(-0.785398074666,2.));
#977 = VECTOR('',#978,1.);
#978 = DIRECTION('',(1.,0.));
#979 = ( GEOMETRIC_REPRESENTATION_CONTEXT(2) 
PARAMETRIC_REPRESENTATION_CONTEXT() REPRESENTATION_CONTEXT('2D SPACE',''
  ) );
#980 = ADVANCED_FACE('',(#981),#392,.T.);
#981 = FACE_BOUND('',#982,.T.);
#982 = EDGE_LOOP('',(#983,#984,#985,#986));
#983 = ORIENTED_EDGE('',*,*,#817,.F.);
#984 = ORIENTED_EDGE('',*,*,#378,.T.);
#985 = ORIENTED_EDGE('',*,*,#712,.F.);
#986 = ORIENTED_EDGE('',*,*,#987,.T.);
#987 = EDGE_CURVE('',#713,#818,#988,.T.);
#988 = SURFACE_CURVE('',#989,(#993,#1000),.PCURVE_S1.);
#989 = LINE('',#990,#991);
#990 = CARTESIAN_POINT('',(55.75,-83.,-2.));
#991 = VECTOR('',#992,1.);
#992 = DIRECTION('',(-1.,0.,0.));
#993 = PCURVE('',#392,#994);
#994 = DEFINITIONAL_REPRESENTATION('',(#995),#999);
#995 = LINE('',#996,#997);
#996 = CARTESIAN_POINT('',(7.068583470577,0.));
#997 = VECTOR('',#998,1.);
#998 = DIRECTION('',(0.,1.));
#999 = ( GEOMETRIC_REPRESENTATION_CONTEXT(2) 
PARAMETRIC_REPRESENTATION_CONTEXT() REPRESENTATION_CONTEXT('2D SPACE',''
  ) );
#1000 = PCURVE('',#1001,#1006);
#1001 = PLANE('',#1002);
#1002 = AXIS2_PLACEMENT_3D('',#1003,#1004,#1005);
#1003 = CARTESIAN_POINT('',(46.499999893522,-83.,3.5));
#1004 = DIRECTION('',(-0.,-1.,-0.));
#1005 = DIRECTION('',(0.,0.,-1.));
#1006 = DEFINITIONAL_REPRESENTATION('',(#1007),#1011);
#1007 = LINE('',#1008,#1009);
#1008 = CARTESIAN_POINT('',(5.5,9.250000106478));
#1009 = VECTOR('',#1010,1.);
#1010 = DIRECTION('',(0.,-1.));
#1011 = ( GEOMETRIC_REPRESENTATION_CONTEXT(2) 
PARAMETRIC_REPRESENTATION_CONTEXT() REPRESENTATION_CONTEXT('2D SPACE',''
  ) );
#1012 = ADVANCED_FACE('',(#1013),#423,.F.);
#1013 = FACE_BOUND('',#1014,.F.);
#1014 = EDGE_LOOP('',(#1015,#1038,#1039,#1040));
#1015 = ORIENTED_EDGE('',*,*,#1016,.T.);
#1016 = EDGE_CURVE('',#1017,#407,#1019,.T.);
#1017 = VERTEX_POINT('',#1018);
#1018 = CARTESIAN_POINT('',(63.,-58.5,-2.6));
#1019 = SEAM_CURVE('',#1020,(#1024,#1031),.PCURVE_S1.);
#1020 = LINE('',#1021,#1022);
#1021 = CARTESIAN_POINT('',(62.8,-58.5,-2.8));
#1022 = VECTOR('',#1023,1.);
#1023 = DIRECTION('',(-0.707106781187,-8.659560562349E-17,
    -0.707106781187));
#1024 = PCURVE('',#423,#1025);
#1025 = DEFINITIONAL_REPRESENTATION('',(#1026),#1030);
#1026 = LINE('',#1027,#1028);
#1027 = CARTESIAN_POINT('',(9.424777960769,4.710277376051E-16));
#1028 = VECTOR('',#1029,1.);
#1029 = DIRECTION('',(0.,1.));
#1030 = ( GEOMETRIC_REPRESENTATION_CONTEXT(2) 
PARAMETRIC_REPRESENTATION_CONTEXT() REPRESENTATION_CONTEXT('2D SPACE',''
  ) );
#1031 = PCURVE('',#423,#1032);
#1032 = DEFINITIONAL_REPRESENTATION('',(#1033),#1037);
#1033 = LINE('',#1034,#1035);
#1034 = CARTESIAN_POINT('',(3.14159265359,4.710277376051E-16));
#1035 = VECTOR('',#1036,1.);
#1036 = DIRECTION('',(0.,1.));
#1037 = ( GEOMETRIC_REPRESENTATION_CONTEXT(2) 
PARAMETRIC_REPRESENTATION_CONTEXT() REPRESENTATION_CONTEXT('2D SPACE',''
  ) );
#1038 = ORIENTED_EDGE('',*,*,#406,.F.);
#1039 = ORIENTED_EDGE('',*,*,#1016,.F.);
#1040 = ORIENTED_EDGE('',*,*,#1041,.F.);
#1041 = EDGE_CURVE('',#1017,#1017,#1042,.T.);
#1042 = SURFACE_CURVE('',#1043,(#1048,#1055),.PCURVE_S1.);
#1043 = CIRCLE('',#1044,2.);
#1044 = AXIS2_PLACEMENT_3D('',#1045,#1046,#1047);
#1045 = CARTESIAN_POINT('',(65.,-58.5,-2.6));
#1046 = DIRECTION('',(0.,0.,1.));
#1047 = DIRECTION('',(1.,0.,0.));
#1048 = PCURVE('',#423,#1049);
#1049 = DEFINITIONAL_REPRESENTATION('',(#1050),#1054);
#1050 = LINE('',#1051,#1052);
#1051 = CARTESIAN_POINT('',(12.56637061436,-0.2));
#1052 = VECTOR('',#1053,1.);
#1053 = DIRECTION('',(-1.,0.));
#1054 = ( GEOMETRIC_REPRESENTATION_CONTEXT(2) 
PARAMETRIC_REPRESENTATION_CONTEXT() REPRESENTATION_CONTEXT('2D SPACE',''
  ) );
#1055 = PCURVE('',#1056,#1061);
#1056 = CYLINDRICAL_SURFACE('',#1057,2.);
#1057 = AXIS2_PLACEMENT_3D('',#1058,#1059,#1060);
#1058 = CARTESIAN_POINT('',(65.,-58.5,-3.));
#1059 = DIRECTION('',(0.,0.,1.));
#1060 = DIRECTION('',(1.,0.,0.));
#1061 = DEFINITIONAL_REPRESENTATION('',(#1062),#1066);
#1062 = LINE('',#1063,#1064);
#1063 = CARTESIAN_POINT('',(-6.28318530718,0.4));
#1064 = VECTOR('',#1065,1.);
#1065 = DIRECTION('',(1.,0.));
#1066 = ( GEOMETRIC_REPRESENTATION_CONTEXT(2) 
PARAMETRIC_REPRESENTATION_CONTEXT() REPRESENTATION_CONTEXT('2D SPACE',''
  ) );
#1067 = ADVANCED_FACE('',(#1068),#454,.F.);
#1068 = FACE_BOUND('',#1069,.F.);
#1069 = EDGE_LOOP('',(#1070,#1093,#1094,#1095));
#1070 = ORIENTED_EDGE('',*,*,#1071,.T.);
#1071 = EDGE_CURVE('',#1072,#438,#1074,.T.);
#1072 = VERTEX_POINT('',#1073);
#1073 = CARTESIAN_POINT('',(44.5,-40.,-2.6));
#1074 = SEAM_CURVE('',#1075,(#1079,#1086),.PCURVE_S1.);
#1075 = LINE('',#1076,#1077);
#1076 = CARTESIAN_POINT('',(44.3,-40.,-2.8));
#1077 = VECTOR('',#1078,1.);
#1078 = DIRECTION('',(-0.707106781187,-8.659560562349E-17,
    -0.707106781187));
#1079 = PCURVE('',#454,#1080);
#1080 = DEFINITIONAL_REPRESENTATION('',(#1081),#1085);
#1081 = LINE('',#1082,#1083);
#1082 = CARTESIAN_POINT('',(9.424777960769,4.710277376051E-16));
#1083 = VECTOR('',#1084,1.);
#1084 = DIRECTION('',(0.,1.));
#1085 = ( GEOMETRIC_REPRESENTATION_CONTEXT(2) 
PARAMETRIC_REPRESENTATION_CONTEXT() REPRESENTATION_CONTEXT('2D SPACE',''
  ) );
#1086 = PCURVE('',#454,#1087);
#1087 = DEFINITIONAL_REPRESENTATION('',(#1088),#1092);
#1088 = LINE('',#1089,#1090);
#1089 = CARTESIAN_POINT('',(3.14159265359,4.710277376051E-16));
#1090 = VECTOR('',#1091,1.);
#1091 = DIRECTION('',(0.,1.));
#1092 = ( GEOMETRIC_REPRESENTATION_CONTEXT(2) 
PARAMETRIC_REPRESENTATION_CONTEXT() REPRESENTATION_CONTEXT('2D SPACE',''
  ) );
#1093 = ORIENTED_EDGE('',*,*,#437,.F.);
#1094 = ORIENTED_EDGE('',*,*,#1071,.F.);
#1095 = ORIENTED_EDGE('',*,*,#1096,.F.);
#1096 = EDGE_CURVE('',#1072,#1072,#1097,.T.);
#1097 = SURFACE_CURVE('',#1098,(#1103,#1110),.PCURVE_S1.);
#1098 = CIRCLE('',#1099,2.);
#1099 = AXIS2_PLACEMENT_3D('',#1100,#1101,#1102);
#1100 = CARTESIAN_POINT('',(46.5,-40.,-2.6));
#1101 = DIRECTION('',(0.,0.,1.));
#1102 = DIRECTION('',(1.,0.,0.));
#1103 = PCURVE('',#454,#1104);
#1104 = DEFINITIONAL_REPRESENTATION('',(#1105),#1109);
#1105 = LINE('',#1106,#1107);
#1106 = CARTESIAN_POINT('',(12.56637061436,-0.2));
#1107 = VECTOR('',#1108,1.);
#1108 = DIRECTION('',(-1.,0.));
#1109 = ( GEOMETRIC_REPRESENTATION_CONTEXT(2) 
PARAMETRIC_REPRESENTATION_CONTEXT() REPRESENTATION_CONTEXT('2D SPACE',''
  ) );
#1110 = PCURVE('',#1111,#1116);
#1111 = CYLINDRICAL_SURFACE('',#1112,2.);
#1112 = AXIS2_PLACEMENT_3D('',#1113,#1114,#1115);
#1113 = CARTESIAN_POINT('',(46.5,-40.,-3.));
#1114 = DIRECTION('',(0.,0.,1.));
#1115 = DIRECTION('',(1.,0.,0.));
#1116 = DEFINITIONAL_REPRESENTATION('',(#1117),#1121);
#1117 = LINE('',#1118,#1119);
#1118 = CARTESIAN_POINT('',(-6.28318530718,0.4));
#1119 = VECTOR('',#1120,1.);
#1120 = DIRECTION('',(1.,0.));
#1121 = ( GEOMETRIC_REPRESENTATION_CONTEXT(2) 
PARAMETRIC_REPRESENTATION_CONTEXT() REPRESENTATION_CONTEXT('2D SPACE',''
  ) );
#1122 = ADVANCED_FACE('',(#1123),#485,.F.);
#1123 = FACE_BOUND('',#1124,.F.);
#1124 = EDGE_LOOP('',(#1125,#1148,#1149,#1150));
#1125 = ORIENTED_EDGE('',*,*,#1126,.T.);
#1126 = EDGE_CURVE('',#1127,#469,#1129,.T.);
#1127 = VERTEX_POINT('',#1128);
#1128 = CARTESIAN_POINT('',(26.00000042591,-76.99999957409,-2.6));
#1129 = SEAM_CURVE('',#1130,(#1134,#1141),.PCURVE_S1.);
#1130 = LINE('',#1131,#1132);
#1131 = CARTESIAN_POINT('',(25.80000042591,-76.99999957409,-2.8));
#1132 = VECTOR('',#1133,1.);
#1133 = DIRECTION('',(-0.707106781187,-8.659560562349E-17,
    -0.707106781187));
#1134 = PCURVE('',#485,#1135);
#1135 = DEFINITIONAL_REPRESENTATION('',(#1136),#1140);
#1136 = LINE('',#1137,#1138);
#1137 = CARTESIAN_POINT('',(9.424777960769,-4.31775426138E-16));
#1138 = VECTOR('',#1139,1.);
#1139 = DIRECTION('',(0.,1.));
#1140 = ( GEOMETRIC_REPRESENTATION_CONTEXT(2) 
PARAMETRIC_REPRESENTATION_CONTEXT() REPRESENTATION_CONTEXT('2D SPACE',''
  ) );
#1141 = PCURVE('',#485,#1142);
#1142 = DEFINITIONAL_REPRESENTATION('',(#1143),#1147);
#1143 = LINE('',#1144,#1145);
#1144 = CARTESIAN_POINT('',(3.14159265359,-4.31775426138E-16));
#1145 = VECTOR('',#1146,1.);
#1146 = DIRECTION('',(0.,1.));
#1147 = ( GEOMETRIC_REPRESENTATION_CONTEXT(2) 
PARAMETRIC_REPRESENTATION_CONTEXT() REPRESENTATION_CONTEXT('2D SPACE',''
  ) );
#1148 = ORIENTED_EDGE('',*,*,#468,.F.);
#1149 = ORIENTED_EDGE('',*,*,#1126,.F.);
#1150 = ORIENTED_EDGE('',*,*,#1151,.F.);
#1151 = EDGE_CURVE('',#1127,#1127,#1152,.T.);
#1152 = SURFACE_CURVE('',#1153,(#1158,#1165),.PCURVE_S1.);
#1153 = CIRCLE('',#1154,2.);
#1154 = AXIS2_PLACEMENT_3D('',#1155,#1156,#1157);
#1155 = CARTESIAN_POINT('',(28.00000042591,-76.99999957409,-2.6));
#1156 = DIRECTION('',(0.,0.,1.));
#1157 = DIRECTION('',(1.,0.,0.));
#1158 = PCURVE('',#485,#1159);
#1159 = DEFINITIONAL_REPRESENTATION('',(#1160),#1164);
#1160 = LINE('',#1161,#1162);
#1161 = CARTESIAN_POINT('',(12.56637061436,-0.2));
#1162 = VECTOR('',#1163,1.);
#1163 = DIRECTION('',(-1.,0.));
#1164 = ( GEOMETRIC_REPRESENTATION_CONTEXT(2) 
PARAMETRIC_REPRESENTATION_CONTEXT() REPRESENTATION_CONTEXT('2D SPACE',''
  ) );
#1165 = PCURVE('',#1166,#1171);
#1166 = CYLINDRICAL_SURFACE('',#1167,2.);
#1167 = AXIS2_PLACEMENT_3D('',#1168,#1169,#1170);
#1168 = CARTESIAN_POINT('',(28.00000042591,-76.99999957409,-3.));
#1169 = DIRECTION('',(0.,0.,1.));
#1170 = DIRECTION('',(1.,0.,0.));
#1171 = DEFINITIONAL_REPRESENTATION('',(#1172),#1176);
#1172 = LINE('',#1173,#1174);
#1173 = CARTESIAN_POINT('',(-6.28318530718,0.4));
#1174 = VECTOR('',#1175,1.);
#1175 = DIRECTION('',(1.,0.));
#1176 = ( GEOMETRIC_REPRESENTATION_CONTEXT(2) 
PARAMETRIC_REPRESENTATION_CONTEXT() REPRESENTATION_CONTEXT('2D SPACE',''
  ) );
#1177 = ADVANCED_FACE('',(#1178),#540,.T.);
#1178 = FACE_BOUND('',#1179,.T.);
#1179 = EDGE_LOOP('',(#1180,#1203,#1204,#1205));
#1180 = ORIENTED_EDGE('',*,*,#1181,.F.);
#1181 = EDGE_CURVE('',#613,#1182,#1184,.T.);
#1182 = VERTEX_POINT('',#1183);
#1183 = CARTESIAN_POINT('',(27.99999976575,-34.,9.));
#1184 = SURFACE_CURVE('',#1185,(#1189,#1196),.PCURVE_S1.);
#1185 = LINE('',#1186,#1187);
#1186 = CARTESIAN_POINT('',(37.25,-34.,9.));
#1187 = VECTOR('',#1188,1.);
#1188 = DIRECTION('',(-1.,9.601928806359E-16,0.));
#1189 = PCURVE('',#540,#1190);
#1190 = DEFINITIONAL_REPRESENTATION('',(#1191),#1195);
#1191 = LINE('',#1192,#1193);
#1192 = CARTESIAN_POINT('',(9.25,-9.));
#1193 = VECTOR('',#1194,1.);
#1194 = DIRECTION('',(-1.,-5.641448098814E-28));
#1195 = ( GEOMETRIC_REPRESENTATION_CONTEXT(2) 
PARAMETRIC_REPRESENTATION_CONTEXT() REPRESENTATION_CONTEXT('2D SPACE',''
  ) );
#1196 = PCURVE('',#574,#1197);
#1197 = DEFINITIONAL_REPRESENTATION('',(#1198),#1202);
#1198 = LINE('',#1199,#1200);
#1199 = CARTESIAN_POINT('',(24.46884192824,9.250000000171));
#1200 = VECTOR('',#1201,1.);
#1201 = DIRECTION('',(9.601928806359E-16,1.));
#1202 = ( GEOMETRIC_REPRESENTATION_CONTEXT(2) 
PARAMETRIC_REPRESENTATION_CONTEXT() REPRESENTATION_CONTEXT('2D SPACE',''
  ) );
#1203 = ORIENTED_EDGE('',*,*,#612,.F.);
#1204 = ORIENTED_EDGE('',*,*,#526,.F.);
#1205 = ORIENTED_EDGE('',*,*,#1206,.T.);
#1206 = EDGE_CURVE('',#503,#1182,#1207,.T.);
#1207 = SURFACE_CURVE('',#1208,(#1212,#1219),.PCURVE_S1.);
#1208 = LINE('',#1209,#1210);
#1209 = CARTESIAN_POINT('',(28.,-34.,1.653587828221E-26));
#1210 = VECTOR('',#1211,1.);
#1211 = DIRECTION('',(0.,0.,1.));
#1212 = PCURVE('',#540,#1213);
#1213 = DEFINITIONAL_REPRESENTATION('',(#1214),#1218);
#1214 = LINE('',#1215,#1216);
#1215 = CARTESIAN_POINT('',(0.,0.));
#1216 = VECTOR('',#1217,1.);
#1217 = DIRECTION('',(5.641448098814E-28,-1.));
#1218 = ( GEOMETRIC_REPRESENTATION_CONTEXT(2) 
PARAMETRIC_REPRESENTATION_CONTEXT() REPRESENTATION_CONTEXT('2D SPACE',''
  ) );
#1219 = PCURVE('',#969,#1220);
#1220 = DEFINITIONAL_REPRESENTATION('',(#1221),#1225);
#1221 = LINE('',#1222,#1223);
#1222 = CARTESIAN_POINT('',(6.28318530718,0.));
#1223 = VECTOR('',#1224,1.);
#1224 = DIRECTION('',(0.,-1.));
#1225 = ( GEOMETRIC_REPRESENTATION_CONTEXT(2) 
PARAMETRIC_REPRESENTATION_CONTEXT() REPRESENTATION_CONTEXT('2D SPACE',''
  ) );
#1226 = ADVANCED_FACE('',(#1227,#1431),#574,.T.);
#1227 = FACE_BOUND('',#1228,.T.);
#1228 = EDGE_LOOP('',(#1229,#1230,#1231,#1232,#1233,#1257,#1285,#1309,
    #1337,#1360,#1384,#1407,#1429,#1430));
#1229 = ORIENTED_EDGE('',*,*,#687,.T.);
#1230 = ORIENTED_EDGE('',*,*,#659,.F.);
#1231 = ORIENTED_EDGE('',*,*,#635,.T.);
#1232 = ORIENTED_EDGE('',*,*,#1181,.T.);
#1233 = ORIENTED_EDGE('',*,*,#1234,.T.);
#1234 = EDGE_CURVE('',#1182,#1235,#1237,.T.);
#1235 = VERTEX_POINT('',#1236);
#1236 = CARTESIAN_POINT('',(24.558541563512,-35.08508781129,
    9.000000017881));
#1237 = SURFACE_CURVE('',#1238,(#1243,#1250),.PCURVE_S1.);
#1238 = CIRCLE('',#1239,6.00000042591);
#1239 = AXIS2_PLACEMENT_3D('',#1240,#1241,#1242);
#1240 = CARTESIAN_POINT('',(28.00000042591,-40.00000042591,9.));
#1241 = DIRECTION('',(0.,0.,1.));
#1242 = DIRECTION('',(-7.0984993581E-08,1.,0.));
#1243 = PCURVE('',#574,#1244);
#1244 = DEFINITIONAL_REPRESENTATION('',(#1245),#1249);
#1245 = CIRCLE('',#1246,6.00000042591);
#1246 = AXIS2_PLACEMENT_2D('',#1247,#1248);
#1247 = CARTESIAN_POINT('',(18.46884150233,18.499999574261));
#1248 = DIRECTION('',(1.,7.0984993581E-08));
#1249 = ( GEOMETRIC_REPRESENTATION_CONTEXT(2) 
PARAMETRIC_REPRESENTATION_CONTEXT() REPRESENTATION_CONTEXT('2D SPACE',''
  ) );
#1250 = PCURVE('',#969,#1251);
#1251 = DEFINITIONAL_REPRESENTATION('',(#1252),#1256);
#1252 = LINE('',#1253,#1254);
#1253 = CARTESIAN_POINT('',(6.28318530718,-9.));
#1254 = VECTOR('',#1255,1.);
#1255 = DIRECTION('',(-1.,0.));
#1256 = ( GEOMETRIC_REPRESENTATION_CONTEXT(2) 
PARAMETRIC_REPRESENTATION_CONTEXT() REPRESENTATION_CONTEXT('2D SPACE',''
  ) );
#1257 = ORIENTED_EDGE('',*,*,#1258,.F.);
#1258 = EDGE_CURVE('',#1259,#1235,#1261,.T.);
#1259 = VERTEX_POINT('',#1260);
#1260 = CARTESIAN_POINT('',(23.085087803717,-36.55854157312,
    9.000000035763));
#1261 = SURFACE_CURVE('',#1262,(#1267,#1278),.PCURVE_S1.);
#1262 = CIRCLE('',#1263,6.00000042591);
#1263 = AXIS2_PLACEMENT_3D('',#1264,#1265,#1266);
#1264 = CARTESIAN_POINT('',(28.00000042591,-40.00000042591,
    9.000000035763));
#1265 = DIRECTION('',(0.,0.,-1.));
#1266 = DIRECTION('',(-7.0984993581E-08,1.,0.));
#1267 = PCURVE('',#574,#1268);
#1268 = DEFINITIONAL_REPRESENTATION('',(#1269),#1277);
#1269 = ( BOUNDED_CURVE() B_SPLINE_CURVE(2,(#1270,#1271,#1272,#1273,
#1274,#1275,#1276),.UNSPECIFIED.,.T.,.F.) B_SPLINE_CURVE_WITH_KNOTS((1,2
    ,2,2,2,1),(-2.094395102393,0.,2.094395102393,4.188790204786,
6.28318530718,8.377580409573),.UNSPECIFIED.) CURVE() 
GEOMETRIC_REPRESENTATION_ITEM() RATIONAL_B_SPLINE_CURVE((1.,0.5,1.,0.5,
1.,0.5,1.)) REPRESENTATION_ITEM('') );
#1270 = CARTESIAN_POINT('',(24.46884192824,18.500000000171));
#1271 = CARTESIAN_POINT('',(24.468842665938,8.10769441706));
#1272 = CARTESIAN_POINT('',(15.468841658224,13.303846569751));
#1273 = CARTESIAN_POINT('',(6.46884065051,18.499998722441));
#1274 = CARTESIAN_POINT('',(15.468840920526,23.696152152862));
#1275 = CARTESIAN_POINT('',(24.468841190542,28.892305583282));
#1276 = CARTESIAN_POINT('',(24.46884192824,18.500000000171));
#1277 = ( GEOMETRIC_REPRESENTATION_CONTEXT(2) 
PARAMETRIC_REPRESENTATION_CONTEXT() REPRESENTATION_CONTEXT('2D SPACE',''
  ) );
#1278 = PCURVE('',#969,#1279);
#1279 = DEFINITIONAL_REPRESENTATION('',(#1280),#1284);
#1280 = LINE('',#1281,#1282);
#1281 = CARTESIAN_POINT('',(-8.881784197001E-16,-9.000000035763));
#1282 = VECTOR('',#1283,1.);
#1283 = DIRECTION('',(1.,0.));
#1284 = ( GEOMETRIC_REPRESENTATION_CONTEXT(2) 
PARAMETRIC_REPRESENTATION_CONTEXT() REPRESENTATION_CONTEXT('2D SPACE',''
  ) );
#1285 = ORIENTED_EDGE('',*,*,#1286,.T.);
#1286 = EDGE_CURVE('',#1259,#1287,#1289,.T.);
#1287 = VERTEX_POINT('',#1288);
#1288 = CARTESIAN_POINT('',(22.091153487684,-38.958111286,9.000000017881
    ));
#1289 = SURFACE_CURVE('',#1290,(#1295,#1302),.PCURVE_S1.);
#1290 = CIRCLE('',#1291,6.000000426603);
#1291 = AXIS2_PLACEMENT_3D('',#1292,#1293,#1294);
#1292 = CARTESIAN_POINT('',(28.00000042591,-40.00000042591,9.));
#1293 = DIRECTION('',(0.,0.,1.));
#1294 = DIRECTION('',(-1.,0.,0.));
#1295 = PCURVE('',#574,#1296);
#1296 = DEFINITIONAL_REPRESENTATION('',(#1297),#1301);
#1297 = CIRCLE('',#1298,6.000000426603);
#1298 = AXIS2_PLACEMENT_2D('',#1299,#1300);
#1299 = CARTESIAN_POINT('',(18.46884150233,18.499999574261));
#1300 = DIRECTION('',(0.,1.));
#1301 = ( GEOMETRIC_REPRESENTATION_CONTEXT(2) 
PARAMETRIC_REPRESENTATION_CONTEXT() REPRESENTATION_CONTEXT('2D SPACE',''
  ) );
#1302 = PCURVE('',#969,#1303);
#1303 = DEFINITIONAL_REPRESENTATION('',(#1304),#1308);
#1304 = LINE('',#1305,#1306);
#1305 = CARTESIAN_POINT('',(10.995574358549,-9.));
#1306 = VECTOR('',#1307,1.);
#1307 = DIRECTION('',(-1.,0.));
#1308 = ( GEOMETRIC_REPRESENTATION_CONTEXT(2) 
PARAMETRIC_REPRESENTATION_CONTEXT() REPRESENTATION_CONTEXT('2D SPACE',''
  ) );
#1309 = ORIENTED_EDGE('',*,*,#1310,.F.);
#1310 = EDGE_CURVE('',#1311,#1287,#1313,.T.);
#1311 = VERTEX_POINT('',#1312);
#1312 = CARTESIAN_POINT('',(21.999999978705,-40.,9.000000035763));
#1313 = SURFACE_CURVE('',#1314,(#1319,#1330),.PCURVE_S1.);
#1314 = CIRCLE('',#1315,6.00000042591);
#1315 = AXIS2_PLACEMENT_3D('',#1316,#1317,#1318);
#1316 = CARTESIAN_POINT('',(28.00000042591,-40.00000042591,
    9.000000035763));
#1317 = DIRECTION('',(0.,0.,-1.));
#1318 = DIRECTION('',(-7.0984993581E-08,1.,0.));
#1319 = PCURVE('',#574,#1320);
#1320 = DEFINITIONAL_REPRESENTATION('',(#1321),#1329);
#1321 = ( BOUNDED_CURVE() B_SPLINE_CURVE(2,(#1322,#1323,#1324,#1325,
#1326,#1327,#1328),.UNSPECIFIED.,.T.,.F.) B_SPLINE_CURVE_WITH_KNOTS((1,2
    ,2,2,2,1),(-2.094395102393,0.,2.094395102393,4.188790204786,
6.28318530718,8.377580409573),.UNSPECIFIED.) CURVE() 
GEOMETRIC_REPRESENTATION_ITEM() RATIONAL_B_SPLINE_CURVE((1.,0.5,1.,0.5,
1.,0.5,1.)) REPRESENTATION_ITEM('') );
#1322 = CARTESIAN_POINT('',(24.46884192824,18.500000000171));
#1323 = CARTESIAN_POINT('',(24.468842665938,8.10769441706));
#1324 = CARTESIAN_POINT('',(15.468841658224,13.303846569751));
#1325 = CARTESIAN_POINT('',(6.46884065051,18.499998722441));
#1326 = CARTESIAN_POINT('',(15.468840920526,23.696152152862));
#1327 = CARTESIAN_POINT('',(24.468841190542,28.892305583282));
#1328 = CARTESIAN_POINT('',(24.46884192824,18.500000000171));
#1329 = ( GEOMETRIC_REPRESENTATION_CONTEXT(2) 
PARAMETRIC_REPRESENTATION_CONTEXT() REPRESENTATION_CONTEXT('2D SPACE',''
  ) );
#1330 = PCURVE('',#969,#1331);
#1331 = DEFINITIONAL_REPRESENTATION('',(#1332),#1336);
#1332 = LINE('',#1333,#1334);
#1333 = CARTESIAN_POINT('',(-8.881784197001E-16,-9.000000035763));
#1334 = VECTOR('',#1335,1.);
#1335 = DIRECTION('',(1.,0.));
#1336 = ( GEOMETRIC_REPRESENTATION_CONTEXT(2) 
PARAMETRIC_REPRESENTATION_CONTEXT() REPRESENTATION_CONTEXT('2D SPACE',''
  ) );
#1337 = ORIENTED_EDGE('',*,*,#1338,.F.);
#1338 = EDGE_CURVE('',#1339,#1311,#1341,.T.);
#1339 = VERTEX_POINT('',#1340);
#1340 = CARTESIAN_POINT('',(22.,-77.,9.));
#1341 = SURFACE_CURVE('',#1342,(#1346,#1353),.PCURVE_S1.);
#1342 = LINE('',#1343,#1344);
#1343 = CARTESIAN_POINT('',(22.,-67.75,9.000000035763));
#1344 = VECTOR('',#1345,1.);
#1345 = DIRECTION('',(6.001205503974E-16,1.,0.));
#1346 = PCURVE('',#574,#1347);
#1347 = DEFINITIONAL_REPRESENTATION('',(#1348),#1352);
#1348 = LINE('',#1349,#1350);
#1349 = CARTESIAN_POINT('',(-9.28115807176,24.500000000171));
#1350 = VECTOR('',#1351,1.);
#1351 = DIRECTION('',(1.,-6.001205503974E-16));
#1352 = ( GEOMETRIC_REPRESENTATION_CONTEXT(2) 
PARAMETRIC_REPRESENTATION_CONTEXT() REPRESENTATION_CONTEXT('2D SPACE',''
  ) );
#1353 = PCURVE('',#936,#1354);
#1354 = DEFINITIONAL_REPRESENTATION('',(#1355),#1359);
#1355 = LINE('',#1356,#1357);
#1356 = CARTESIAN_POINT('',(9.25000005459,5.500000045542));
#1357 = VECTOR('',#1358,1.);
#1358 = DIRECTION('',(-1.,-9.02619332249E-21));
#1359 = ( GEOMETRIC_REPRESENTATION_CONTEXT(2) 
PARAMETRIC_REPRESENTATION_CONTEXT() REPRESENTATION_CONTEXT('2D SPACE',''
  ) );
#1360 = ORIENTED_EDGE('',*,*,#1361,.T.);
#1361 = EDGE_CURVE('',#1339,#1362,#1364,.T.);
#1362 = VERTEX_POINT('',#1363);
#1363 = CARTESIAN_POINT('',(27.999999787045,-83.,9.));
#1364 = SURFACE_CURVE('',#1365,(#1370,#1377),.PCURVE_S1.);
#1365 = CIRCLE('',#1366,6.00000042591);
#1366 = AXIS2_PLACEMENT_3D('',#1367,#1368,#1369);
#1367 = CARTESIAN_POINT('',(28.00000042591,-76.99999957409,9.));
#1368 = DIRECTION('',(0.,0.,1.));
#1369 = DIRECTION('',(-1.,-7.098499802189E-08,0.));
#1370 = PCURVE('',#574,#1371);
#1371 = DEFINITIONAL_REPRESENTATION('',(#1372),#1376);
#1372 = CIRCLE('',#1373,6.00000042591);
#1373 = AXIS2_PLACEMENT_2D('',#1374,#1375);
#1374 = CARTESIAN_POINT('',(-18.53115764585,18.499999574261));
#1375 = DIRECTION('',(-7.098499802189E-08,1.));
#1376 = ( GEOMETRIC_REPRESENTATION_CONTEXT(2) 
PARAMETRIC_REPRESENTATION_CONTEXT() REPRESENTATION_CONTEXT('2D SPACE',''
  ) );
#1377 = PCURVE('',#858,#1378);
#1378 = DEFINITIONAL_REPRESENTATION('',(#1379),#1383);
#1379 = LINE('',#1380,#1381);
#1380 = CARTESIAN_POINT('',(6.28318530718,-9.));
#1381 = VECTOR('',#1382,1.);
#1382 = DIRECTION('',(-1.,0.));
#1383 = ( GEOMETRIC_REPRESENTATION_CONTEXT(2) 
PARAMETRIC_REPRESENTATION_CONTEXT() REPRESENTATION_CONTEXT('2D SPACE',''
  ) );
#1384 = ORIENTED_EDGE('',*,*,#1385,.T.);
#1385 = EDGE_CURVE('',#1362,#1386,#1388,.T.);
#1386 = VERTEX_POINT('',#1387);
#1387 = CARTESIAN_POINT('',(65.,-83.,9.));
#1388 = SURFACE_CURVE('',#1389,(#1393,#1400),.PCURVE_S1.);
#1389 = LINE('',#1390,#1391);
#1390 = CARTESIAN_POINT('',(55.75,-83.,9.));
#1391 = VECTOR('',#1392,1.);
#1392 = DIRECTION('',(1.,0.,0.));
#1393 = PCURVE('',#574,#1394);
#1394 = DEFINITIONAL_REPRESENTATION('',(#1395),#1399);
#1395 = LINE('',#1396,#1397);
#1396 = CARTESIAN_POINT('',(-24.53115807176,-9.249999999829));
#1397 = VECTOR('',#1398,1.);
#1398 = DIRECTION('',(0.,-1.));
#1399 = ( GEOMETRIC_REPRESENTATION_CONTEXT(2) 
PARAMETRIC_REPRESENTATION_CONTEXT() REPRESENTATION_CONTEXT('2D SPACE',''
  ) );
#1400 = PCURVE('',#1001,#1401);
#1401 = DEFINITIONAL_REPRESENTATION('',(#1402),#1406);
#1402 = LINE('',#1403,#1404);
#1403 = CARTESIAN_POINT('',(-5.5,9.250000106478));
#1404 = VECTOR('',#1405,1.);
#1405 = DIRECTION('',(0.,1.));
#1406 = ( GEOMETRIC_REPRESENTATION_CONTEXT(2) 
PARAMETRIC_REPRESENTATION_CONTEXT() REPRESENTATION_CONTEXT('2D SPACE',''
  ) );
#1407 = ORIENTED_EDGE('',*,*,#1408,.T.);
#1408 = EDGE_CURVE('',#1386,#769,#1409,.T.);
#1409 = SURFACE_CURVE('',#1410,(#1415,#1422),.PCURVE_S1.);
#1410 = CIRCLE('',#1411,6.00000042591);
#1411 = AXIS2_PLACEMENT_3D('',#1412,#1413,#1414);
#1412 = CARTESIAN_POINT('',(64.99999957409,-76.99999957409,9.));
#1413 = DIRECTION('',(-0.,0.,1.));
#1414 = DIRECTION('',(7.098499654159E-08,-1.,0.));
#1415 = PCURVE('',#574,#1416);
#1416 = DEFINITIONAL_REPRESENTATION('',(#1417),#1421);
#1417 = CIRCLE('',#1418,6.00000042591);
#1418 = AXIS2_PLACEMENT_2D('',#1419,#1420);
#1419 = CARTESIAN_POINT('',(-18.53115764585,-18.49999957391));
#1420 = DIRECTION('',(-1.,-7.098499654159E-08));
#1421 = ( GEOMETRIC_REPRESENTATION_CONTEXT(2) 
PARAMETRIC_REPRESENTATION_CONTEXT() REPRESENTATION_CONTEXT('2D SPACE',''
  ) );
#1422 = PCURVE('',#753,#1423);
#1423 = DEFINITIONAL_REPRESENTATION('',(#1424),#1428);
#1424 = LINE('',#1425,#1426);
#1425 = CARTESIAN_POINT('',(6.28318530718,-9.));
#1426 = VECTOR('',#1427,1.);
#1427 = DIRECTION('',(-1.,0.));
#1428 = ( GEOMETRIC_REPRESENTATION_CONTEXT(2) 
PARAMETRIC_REPRESENTATION_CONTEXT() REPRESENTATION_CONTEXT('2D SPACE',''
  ) );
#1429 = ORIENTED_EDGE('',*,*,#768,.T.);
#1430 = ORIENTED_EDGE('',*,*,#555,.F.);
#1431 = FACE_BOUND('',#1432,.T.);
#1432 = EDGE_LOOP('',(#1433,#1464,#1492,#1520,#1553,#1581,#1614,#1642,
    #1675,#1699,#1727,#1755,#1783,#1811));
#1433 = ORIENTED_EDGE('',*,*,#1434,.F.);
#1434 = EDGE_CURVE('',#1435,#1437,#1439,.T.);
#1435 = VERTEX_POINT('',#1436);
#1436 = CARTESIAN_POINT('',(69.333154106783,-39.23594837021,
    9.000000017881));
#1437 = VERTEX_POINT('',#1438);
#1438 = CARTESIAN_POINT('',(68.604268917847,-37.47626386167,
    9.000000017881));
#1439 = SURFACE_CURVE('',#1440,(#1445,#1452),.PCURVE_S1.);
#1440 = CIRCLE('',#1441,4.40000042591);
#1441 = AXIS2_PLACEMENT_3D('',#1442,#1443,#1444);
#1442 = CARTESIAN_POINT('',(64.99999957409,-40.00000042591,9.));
#1443 = DIRECTION('',(0.,0.,1.));
#1444 = DIRECTION('',(-1.,0.,0.));
#1445 = PCURVE('',#574,#1446);
#1446 = DEFINITIONAL_REPRESENTATION('',(#1447),#1451);
#1447 = CIRCLE('',#1448,4.40000042591);
#1448 = AXIS2_PLACEMENT_2D('',#1449,#1450);
#1449 = CARTESIAN_POINT('',(18.46884150233,-18.49999957391));
#1450 = DIRECTION('',(0.,1.));
#1451 = ( GEOMETRIC_REPRESENTATION_CONTEXT(2) 
PARAMETRIC_REPRESENTATION_CONTEXT() REPRESENTATION_CONTEXT('2D SPACE',''
  ) );
#1452 = PCURVE('',#1453,#1458);
#1453 = CYLINDRICAL_SURFACE('',#1454,4.40000042591);
#1454 = AXIS2_PLACEMENT_3D('',#1455,#1456,#1457);
#1455 = CARTESIAN_POINT('',(64.99999957409,-40.00000042591,9.));
#1456 = DIRECTION('',(0.,0.,-1.));
#1457 = DIRECTION('',(1.,1.016376036387E-07,0.));
#1458 = DEFINITIONAL_REPRESENTATION('',(#1459),#1463);
#1459 = LINE('',#1460,#1461);
#1460 = CARTESIAN_POINT('',(9.424778062407,0.));
#1461 = VECTOR('',#1462,1.);
#1462 = DIRECTION('',(-1.,0.));
#1463 = ( GEOMETRIC_REPRESENTATION_CONTEXT(2) 
PARAMETRIC_REPRESENTATION_CONTEXT() REPRESENTATION_CONTEXT('2D SPACE',''
  ) );
#1464 = ORIENTED_EDGE('',*,*,#1465,.T.);
#1465 = EDGE_CURVE('',#1435,#1466,#1468,.T.);
#1466 = VERTEX_POINT('',#1467);
#1467 = CARTESIAN_POINT('',(69.4,-40.00000011357,9.000000035763));
#1468 = SURFACE_CURVE('',#1469,(#1474,#1485),.PCURVE_S1.);
#1469 = CIRCLE('',#1470,4.40000042591);
#1470 = AXIS2_PLACEMENT_3D('',#1471,#1472,#1473);
#1471 = CARTESIAN_POINT('',(64.99999957409,-40.00000042591,
    9.000000035763));
#1472 = DIRECTION('',(0.,0.,-1.));
#1473 = DIRECTION('',(1.,1.016376036387E-07,0.));
#1474 = PCURVE('',#574,#1475);
#1475 = DEFINITIONAL_REPRESENTATION('',(#1476),#1484);
#1476 = ( BOUNDED_CURVE() B_SPLINE_CURVE(2,(#1477,#1478,#1479,#1480,
#1481,#1482,#1483),.UNSPECIFIED.,.T.,.F.) B_SPLINE_CURVE_WITH_KNOTS((1,2
    ,2,2,2,1),(-2.094395102393,0.,2.094395102393,4.188790204786,
6.28318530718,8.377580409573),.UNSPECIFIED.) CURVE() 
GEOMETRIC_REPRESENTATION_ITEM() RATIONAL_B_SPLINE_CURVE((1.,0.5,1.,0.5,
1.,0.5,1.)) REPRESENTATION_ITEM('') );
#1477 = CARTESIAN_POINT('',(18.468841949535,-22.89999999982));
#1478 = CARTESIAN_POINT('',(10.847817658535,-22.90000077441));
#1479 = CARTESIAN_POINT('',(14.658329133227,-16.29999974825));
#1480 = CARTESIAN_POINT('',(18.468840607919,-9.699998722099));
#1481 = CARTESIAN_POINT('',(22.279353424228,-16.29999897367));
#1482 = CARTESIAN_POINT('',(26.089866240536,-22.89999922524));
#1483 = CARTESIAN_POINT('',(18.468841949535,-22.89999999982));
#1484 = ( GEOMETRIC_REPRESENTATION_CONTEXT(2) 
PARAMETRIC_REPRESENTATION_CONTEXT() REPRESENTATION_CONTEXT('2D SPACE',''
  ) );
#1485 = PCURVE('',#1453,#1486);
#1486 = DEFINITIONAL_REPRESENTATION('',(#1487),#1491);
#1487 = LINE('',#1488,#1489);
#1488 = CARTESIAN_POINT('',(0.,-3.576279006268E-08));
#1489 = VECTOR('',#1490,1.);
#1490 = DIRECTION('',(1.,0.));
#1491 = ( GEOMETRIC_REPRESENTATION_CONTEXT(2) 
PARAMETRIC_REPRESENTATION_CONTEXT() REPRESENTATION_CONTEXT('2D SPACE',''
  ) );
#1492 = ORIENTED_EDGE('',*,*,#1493,.F.);
#1493 = EDGE_CURVE('',#1494,#1466,#1496,.T.);
#1494 = VERTEX_POINT('',#1495);
#1495 = CARTESIAN_POINT('',(69.4,-77.00000002028,9.));
#1496 = SURFACE_CURVE('',#1497,(#1501,#1508),.PCURVE_S1.);
#1497 = LINE('',#1498,#1499);
#1498 = CARTESIAN_POINT('',(69.4,-49.24999998935,9.000000035763));
#1499 = VECTOR('',#1500,1.);
#1500 = DIRECTION('',(-2.400482212708E-16,1.,0.));
#1501 = PCURVE('',#574,#1502);
#1502 = DEFINITIONAL_REPRESENTATION('',(#1503),#1507);
#1503 = LINE('',#1504,#1505);
#1504 = CARTESIAN_POINT('',(9.21884193889,-22.89999999982));
#1505 = VECTOR('',#1506,1.);
#1506 = DIRECTION('',(1.,2.400482212708E-16));
#1507 = ( GEOMETRIC_REPRESENTATION_CONTEXT(2) 
PARAMETRIC_REPRESENTATION_CONTEXT() REPRESENTATION_CONTEXT('2D SPACE',''
  ) );
#1508 = PCURVE('',#1509,#1514);
#1509 = PLANE('',#1510);
#1510 = AXIS2_PLACEMENT_3D('',#1511,#1512,#1513);
#1511 = CARTESIAN_POINT('',(69.4,-58.50000003115,4.499999995541));
#1512 = DIRECTION('',(-1.,0.,6.475389457588E-16));
#1513 = DIRECTION('',(-6.475389457588E-16,0.,-1.));
#1514 = DEFINITIONAL_REPRESENTATION('',(#1515),#1519);
#1515 = LINE('',#1516,#1517);
#1516 = CARTESIAN_POINT('',(-4.500000040222,-9.2500000418));
#1517 = VECTOR('',#1518,1.);
#1518 = DIRECTION('',(1.55440572133E-31,-1.));
#1519 = ( GEOMETRIC_REPRESENTATION_CONTEXT(2) 
PARAMETRIC_REPRESENTATION_CONTEXT() REPRESENTATION_CONTEXT('2D SPACE',''
  ) );
#1520 = ORIENTED_EDGE('',*,*,#1521,.T.);
#1521 = EDGE_CURVE('',#1494,#1522,#1524,.T.);
#1522 = VERTEX_POINT('',#1523);
#1523 = CARTESIAN_POINT('',(65.000000021296,-81.4,9.));
#1524 = SURFACE_CURVE('',#1525,(#1530,#1541),.PCURVE_S1.);
#1525 = CIRCLE('',#1526,4.40000042591);
#1526 = AXIS2_PLACEMENT_3D('',#1527,#1528,#1529);
#1527 = CARTESIAN_POINT('',(64.99999957409,-76.99999957409,9.));
#1528 = DIRECTION('',(0.,0.,-1.));
#1529 = DIRECTION('',(1.016376056573E-07,-1.,0.));
#1530 = PCURVE('',#574,#1531);
#1531 = DEFINITIONAL_REPRESENTATION('',(#1532),#1540);
#1532 = ( BOUNDED_CURVE() B_SPLINE_CURVE(2,(#1533,#1534,#1535,#1536,
#1537,#1538,#1539),.UNSPECIFIED.,.T.,.F.) B_SPLINE_CURVE_WITH_KNOTS((1,2
    ,2,2,2,1),(-2.094395102393,0.,2.094395102393,4.188790204786,
6.28318530718,8.377580409573),.UNSPECIFIED.) CURVE() 
GEOMETRIC_REPRESENTATION_ITEM() RATIONAL_B_SPLINE_CURVE((1.,0.5,1.,0.5,
1.,0.5,1.)) REPRESENTATION_ITEM('') );
#1533 = CARTESIAN_POINT('',(-22.93115807176,-18.50000002112));
#1534 = CARTESIAN_POINT('',(-22.93115884634,-10.87897573012));
#1535 = CARTESIAN_POINT('',(-16.33115782018,-14.68948720481));
#1536 = CARTESIAN_POINT('',(-9.73115679403,-18.4999986795));
#1537 = CARTESIAN_POINT('',(-16.3311570456,-22.31051149581));
#1538 = CARTESIAN_POINT('',(-22.93115729717,-26.12102431212));
#1539 = CARTESIAN_POINT('',(-22.93115807176,-18.50000002112));
#1540 = ( GEOMETRIC_REPRESENTATION_CONTEXT(2) 
PARAMETRIC_REPRESENTATION_CONTEXT() REPRESENTATION_CONTEXT('2D SPACE',''
  ) );
#1541 = PCURVE('',#1542,#1547);
#1542 = CYLINDRICAL_SURFACE('',#1543,4.40000042591);
#1543 = AXIS2_PLACEMENT_3D('',#1544,#1545,#1546);
#1544 = CARTESIAN_POINT('',(64.99999957409,-76.99999957409,9.));
#1545 = DIRECTION('',(0.,0.,-1.));
#1546 = DIRECTION('',(1.016376056573E-07,-1.,0.));
#1547 = DEFINITIONAL_REPRESENTATION('',(#1548),#1552);
#1548 = LINE('',#1549,#1550);
#1549 = CARTESIAN_POINT('',(0.,0.));
#1550 = VECTOR('',#1551,1.);
#1551 = DIRECTION('',(1.,0.));
#1552 = ( GEOMETRIC_REPRESENTATION_CONTEXT(2) 
PARAMETRIC_REPRESENTATION_CONTEXT() REPRESENTATION_CONTEXT('2D SPACE',''
  ) );
#1553 = ORIENTED_EDGE('',*,*,#1554,.T.);
#1554 = EDGE_CURVE('',#1522,#1555,#1557,.T.);
#1555 = VERTEX_POINT('',#1556);
#1556 = CARTESIAN_POINT('',(27.999999979719,-81.4,9.));
#1557 = SURFACE_CURVE('',#1558,(#1562,#1569),.PCURVE_S1.);
#1558 = LINE('',#1559,#1560);
#1559 = CARTESIAN_POINT('',(55.750000010648,-81.4,9.));
#1560 = VECTOR('',#1561,1.);
#1561 = DIRECTION('',(-1.,0.,0.));
#1562 = PCURVE('',#574,#1563);
#1563 = DEFINITIONAL_REPRESENTATION('',(#1564),#1568);
#1564 = LINE('',#1565,#1566);
#1565 = CARTESIAN_POINT('',(-22.93115807176,-9.250000010477));
#1566 = VECTOR('',#1567,1.);
#1567 = DIRECTION('',(0.,1.));
#1568 = ( GEOMETRIC_REPRESENTATION_CONTEXT(2) 
PARAMETRIC_REPRESENTATION_CONTEXT() REPRESENTATION_CONTEXT('2D SPACE',''
  ) );
#1569 = PCURVE('',#1570,#1575);
#1570 = PLANE('',#1571);
#1571 = AXIS2_PLACEMENT_3D('',#1572,#1573,#1574);
#1572 = CARTESIAN_POINT('',(46.500000000508,-81.4,4.5));
#1573 = DIRECTION('',(0.,1.,0.));
#1574 = DIRECTION('',(0.,0.,1.));
#1575 = DEFINITIONAL_REPRESENTATION('',(#1576),#1580);
#1576 = LINE('',#1577,#1578);
#1577 = CARTESIAN_POINT('',(4.5,9.25000001014));
#1578 = VECTOR('',#1579,1.);
#1579 = DIRECTION('',(0.,-1.));
#1580 = ( GEOMETRIC_REPRESENTATION_CONTEXT(2) 
PARAMETRIC_REPRESENTATION_CONTEXT() REPRESENTATION_CONTEXT('2D SPACE',''
  ) );
#1581 = ORIENTED_EDGE('',*,*,#1582,.T.);
#1582 = EDGE_CURVE('',#1555,#1583,#1585,.T.);
#1583 = VERTEX_POINT('',#1584);
#1584 = CARTESIAN_POINT('',(23.6,-77.00000002129,9.));
#1585 = SURFACE_CURVE('',#1586,(#1591,#1602),.PCURVE_S1.);
#1586 = CIRCLE('',#1587,4.40000042591);
#1587 = AXIS2_PLACEMENT_3D('',#1588,#1589,#1590);
#1588 = CARTESIAN_POINT('',(28.00000042591,-76.99999957409,9.));
#1589 = DIRECTION('',(0.,0.,-1.));
#1590 = DIRECTION('',(-1.,-1.016376076759E-07,-0.));
#1591 = PCURVE('',#574,#1592);
#1592 = DEFINITIONAL_REPRESENTATION('',(#1593),#1601);
#1593 = ( BOUNDED_CURVE() B_SPLINE_CURVE(2,(#1594,#1595,#1596,#1597,
#1598,#1599,#1600),.UNSPECIFIED.,.T.,.F.) B_SPLINE_CURVE_WITH_KNOTS((1,2
    ,2,2,2,1),(-2.094395102393,0.,2.094395102393,4.188790204786,
6.28318530718,8.377580409573),.UNSPECIFIED.) CURVE() 
GEOMETRIC_REPRESENTATION_ITEM() RATIONAL_B_SPLINE_CURVE((1.,0.5,1.,0.5,
1.,0.5,1.)) REPRESENTATION_ITEM('') );
#1594 = CARTESIAN_POINT('',(-18.53115809305,22.900000000171));
#1595 = CARTESIAN_POINT('',(-10.91013380205,22.900000774754));
#1596 = CARTESIAN_POINT('',(-14.72064527674,16.299999748597));
#1597 = CARTESIAN_POINT('',(-18.53115675143,9.699998722441));
#1598 = CARTESIAN_POINT('',(-22.34166956774,16.299998974015));
#1599 = CARTESIAN_POINT('',(-26.15218238405,22.899999225588));
#1600 = CARTESIAN_POINT('',(-18.53115809305,22.900000000171));
#1601 = ( GEOMETRIC_REPRESENTATION_CONTEXT(2) 
PARAMETRIC_REPRESENTATION_CONTEXT() REPRESENTATION_CONTEXT('2D SPACE',''
  ) );
#1602 = PCURVE('',#1603,#1608);
#1603 = CYLINDRICAL_SURFACE('',#1604,4.40000042591);
#1604 = AXIS2_PLACEMENT_3D('',#1605,#1606,#1607);
#1605 = CARTESIAN_POINT('',(28.00000042591,-76.99999957409,9.));
#1606 = DIRECTION('',(0.,0.,-1.));
#1607 = DIRECTION('',(-1.,-1.016376076759E-07,-0.));
#1608 = DEFINITIONAL_REPRESENTATION('',(#1609),#1613);
#1609 = LINE('',#1610,#1611);
#1610 = CARTESIAN_POINT('',(0.,0.));
#1611 = VECTOR('',#1612,1.);
#1612 = DIRECTION('',(1.,0.));
#1613 = ( GEOMETRIC_REPRESENTATION_CONTEXT(2) 
PARAMETRIC_REPRESENTATION_CONTEXT() REPRESENTATION_CONTEXT('2D SPACE',''
  ) );
#1614 = ORIENTED_EDGE('',*,*,#1615,.T.);
#1615 = EDGE_CURVE('',#1583,#1616,#1618,.T.);
#1616 = VERTEX_POINT('',#1617);
#1617 = CARTESIAN_POINT('',(23.6,-39.99999997971,9.000000035763));
#1618 = SURFACE_CURVE('',#1619,(#1623,#1630),.PCURVE_S1.);
#1619 = LINE('',#1620,#1621);
#1620 = CARTESIAN_POINT('',(23.6,-67.75000001064,9.));
#1621 = VECTOR('',#1622,1.);
#1622 = DIRECTION('',(1.200241106354E-16,1.,0.));
#1623 = PCURVE('',#574,#1624);
#1624 = DEFINITIONAL_REPRESENTATION('',(#1625),#1629);
#1625 = LINE('',#1626,#1627);
#1626 = CARTESIAN_POINT('',(-9.2811580824,22.900000000171));
#1627 = VECTOR('',#1628,1.);
#1628 = DIRECTION('',(1.,-1.200241106354E-16));
#1629 = ( GEOMETRIC_REPRESENTATION_CONTEXT(2) 
PARAMETRIC_REPRESENTATION_CONTEXT() REPRESENTATION_CONTEXT('2D SPACE',''
  ) );
#1630 = PCURVE('',#1631,#1636);
#1631 = PLANE('',#1632);
#1632 = AXIS2_PLACEMENT_3D('',#1633,#1634,#1635);
#1633 = CARTESIAN_POINT('',(23.6,-58.49999999331,4.500000002138));
#1634 = DIRECTION('',(1.,0.,-3.281447362146E-16));
#1635 = DIRECTION('',(3.281447362146E-16,0.,1.));
#1636 = DEFINITIONAL_REPRESENTATION('',(#1637),#1641);
#1637 = LINE('',#1638,#1639);
#1638 = CARTESIAN_POINT('',(4.499999997862,9.25000001733));
#1639 = VECTOR('',#1640,1.);
#1640 = DIRECTION('',(3.938528012385E-32,-1.));
#1641 = ( GEOMETRIC_REPRESENTATION_CONTEXT(2) 
PARAMETRIC_REPRESENTATION_CONTEXT() REPRESENTATION_CONTEXT('2D SPACE',''
  ) );
#1642 = ORIENTED_EDGE('',*,*,#1643,.T.);
#1643 = EDGE_CURVE('',#1616,#1644,#1646,.T.);
#1644 = VERTEX_POINT('',#1645);
#1645 = CARTESIAN_POINT('',(23.666845893186,-39.23594837039,
    9.000000017881));
#1646 = SURFACE_CURVE('',#1647,(#1652,#1663),.PCURVE_S1.);
#1647 = CIRCLE('',#1648,4.40000042591);
#1648 = AXIS2_PLACEMENT_3D('',#1649,#1650,#1651);
#1649 = CARTESIAN_POINT('',(28.00000042591,-40.00000042591,
    9.000000035763));
#1650 = DIRECTION('',(0.,0.,-1.));
#1651 = DIRECTION('',(-1.016376016201E-07,1.,0.));
#1652 = PCURVE('',#574,#1653);
#1653 = DEFINITIONAL_REPRESENTATION('',(#1654),#1662);
#1654 = ( BOUNDED_CURVE() B_SPLINE_CURVE(2,(#1655,#1656,#1657,#1658,
#1659,#1660,#1661),.UNSPECIFIED.,.T.,.F.) B_SPLINE_CURVE_WITH_KNOTS((1,2
    ,2,2,2,1),(-2.094395102393,0.,2.094395102393,4.188790204786,
6.28318530718,8.377580409573),.UNSPECIFIED.) CURVE() 
GEOMETRIC_REPRESENTATION_ITEM() RATIONAL_B_SPLINE_CURVE((1.,0.5,1.,0.5,
1.,0.5,1.)) REPRESENTATION_ITEM('') );
#1655 = CARTESIAN_POINT('',(22.86884192824,18.500000021466));
#1656 = CARTESIAN_POINT('',(22.868842702823,10.878975730466));
#1657 = CARTESIAN_POINT('',(16.268841676666,14.689487205158));
#1658 = CARTESIAN_POINT('',(9.66884065051,18.49999867985));
#1659 = CARTESIAN_POINT('',(16.268840902084,22.310511496159));
#1660 = CARTESIAN_POINT('',(22.868841153657,26.121024312467));
#1661 = CARTESIAN_POINT('',(22.86884192824,18.500000021466));
#1662 = ( GEOMETRIC_REPRESENTATION_CONTEXT(2) 
PARAMETRIC_REPRESENTATION_CONTEXT() REPRESENTATION_CONTEXT('2D SPACE',''
  ) );
#1663 = PCURVE('',#1664,#1669);
#1664 = CYLINDRICAL_SURFACE('',#1665,4.40000042591);
#1665 = AXIS2_PLACEMENT_3D('',#1666,#1667,#1668);
#1666 = CARTESIAN_POINT('',(28.00000042591,-40.00000042591,9.));
#1667 = DIRECTION('',(0.,0.,-1.));
#1668 = DIRECTION('',(-1.016376016201E-07,1.,0.));
#1669 = DEFINITIONAL_REPRESENTATION('',(#1670),#1674);
#1670 = LINE('',#1671,#1672);
#1671 = CARTESIAN_POINT('',(1.7763568394E-15,-3.576279006268E-08));
#1672 = VECTOR('',#1673,1.);
#1673 = DIRECTION('',(1.,0.));
#1674 = ( GEOMETRIC_REPRESENTATION_CONTEXT(2) 
PARAMETRIC_REPRESENTATION_CONTEXT() REPRESENTATION_CONTEXT('2D SPACE',''
  ) );
#1675 = ORIENTED_EDGE('',*,*,#1676,.F.);
#1676 = EDGE_CURVE('',#1677,#1644,#1679,.T.);
#1677 = VERTEX_POINT('',#1678);
#1678 = CARTESIAN_POINT('',(24.395731075147,-37.47626387167,
    9.000000017881));
#1679 = SURFACE_CURVE('',#1680,(#1685,#1692),.PCURVE_S1.);
#1680 = CIRCLE('',#1681,4.40000042591);
#1681 = AXIS2_PLACEMENT_3D('',#1682,#1683,#1684);
#1682 = CARTESIAN_POINT('',(28.00000042591,-40.00000042591,9.));
#1683 = DIRECTION('',(0.,0.,1.));
#1684 = DIRECTION('',(-1.,0.,0.));
#1685 = PCURVE('',#574,#1686);
#1686 = DEFINITIONAL_REPRESENTATION('',(#1687),#1691);
#1687 = CIRCLE('',#1688,4.40000042591);
#1688 = AXIS2_PLACEMENT_2D('',#1689,#1690);
#1689 = CARTESIAN_POINT('',(18.46884150233,18.499999574261));
#1690 = DIRECTION('',(0.,1.));
#1691 = ( GEOMETRIC_REPRESENTATION_CONTEXT(2) 
PARAMETRIC_REPRESENTATION_CONTEXT() REPRESENTATION_CONTEXT('2D SPACE',''
  ) );
#1692 = PCURVE('',#1664,#1693);
#1693 = DEFINITIONAL_REPRESENTATION('',(#1694),#1698);
#1694 = LINE('',#1695,#1696);
#1695 = CARTESIAN_POINT('',(10.995574389202,0.));
#1696 = VECTOR('',#1697,1.);
#1697 = DIRECTION('',(-1.,0.));
#1698 = ( GEOMETRIC_REPRESENTATION_CONTEXT(2) 
PARAMETRIC_REPRESENTATION_CONTEXT() REPRESENTATION_CONTEXT('2D SPACE',''
  ) );
#1699 = ORIENTED_EDGE('',*,*,#1700,.T.);
#1700 = EDGE_CURVE('',#1677,#1701,#1703,.T.);
#1701 = VERTEX_POINT('',#1702);
#1702 = CARTESIAN_POINT('',(25.476263861674,-36.39573108215,
    9.000000017881));
#1703 = SURFACE_CURVE('',#1704,(#1709,#1720),.PCURVE_S1.);
#1704 = CIRCLE('',#1705,4.40000042591);
#1705 = AXIS2_PLACEMENT_3D('',#1706,#1707,#1708);
#1706 = CARTESIAN_POINT('',(28.00000042591,-40.00000042591,
    9.000000035763));
#1707 = DIRECTION('',(0.,0.,-1.));
#1708 = DIRECTION('',(-1.016376016201E-07,1.,0.));
#1709 = PCURVE('',#574,#1710);
#1710 = DEFINITIONAL_REPRESENTATION('',(#1711),#1719);
#1711 = ( BOUNDED_CURVE() B_SPLINE_CURVE(2,(#1712,#1713,#1714,#1715,
#1716,#1717,#1718),.UNSPECIFIED.,.T.,.F.) B_SPLINE_CURVE_WITH_KNOTS((1,2
    ,2,2,2,1),(-2.094395102393,0.,2.094395102393,4.188790204786,
6.28318530718,8.377580409573),.UNSPECIFIED.) CURVE() 
GEOMETRIC_REPRESENTATION_ITEM() RATIONAL_B_SPLINE_CURVE((1.,0.5,1.,0.5,
1.,0.5,1.)) REPRESENTATION_ITEM('') );
#1712 = CARTESIAN_POINT('',(22.86884192824,18.500000021466));
#1713 = CARTESIAN_POINT('',(22.868842702823,10.878975730466));
#1714 = CARTESIAN_POINT('',(16.268841676666,14.689487205158));
#1715 = CARTESIAN_POINT('',(9.66884065051,18.49999867985));
#1716 = CARTESIAN_POINT('',(16.268840902084,22.310511496159));
#1717 = CARTESIAN_POINT('',(22.868841153657,26.121024312467));
#1718 = CARTESIAN_POINT('',(22.86884192824,18.500000021466));
#1719 = ( GEOMETRIC_REPRESENTATION_CONTEXT(2) 
PARAMETRIC_REPRESENTATION_CONTEXT() REPRESENTATION_CONTEXT('2D SPACE',''
  ) );
#1720 = PCURVE('',#1664,#1721);
#1721 = DEFINITIONAL_REPRESENTATION('',(#1722),#1726);
#1722 = LINE('',#1723,#1724);
#1723 = CARTESIAN_POINT('',(8.881784197001E-16,-3.576279006268E-08));
#1724 = VECTOR('',#1725,1.);
#1725 = DIRECTION('',(1.,0.));
#1726 = ( GEOMETRIC_REPRESENTATION_CONTEXT(2) 
PARAMETRIC_REPRESENTATION_CONTEXT() REPRESENTATION_CONTEXT('2D SPACE',''
  ) );
#1727 = ORIENTED_EDGE('',*,*,#1728,.T.);
#1728 = EDGE_CURVE('',#1701,#1729,#1731,.T.);
#1729 = VERTEX_POINT('',#1730);
#1730 = CARTESIAN_POINT('',(27.999999978705,-35.6,9.));
#1731 = SURFACE_CURVE('',#1732,(#1737,#1748),.PCURVE_S1.);
#1732 = CIRCLE('',#1733,4.40000042591);
#1733 = AXIS2_PLACEMENT_3D('',#1734,#1735,#1736);
#1734 = CARTESIAN_POINT('',(28.00000042591,-40.00000042591,9.));
#1735 = DIRECTION('',(0.,0.,-1.));
#1736 = DIRECTION('',(-1.016376016201E-07,1.,0.));
#1737 = PCURVE('',#574,#1738);
#1738 = DEFINITIONAL_REPRESENTATION('',(#1739),#1747);
#1739 = ( BOUNDED_CURVE() B_SPLINE_CURVE(2,(#1740,#1741,#1742,#1743,
#1744,#1745,#1746),.UNSPECIFIED.,.T.,.F.) B_SPLINE_CURVE_WITH_KNOTS((1,2
    ,2,2,2,1),(-2.094395102393,0.,2.094395102393,4.188790204786,
6.28318530718,8.377580409573),.UNSPECIFIED.) CURVE() 
GEOMETRIC_REPRESENTATION_ITEM() RATIONAL_B_SPLINE_CURVE((1.,0.5,1.,0.5,
1.,0.5,1.)) REPRESENTATION_ITEM('') );
#1740 = CARTESIAN_POINT('',(22.86884192824,18.500000021466));
#1741 = CARTESIAN_POINT('',(22.868842702823,10.878975730466));
#1742 = CARTESIAN_POINT('',(16.268841676666,14.689487205158));
#1743 = CARTESIAN_POINT('',(9.66884065051,18.49999867985));
#1744 = CARTESIAN_POINT('',(16.268840902084,22.310511496159));
#1745 = CARTESIAN_POINT('',(22.868841153657,26.121024312467));
#1746 = CARTESIAN_POINT('',(22.86884192824,18.500000021466));
#1747 = ( GEOMETRIC_REPRESENTATION_CONTEXT(2) 
PARAMETRIC_REPRESENTATION_CONTEXT() REPRESENTATION_CONTEXT('2D SPACE',''
  ) );
#1748 = PCURVE('',#1664,#1749);
#1749 = DEFINITIONAL_REPRESENTATION('',(#1750),#1754);
#1750 = LINE('',#1751,#1752);
#1751 = CARTESIAN_POINT('',(0.,0.));
#1752 = VECTOR('',#1753,1.);
#1753 = DIRECTION('',(1.,0.));
#1754 = ( GEOMETRIC_REPRESENTATION_CONTEXT(2) 
PARAMETRIC_REPRESENTATION_CONTEXT() REPRESENTATION_CONTEXT('2D SPACE',''
  ) );
#1755 = ORIENTED_EDGE('',*,*,#1756,.T.);
#1756 = EDGE_CURVE('',#1729,#1757,#1759,.T.);
#1757 = VERTEX_POINT('',#1758);
#1758 = CARTESIAN_POINT('',(65.000000020281,-35.6,9.));
#1759 = SURFACE_CURVE('',#1760,(#1764,#1771),.PCURVE_S1.);
#1760 = LINE('',#1761,#1762);
#1761 = CARTESIAN_POINT('',(37.249999989352,-35.6,9.));
#1762 = VECTOR('',#1763,1.);
#1763 = DIRECTION('',(1.,-8.401687744479E-16,0.));
#1764 = PCURVE('',#574,#1765);
#1765 = DEFINITIONAL_REPRESENTATION('',(#1766),#1770);
#1766 = LINE('',#1767,#1768);
#1767 = CARTESIAN_POINT('',(22.86884192824,9.250000010819));
#1768 = VECTOR('',#1769,1.);
#1769 = DIRECTION('',(-8.401687744479E-16,-1.));
#1770 = ( GEOMETRIC_REPRESENTATION_CONTEXT(2) 
PARAMETRIC_REPRESENTATION_CONTEXT() REPRESENTATION_CONTEXT('2D SPACE',''
  ) );
#1771 = PCURVE('',#1772,#1777);
#1772 = PLANE('',#1773);
#1773 = AXIS2_PLACEMENT_3D('',#1774,#1775,#1776);
#1774 = CARTESIAN_POINT('',(27.999999978705,-35.6,9.));
#1775 = DIRECTION('',(8.401687744479E-16,1.,0.));
#1776 = DIRECTION('',(1.,-8.401687744479E-16,0.));
#1777 = DEFINITIONAL_REPRESENTATION('',(#1778),#1782);
#1778 = LINE('',#1779,#1780);
#1779 = CARTESIAN_POINT('',(9.250000010647,0.));
#1780 = VECTOR('',#1781,1.);
#1781 = DIRECTION('',(1.,0.));
#1782 = ( GEOMETRIC_REPRESENTATION_CONTEXT(2) 
PARAMETRIC_REPRESENTATION_CONTEXT() REPRESENTATION_CONTEXT('2D SPACE',''
  ) );
#1783 = ORIENTED_EDGE('',*,*,#1784,.T.);
#1784 = EDGE_CURVE('',#1757,#1785,#1787,.T.);
#1785 = VERTEX_POINT('',#1786);
#1786 = CARTESIAN_POINT('',(67.523736138326,-36.39573108215,
    9.000000017881));
#1787 = SURFACE_CURVE('',#1788,(#1793,#1804),.PCURVE_S1.);
#1788 = CIRCLE('',#1789,4.40000042591);
#1789 = AXIS2_PLACEMENT_3D('',#1790,#1791,#1792);
#1790 = CARTESIAN_POINT('',(64.99999957409,-40.00000042591,9.));
#1791 = DIRECTION('',(0.,0.,-1.));
#1792 = DIRECTION('',(1.,1.016376036387E-07,0.));
#1793 = PCURVE('',#574,#1794);
#1794 = DEFINITIONAL_REPRESENTATION('',(#1795),#1803);
#1795 = ( BOUNDED_CURVE() B_SPLINE_CURVE(2,(#1796,#1797,#1798,#1799,
#1800,#1801,#1802),.UNSPECIFIED.,.T.,.F.) B_SPLINE_CURVE_WITH_KNOTS((1,2
    ,2,2,2,1),(-2.094395102393,0.,2.094395102393,4.188790204786,
6.28318530718,8.377580409573),.UNSPECIFIED.) CURVE() 
GEOMETRIC_REPRESENTATION_ITEM() RATIONAL_B_SPLINE_CURVE((1.,0.5,1.,0.5,
1.,0.5,1.)) REPRESENTATION_ITEM('') );
#1796 = CARTESIAN_POINT('',(18.468841949535,-22.89999999982));
#1797 = CARTESIAN_POINT('',(10.847817658535,-22.90000077441));
#1798 = CARTESIAN_POINT('',(14.658329133227,-16.29999974825));
#1799 = CARTESIAN_POINT('',(18.468840607919,-9.699998722099));
#1800 = CARTESIAN_POINT('',(22.279353424228,-16.29999897367));
#1801 = CARTESIAN_POINT('',(26.089866240536,-22.89999922524));
#1802 = CARTESIAN_POINT('',(18.468841949535,-22.89999999982));
#1803 = ( GEOMETRIC_REPRESENTATION_CONTEXT(2) 
PARAMETRIC_REPRESENTATION_CONTEXT() REPRESENTATION_CONTEXT('2D SPACE',''
  ) );
#1804 = PCURVE('',#1453,#1805);
#1805 = DEFINITIONAL_REPRESENTATION('',(#1806),#1810);
#1806 = LINE('',#1807,#1808);
#1807 = CARTESIAN_POINT('',(-8.881784197001E-16,0.));
#1808 = VECTOR('',#1809,1.);
#1809 = DIRECTION('',(1.,0.));
#1810 = ( GEOMETRIC_REPRESENTATION_CONTEXT(2) 
PARAMETRIC_REPRESENTATION_CONTEXT() REPRESENTATION_CONTEXT('2D SPACE',''
  ) );
#1811 = ORIENTED_EDGE('',*,*,#1812,.T.);
#1812 = EDGE_CURVE('',#1785,#1437,#1813,.T.);
#1813 = SURFACE_CURVE('',#1814,(#1819,#1830),.PCURVE_S1.);
#1814 = CIRCLE('',#1815,4.40000042591);
#1815 = AXIS2_PLACEMENT_3D('',#1816,#1817,#1818);
#1816 = CARTESIAN_POINT('',(64.99999957409,-40.00000042591,
    9.000000035763));
#1817 = DIRECTION('',(0.,0.,-1.));
#1818 = DIRECTION('',(1.,1.016376036387E-07,0.));
#1819 = PCURVE('',#574,#1820);
#1820 = DEFINITIONAL_REPRESENTATION('',(#1821),#1829);
#1821 = ( BOUNDED_CURVE() B_SPLINE_CURVE(2,(#1822,#1823,#1824,#1825,
#1826,#1827,#1828),.UNSPECIFIED.,.T.,.F.) B_SPLINE_CURVE_WITH_KNOTS((1,2
    ,2,2,2,1),(-2.094395102393,0.,2.094395102393,4.188790204786,
6.28318530718,8.377580409573),.UNSPECIFIED.) CURVE() 
GEOMETRIC_REPRESENTATION_ITEM() RATIONAL_B_SPLINE_CURVE((1.,0.5,1.,0.5,
1.,0.5,1.)) REPRESENTATION_ITEM('') );
#1822 = CARTESIAN_POINT('',(18.468841949535,-22.89999999982));
#1823 = CARTESIAN_POINT('',(10.847817658535,-22.90000077441));
#1824 = CARTESIAN_POINT('',(14.658329133227,-16.29999974825));
#1825 = CARTESIAN_POINT('',(18.468840607919,-9.699998722099));
#1826 = CARTESIAN_POINT('',(22.279353424228,-16.29999897367));
#1827 = CARTESIAN_POINT('',(26.089866240536,-22.89999922524));
#1828 = CARTESIAN_POINT('',(18.468841949535,-22.89999999982));
#1829 = ( GEOMETRIC_REPRESENTATION_CONTEXT(2) 
PARAMETRIC_REPRESENTATION_CONTEXT() REPRESENTATION_CONTEXT('2D SPACE',''
  ) );
#1830 = PCURVE('',#1453,#1831);
#1831 = DEFINITIONAL_REPRESENTATION('',(#1832),#1836);
#1832 = LINE('',#1833,#1834);
#1833 = CARTESIAN_POINT('',(-8.881784197001E-16,-3.576279006268E-08));
#1834 = VECTOR('',#1835,1.);
#1835 = DIRECTION('',(1.,0.));
#1836 = ( GEOMETRIC_REPRESENTATION_CONTEXT(2) 
PARAMETRIC_REPRESENTATION_CONTEXT() REPRESENTATION_CONTEXT('2D SPACE',''
  ) );
#1837 = ADVANCED_FACE('',(#1838),#753,.T.);
#1838 = FACE_BOUND('',#1839,.T.);
#1839 = EDGE_LOOP('',(#1840,#1841,#1862,#1863));
#1840 = ORIENTED_EDGE('',*,*,#1408,.F.);
#1841 = ORIENTED_EDGE('',*,*,#1842,.T.);
#1842 = EDGE_CURVE('',#1386,#713,#1843,.T.);
#1843 = SURFACE_CURVE('',#1844,(#1848,#1855),.PCURVE_S1.);
#1844 = LINE('',#1845,#1846);
#1845 = CARTESIAN_POINT('',(65.,-83.,-2.));
#1846 = VECTOR('',#1847,1.);
#1847 = DIRECTION('',(0.,0.,-1.));
#1848 = PCURVE('',#753,#1849);
#1849 = DEFINITIONAL_REPRESENTATION('',(#1850),#1854);
#1850 = LINE('',#1851,#1852);
#1851 = CARTESIAN_POINT('',(6.28318530718,2.));
#1852 = VECTOR('',#1853,1.);
#1853 = DIRECTION('',(0.,1.));
#1854 = ( GEOMETRIC_REPRESENTATION_CONTEXT(2) 
PARAMETRIC_REPRESENTATION_CONTEXT() REPRESENTATION_CONTEXT('2D SPACE',''
  ) );
#1855 = PCURVE('',#1001,#1856);
#1856 = DEFINITIONAL_REPRESENTATION('',(#1857),#1861);
#1857 = LINE('',#1858,#1859);
#1858 = CARTESIAN_POINT('',(5.5,18.500000106478));
#1859 = VECTOR('',#1860,1.);
#1860 = DIRECTION('',(1.,0.));
#1861 = ( GEOMETRIC_REPRESENTATION_CONTEXT(2) 
PARAMETRIC_REPRESENTATION_CONTEXT() REPRESENTATION_CONTEXT('2D SPACE',''
  ) );
#1862 = ORIENTED_EDGE('',*,*,#738,.F.);
#1863 = ORIENTED_EDGE('',*,*,#791,.T.);
#1864 = ADVANCED_FACE('',(#1865),#858,.T.);
#1865 = FACE_BOUND('',#1866,.T.);
#1866 = EDGE_LOOP('',(#1867,#1868,#1889,#1890));
#1867 = ORIENTED_EDGE('',*,*,#1361,.F.);
#1868 = ORIENTED_EDGE('',*,*,#1869,.F.);
#1869 = EDGE_CURVE('',#842,#1339,#1870,.T.);
#1870 = SURFACE_CURVE('',#1871,(#1875,#1882),.PCURVE_S1.);
#1871 = LINE('',#1872,#1873);
#1872 = CARTESIAN_POINT('',(22.,-77.,1.395319568131E-26));
#1873 = VECTOR('',#1874,1.);
#1874 = DIRECTION('',(0.,0.,1.));
#1875 = PCURVE('',#858,#1876);
#1876 = DEFINITIONAL_REPRESENTATION('',(#1877),#1881);
#1877 = LINE('',#1878,#1879);
#1878 = CARTESIAN_POINT('',(6.28318530718,0.));
#1879 = VECTOR('',#1880,1.);
#1880 = DIRECTION('',(0.,-1.));
#1881 = ( GEOMETRIC_REPRESENTATION_CONTEXT(2) 
PARAMETRIC_REPRESENTATION_CONTEXT() REPRESENTATION_CONTEXT('2D SPACE',''
  ) );
#1882 = PCURVE('',#936,#1883);
#1883 = DEFINITIONAL_REPRESENTATION('',(#1884),#1888);
#1884 = LINE('',#1885,#1886);
#1885 = CARTESIAN_POINT('',(18.50000005459,-3.499999990221));
#1886 = VECTOR('',#1887,1.);
#1887 = DIRECTION('',(0.,1.));
#1888 = ( GEOMETRIC_REPRESENTATION_CONTEXT(2) 
PARAMETRIC_REPRESENTATION_CONTEXT() REPRESENTATION_CONTEXT('2D SPACE',''
  ) );
#1889 = ORIENTED_EDGE('',*,*,#841,.F.);
#1890 = ORIENTED_EDGE('',*,*,#1891,.T.);
#1891 = EDGE_CURVE('',#818,#1362,#1892,.T.);
#1892 = SURFACE_CURVE('',#1893,(#1897,#1904),.PCURVE_S1.);
#1893 = LINE('',#1894,#1895);
#1894 = CARTESIAN_POINT('',(27.999999787045,-83.,1.746278972548E-26));
#1895 = VECTOR('',#1896,1.);
#1896 = DIRECTION('',(0.,0.,1.));
#1897 = PCURVE('',#858,#1898);
#1898 = DEFINITIONAL_REPRESENTATION('',(#1899),#1903);
#1899 = LINE('',#1900,#1901);
#1900 = CARTESIAN_POINT('',(4.712389157847,0.));
#1901 = VECTOR('',#1902,1.);
#1902 = DIRECTION('',(0.,-1.));
#1903 = ( GEOMETRIC_REPRESENTATION_CONTEXT(2) 
PARAMETRIC_REPRESENTATION_CONTEXT() REPRESENTATION_CONTEXT('2D SPACE',''
  ) );
#1904 = PCURVE('',#1001,#1905);
#1905 = DEFINITIONAL_REPRESENTATION('',(#1906),#1910);
#1906 = LINE('',#1907,#1908);
#1907 = CARTESIAN_POINT('',(3.5,-18.50000010647));
#1908 = VECTOR('',#1909,1.);
#1909 = DIRECTION('',(-1.,0.));
#1910 = ( GEOMETRIC_REPRESENTATION_CONTEXT(2) 
PARAMETRIC_REPRESENTATION_CONTEXT() REPRESENTATION_CONTEXT('2D SPACE',''
  ) );
#1911 = ADVANCED_FACE('',(#1912),#936,.T.);
#1912 = FACE_BOUND('',#1913,.T.);
#1913 = EDGE_LOOP('',(#1914,#1915,#1916,#1917));
#1914 = ORIENTED_EDGE('',*,*,#922,.F.);
#1915 = ORIENTED_EDGE('',*,*,#1869,.T.);
#1916 = ORIENTED_EDGE('',*,*,#1338,.T.);
#1917 = ORIENTED_EDGE('',*,*,#1918,.F.);
#1918 = EDGE_CURVE('',#897,#1311,#1919,.T.);
#1919 = SURFACE_CURVE('',#1920,(#1924,#1931),.PCURVE_S1.);
#1920 = LINE('',#1921,#1922);
#1921 = CARTESIAN_POINT('',(21.999999978705,-40.,1.000000035763));
#1922 = VECTOR('',#1923,1.);
#1923 = DIRECTION('',(0.,0.,1.));
#1924 = PCURVE('',#936,#1925);
#1925 = DEFINITIONAL_REPRESENTATION('',(#1926),#1930);
#1926 = LINE('',#1927,#1928);
#1927 = CARTESIAN_POINT('',(-18.49999994541,-2.499999954458));
#1928 = VECTOR('',#1929,1.);
#1929 = DIRECTION('',(0.,1.));
#1930 = ( GEOMETRIC_REPRESENTATION_CONTEXT(2) 
PARAMETRIC_REPRESENTATION_CONTEXT() REPRESENTATION_CONTEXT('2D SPACE',''
  ) );
#1931 = PCURVE('',#969,#1932);
#1932 = DEFINITIONAL_REPRESENTATION('',(#1933),#1937);
#1933 = LINE('',#1934,#1935);
#1934 = CARTESIAN_POINT('',(4.712389122355,-1.000000035763));
#1935 = VECTOR('',#1936,1.);
#1936 = DIRECTION('',(0.,-1.));
#1937 = ( GEOMETRIC_REPRESENTATION_CONTEXT(2) 
PARAMETRIC_REPRESENTATION_CONTEXT() REPRESENTATION_CONTEXT('2D SPACE',''
  ) );
#1938 = ADVANCED_FACE('',(#1939),#969,.T.);
#1939 = FACE_BOUND('',#1940,.T.);
#1940 = EDGE_LOOP('',(#1941,#1942,#1943,#1944,#1945,#1946,#1947));
#1941 = ORIENTED_EDGE('',*,*,#1310,.T.);
#1942 = ORIENTED_EDGE('',*,*,#1286,.F.);
#1943 = ORIENTED_EDGE('',*,*,#1258,.T.);
#1944 = ORIENTED_EDGE('',*,*,#1234,.F.);
#1945 = ORIENTED_EDGE('',*,*,#1206,.F.);
#1946 = ORIENTED_EDGE('',*,*,#954,.F.);
#1947 = ORIENTED_EDGE('',*,*,#1918,.T.);
#1948 = ADVANCED_FACE('',(#1949,#1955),#1001,.T.);
#1949 = FACE_BOUND('',#1950,.T.);
#1950 = EDGE_LOOP('',(#1951,#1952,#1953,#1954));
#1951 = ORIENTED_EDGE('',*,*,#1891,.F.);
#1952 = ORIENTED_EDGE('',*,*,#987,.F.);
#1953 = ORIENTED_EDGE('',*,*,#1842,.F.);
#1954 = ORIENTED_EDGE('',*,*,#1385,.F.);
#1955 = FACE_BOUND('',#1956,.T.);
#1956 = EDGE_LOOP('',(#1957,#1988,#2016,#2045,#2073,#2102,#2130,#2159));
#1957 = ORIENTED_EDGE('',*,*,#1958,.F.);
#1958 = EDGE_CURVE('',#1959,#1961,#1963,.T.);
#1959 = VERTEX_POINT('',#1960);
#1960 = CARTESIAN_POINT('',(48.007500000005,-83.,5.18));
#1961 = VERTEX_POINT('',#1962);
#1962 = CARTESIAN_POINT('',(46.327500000005,-83.,3.5));
#1963 = SURFACE_CURVE('',#1964,(#1969,#1976),.PCURVE_S1.);
#1964 = CIRCLE('',#1965,1.68);
#1965 = AXIS2_PLACEMENT_3D('',#1966,#1967,#1968);
#1966 = CARTESIAN_POINT('',(48.007500000005,-83.,3.5));
#1967 = DIRECTION('',(0.,-1.,0.));
#1968 = DIRECTION('',(0.,0.,1.));
#1969 = PCURVE('',#1001,#1970);
#1970 = DEFINITIONAL_REPRESENTATION('',(#1971),#1975);
#1971 = CIRCLE('',#1972,1.68);
#1972 = AXIS2_PLACEMENT_2D('',#1973,#1974);
#1973 = CARTESIAN_POINT('',(0.,1.507500106483));
#1974 = DIRECTION('',(-1.,0.));
#1975 = ( GEOMETRIC_REPRESENTATION_CONTEXT(2) 
PARAMETRIC_REPRESENTATION_CONTEXT() REPRESENTATION_CONTEXT('2D SPACE',''
  ) );
#1976 = PCURVE('',#1977,#1982);
#1977 = CYLINDRICAL_SURFACE('',#1978,1.68);
#1978 = AXIS2_PLACEMENT_3D('',#1979,#1980,#1981);
#1979 = CARTESIAN_POINT('',(48.007500000005,-83.,3.5));
#1980 = DIRECTION('',(0.,-1.,0.));
#1981 = DIRECTION('',(0.,0.,1.));
#1982 = DEFINITIONAL_REPRESENTATION('',(#1983),#1987);
#1983 = LINE('',#1984,#1985);
#1984 = CARTESIAN_POINT('',(0.,0.));
#1985 = VECTOR('',#1986,1.);
#1986 = DIRECTION('',(1.,0.));
#1987 = ( GEOMETRIC_REPRESENTATION_CONTEXT(2) 
PARAMETRIC_REPRESENTATION_CONTEXT() REPRESENTATION_CONTEXT('2D SPACE',''
  ) );
#1988 = ORIENTED_EDGE('',*,*,#1989,.T.);
#1989 = EDGE_CURVE('',#1959,#1990,#1992,.T.);
#1990 = VERTEX_POINT('',#1991);
#1991 = CARTESIAN_POINT('',(54.387499999995,-83.,5.18));
#1992 = SURFACE_CURVE('',#1993,(#1997,#2004),.PCURVE_S1.);
#1993 = LINE('',#1994,#1995);
#1994 = CARTESIAN_POINT('',(48.007500000005,-83.,5.18));
#1995 = VECTOR('',#1996,1.);
#1996 = DIRECTION('',(1.,0.,-6.960645922426E-16));
#1997 = PCURVE('',#1001,#1998);
#1998 = DEFINITIONAL_REPRESENTATION('',(#1999),#2003);
#1999 = LINE('',#2000,#2001);
#2000 = CARTESIAN_POINT('',(-1.68,1.507500106483));
#2001 = VECTOR('',#2002,1.);
#2002 = DIRECTION('',(6.960645922426E-16,1.));
#2003 = ( GEOMETRIC_REPRESENTATION_CONTEXT(2) 
PARAMETRIC_REPRESENTATION_CONTEXT() REPRESENTATION_CONTEXT('2D SPACE',''
  ) );
#2004 = PCURVE('',#2005,#2010);
#2005 = PLANE('',#2006);
#2006 = AXIS2_PLACEMENT_3D('',#2007,#2008,#2009);
#2007 = CARTESIAN_POINT('',(48.007500000005,-83.,5.18));
#2008 = DIRECTION('',(-6.960645922426E-16,0.,-1.));
#2009 = DIRECTION('',(1.,0.,-6.960645922426E-16));
#2010 = DEFINITIONAL_REPRESENTATION('',(#2011),#2015);
#2011 = LINE('',#2012,#2013);
#2012 = CARTESIAN_POINT('',(0.,0.));
#2013 = VECTOR('',#2014,1.);
#2014 = DIRECTION('',(1.,0.));
#2015 = ( GEOMETRIC_REPRESENTATION_CONTEXT(2) 
PARAMETRIC_REPRESENTATION_CONTEXT() REPRESENTATION_CONTEXT('2D SPACE',''
  ) );
#2016 = ORIENTED_EDGE('',*,*,#2017,.F.);
#2017 = EDGE_CURVE('',#2018,#1990,#2020,.T.);
#2018 = VERTEX_POINT('',#2019);
#2019 = CARTESIAN_POINT('',(56.067499999995,-83.,3.5));
#2020 = SURFACE_CURVE('',#2021,(#2026,#2033),.PCURVE_S1.);
#2021 = CIRCLE('',#2022,1.68);
#2022 = AXIS2_PLACEMENT_3D('',#2023,#2024,#2025);
#2023 = CARTESIAN_POINT('',(54.387499999995,-83.,3.5));
#2024 = DIRECTION('',(0.,-1.,0.));
#2025 = DIRECTION('',(1.,0.,-6.608470384674E-16));
#2026 = PCURVE('',#1001,#2027);
#2027 = DEFINITIONAL_REPRESENTATION('',(#2028),#2032);
#2028 = CIRCLE('',#2029,1.68);
#2029 = AXIS2_PLACEMENT_2D('',#2030,#2031);
#2030 = CARTESIAN_POINT('',(0.,7.887500106473));
#2031 = DIRECTION('',(6.608470384674E-16,1.));
#2032 = ( GEOMETRIC_REPRESENTATION_CONTEXT(2) 
PARAMETRIC_REPRESENTATION_CONTEXT() REPRESENTATION_CONTEXT('2D SPACE',''
  ) );
#2033 = PCURVE('',#2034,#2039);
#2034 = CYLINDRICAL_SURFACE('',#2035,1.68);
#2035 = AXIS2_PLACEMENT_3D('',#2036,#2037,#2038);
#2036 = CARTESIAN_POINT('',(54.387499999995,-83.,3.5));
#2037 = DIRECTION('',(0.,-1.,0.));
#2038 = DIRECTION('',(1.,0.,-6.608470384674E-16));
#2039 = DEFINITIONAL_REPRESENTATION('',(#2040),#2044);
#2040 = LINE('',#2041,#2042);
#2041 = CARTESIAN_POINT('',(0.,0.));
#2042 = VECTOR('',#2043,1.);
#2043 = DIRECTION('',(1.,0.));
#2044 = ( GEOMETRIC_REPRESENTATION_CONTEXT(2) 
PARAMETRIC_REPRESENTATION_CONTEXT() REPRESENTATION_CONTEXT('2D SPACE',''
  ) );
#2045 = ORIENTED_EDGE('',*,*,#2046,.T.);
#2046 = EDGE_CURVE('',#2018,#2047,#2049,.T.);
#2047 = VERTEX_POINT('',#2048);
#2048 = CARTESIAN_POINT('',(56.067499999995,-83.,2.89999999999));
#2049 = SURFACE_CURVE('',#2050,(#2054,#2061),.PCURVE_S1.);
#2050 = LINE('',#2051,#2052);
#2051 = CARTESIAN_POINT('',(56.067499999995,-83.,3.5));
#2052 = VECTOR('',#2053,1.);
#2053 = DIRECTION('',(0.,0.,-1.));
#2054 = PCURVE('',#1001,#2055);
#2055 = DEFINITIONAL_REPRESENTATION('',(#2056),#2060);
#2056 = LINE('',#2057,#2058);
#2057 = CARTESIAN_POINT('',(0.,9.567500106473));
#2058 = VECTOR('',#2059,1.);
#2059 = DIRECTION('',(1.,0.));
#2060 = ( GEOMETRIC_REPRESENTATION_CONTEXT(2) 
PARAMETRIC_REPRESENTATION_CONTEXT() REPRESENTATION_CONTEXT('2D SPACE',''
  ) );
#2061 = PCURVE('',#2062,#2067);
#2062 = PLANE('',#2063);
#2063 = AXIS2_PLACEMENT_3D('',#2064,#2065,#2066);
#2064 = CARTESIAN_POINT('',(56.067499999995,-83.,3.5));
#2065 = DIRECTION('',(-1.,0.,0.));
#2066 = DIRECTION('',(0.,0.,-1.));
#2067 = DEFINITIONAL_REPRESENTATION('',(#2068),#2072);
#2068 = LINE('',#2069,#2070);
#2069 = CARTESIAN_POINT('',(0.,-0.));
#2070 = VECTOR('',#2071,1.);
#2071 = DIRECTION('',(1.,0.));
#2072 = ( GEOMETRIC_REPRESENTATION_CONTEXT(2) 
PARAMETRIC_REPRESENTATION_CONTEXT() REPRESENTATION_CONTEXT('2D SPACE',''
  ) );
#2073 = ORIENTED_EDGE('',*,*,#2074,.F.);
#2074 = EDGE_CURVE('',#2075,#2047,#2077,.T.);
#2075 = VERTEX_POINT('',#2076);
#2076 = CARTESIAN_POINT('',(54.387499999995,-83.,1.21999999999));
#2077 = SURFACE_CURVE('',#2078,(#2083,#2090),.PCURVE_S1.);
#2078 = CIRCLE('',#2079,1.68);
#2079 = AXIS2_PLACEMENT_3D('',#2080,#2081,#2082);
#2080 = CARTESIAN_POINT('',(54.387499999995,-83.,2.89999999999));
#2081 = DIRECTION('',(0.,-1.,0.));
#2082 = DIRECTION('',(0.,0.,-1.));
#2083 = PCURVE('',#1001,#2084);
#2084 = DEFINITIONAL_REPRESENTATION('',(#2085),#2089);
#2085 = CIRCLE('',#2086,1.68);
#2086 = AXIS2_PLACEMENT_2D('',#2087,#2088);
#2087 = CARTESIAN_POINT('',(0.60000000001,7.887500106473));
#2088 = DIRECTION('',(1.,0.));
#2089 = ( GEOMETRIC_REPRESENTATION_CONTEXT(2) 
PARAMETRIC_REPRESENTATION_CONTEXT() REPRESENTATION_CONTEXT('2D SPACE',''
  ) );
#2090 = PCURVE('',#2091,#2096);
#2091 = CYLINDRICAL_SURFACE('',#2092,1.68);
#2092 = AXIS2_PLACEMENT_3D('',#2093,#2094,#2095);
#2093 = CARTESIAN_POINT('',(54.387499999995,-83.,2.89999999999));
#2094 = DIRECTION('',(0.,-1.,0.));
#2095 = DIRECTION('',(0.,0.,-1.));
#2096 = DEFINITIONAL_REPRESENTATION('',(#2097),#2101);
#2097 = LINE('',#2098,#2099);
#2098 = CARTESIAN_POINT('',(0.,0.));
#2099 = VECTOR('',#2100,1.);
#2100 = DIRECTION('',(1.,0.));
#2101 = ( GEOMETRIC_REPRESENTATION_CONTEXT(2) 
PARAMETRIC_REPRESENTATION_CONTEXT() REPRESENTATION_CONTEXT('2D SPACE',''
  ) );
#2102 = ORIENTED_EDGE('',*,*,#2103,.T.);
#2103 = EDGE_CURVE('',#2075,#2104,#2106,.T.);
#2104 = VERTEX_POINT('',#2105);
#2105 = CARTESIAN_POINT('',(48.007500000005,-83.,1.21999999999));
#2106 = SURFACE_CURVE('',#2107,(#2111,#2118),.PCURVE_S1.);
#2107 = LINE('',#2108,#2109);
#2108 = CARTESIAN_POINT('',(54.387499999995,-83.,1.21999999999));
#2109 = VECTOR('',#2110,1.);
#2110 = DIRECTION('',(-1.,0.,6.960645922426E-16));
#2111 = PCURVE('',#1001,#2112);
#2112 = DEFINITIONAL_REPRESENTATION('',(#2113),#2117);
#2113 = LINE('',#2114,#2115);
#2114 = CARTESIAN_POINT('',(2.28000000001,7.887500106473));
#2115 = VECTOR('',#2116,1.);
#2116 = DIRECTION('',(-6.960645922426E-16,-1.));
#2117 = ( GEOMETRIC_REPRESENTATION_CONTEXT(2) 
PARAMETRIC_REPRESENTATION_CONTEXT() REPRESENTATION_CONTEXT('2D SPACE',''
  ) );
#2118 = PCURVE('',#2119,#2124);
#2119 = PLANE('',#2120);
#2120 = AXIS2_PLACEMENT_3D('',#2121,#2122,#2123);
#2121 = CARTESIAN_POINT('',(54.387499999995,-83.,1.21999999999));
#2122 = DIRECTION('',(6.960645922426E-16,0.,1.));
#2123 = DIRECTION('',(-1.,0.,6.960645922426E-16));
#2124 = DEFINITIONAL_REPRESENTATION('',(#2125),#2129);
#2125 = LINE('',#2126,#2127);
#2126 = CARTESIAN_POINT('',(0.,0.));
#2127 = VECTOR('',#2128,1.);
#2128 = DIRECTION('',(1.,0.));
#2129 = ( GEOMETRIC_REPRESENTATION_CONTEXT(2) 
PARAMETRIC_REPRESENTATION_CONTEXT() REPRESENTATION_CONTEXT('2D SPACE',''
  ) );
#2130 = ORIENTED_EDGE('',*,*,#2131,.F.);
#2131 = EDGE_CURVE('',#2132,#2104,#2134,.T.);
#2132 = VERTEX_POINT('',#2133);
#2133 = CARTESIAN_POINT('',(46.327500000005,-83.,2.89999999999));
#2134 = SURFACE_CURVE('',#2135,(#2140,#2147),.PCURVE_S1.);
#2135 = CIRCLE('',#2136,1.68);
#2136 = AXIS2_PLACEMENT_3D('',#2137,#2138,#2139);
#2137 = CARTESIAN_POINT('',(48.007500000005,-83.,2.89999999999));
#2138 = DIRECTION('',(0.,-1.,0.));
#2139 = DIRECTION('',(-1.,0.,6.608470384674E-16));
#2140 = PCURVE('',#1001,#2141);
#2141 = DEFINITIONAL_REPRESENTATION('',(#2142),#2146);
#2142 = CIRCLE('',#2143,1.68);
#2143 = AXIS2_PLACEMENT_2D('',#2144,#2145);
#2144 = CARTESIAN_POINT('',(0.60000000001,1.507500106483));
#2145 = DIRECTION('',(-6.608470384674E-16,-1.));
#2146 = ( GEOMETRIC_REPRESENTATION_CONTEXT(2) 
PARAMETRIC_REPRESENTATION_CONTEXT() REPRESENTATION_CONTEXT('2D SPACE',''
  ) );
#2147 = PCURVE('',#2148,#2153);
#2148 = CYLINDRICAL_SURFACE('',#2149,1.68);
#2149 = AXIS2_PLACEMENT_3D('',#2150,#2151,#2152);
#2150 = CARTESIAN_POINT('',(48.007500000005,-83.,2.89999999999));
#2151 = DIRECTION('',(0.,-1.,0.));
#2152 = DIRECTION('',(-1.,0.,6.608470384674E-16));
#2153 = DEFINITIONAL_REPRESENTATION('',(#2154),#2158);
#2154 = LINE('',#2155,#2156);
#2155 = CARTESIAN_POINT('',(0.,0.));
#2156 = VECTOR('',#2157,1.);
#2157 = DIRECTION('',(1.,0.));
#2158 = ( GEOMETRIC_REPRESENTATION_CONTEXT(2) 
PARAMETRIC_REPRESENTATION_CONTEXT() REPRESENTATION_CONTEXT('2D SPACE',''
  ) );
#2159 = ORIENTED_EDGE('',*,*,#2160,.T.);
#2160 = EDGE_CURVE('',#2132,#1961,#2161,.T.);
#2161 = SURFACE_CURVE('',#2162,(#2166,#2173),.PCURVE_S1.);
#2162 = LINE('',#2163,#2164);
#2163 = CARTESIAN_POINT('',(46.327500000005,-83.,2.89999999999));
#2164 = VECTOR('',#2165,1.);
#2165 = DIRECTION('',(0.,0.,1.));
#2166 = PCURVE('',#1001,#2167);
#2167 = DEFINITIONAL_REPRESENTATION('',(#2168),#2172);
#2168 = LINE('',#2169,#2170);
#2169 = CARTESIAN_POINT('',(0.60000000001,-0.172499893517));
#2170 = VECTOR('',#2171,1.);
#2171 = DIRECTION('',(-1.,0.));
#2172 = ( GEOMETRIC_REPRESENTATION_CONTEXT(2) 
PARAMETRIC_REPRESENTATION_CONTEXT() REPRESENTATION_CONTEXT('2D SPACE',''
  ) );
#2173 = PCURVE('',#2174,#2179);
#2174 = PLANE('',#2175);
#2175 = AXIS2_PLACEMENT_3D('',#2176,#2177,#2178);
#2176 = CARTESIAN_POINT('',(46.327500000005,-83.,2.89999999999));
#2177 = DIRECTION('',(1.,0.,0.));
#2178 = DIRECTION('',(0.,0.,1.));
#2179 = DEFINITIONAL_REPRESENTATION('',(#2180),#2184);
#2180 = LINE('',#2181,#2182);
#2181 = CARTESIAN_POINT('',(0.,0.));
#2182 = VECTOR('',#2183,1.);
#2183 = DIRECTION('',(1.,0.));
#2184 = ( GEOMETRIC_REPRESENTATION_CONTEXT(2) 
PARAMETRIC_REPRESENTATION_CONTEXT() REPRESENTATION_CONTEXT('2D SPACE',''
  ) );
#2185 = ADVANCED_FACE('',(#2186),#1056,.F.);
#2186 = FACE_BOUND('',#2187,.F.);
#2187 = EDGE_LOOP('',(#2188,#2219,#2240,#2241,#2242));
#2188 = ORIENTED_EDGE('',*,*,#2189,.T.);
#2189 = EDGE_CURVE('',#2190,#2192,#2194,.T.);
#2190 = VERTEX_POINT('',#2191);
#2191 = CARTESIAN_POINT('',(67.,-58.5,-1.3));
#2192 = VERTEX_POINT('',#2193);
#2193 = CARTESIAN_POINT('',(63.,-58.5,-1.3));
#2194 = SURFACE_CURVE('',#2195,(#2200,#2207),.PCURVE_S1.);
#2195 = CIRCLE('',#2196,2.);
#2196 = AXIS2_PLACEMENT_3D('',#2197,#2198,#2199);
#2197 = CARTESIAN_POINT('',(65.,-58.5,-1.3));
#2198 = DIRECTION('',(0.,0.,-1.));
#2199 = DIRECTION('',(1.,0.,0.));
#2200 = PCURVE('',#1056,#2201);
#2201 = DEFINITIONAL_REPRESENTATION('',(#2202),#2206);
#2202 = LINE('',#2203,#2204);
#2203 = CARTESIAN_POINT('',(0.,1.7));
#2204 = VECTOR('',#2205,1.);
#2205 = DIRECTION('',(-1.,0.));
#2206 = ( GEOMETRIC_REPRESENTATION_CONTEXT(2) 
PARAMETRIC_REPRESENTATION_CONTEXT() REPRESENTATION_CONTEXT('2D SPACE',''
  ) );
#2207 = PCURVE('',#2208,#2213);
#2208 = TOROIDAL_SURFACE('',#2209,1.7,0.3);
#2209 = AXIS2_PLACEMENT_3D('',#2210,#2211,#2212);
#2210 = CARTESIAN_POINT('',(65.,-58.5,-1.3));
#2211 = DIRECTION('',(0.,0.,-1.));
#2212 = DIRECTION('',(-1.,0.,0.));
#2213 = DEFINITIONAL_REPRESENTATION('',(#2214),#2218);
#2214 = LINE('',#2215,#2216);
#2215 = CARTESIAN_POINT('',(-3.14159265359,6.28318530718));
#2216 = VECTOR('',#2217,1.);
#2217 = DIRECTION('',(1.,0.));
#2218 = ( GEOMETRIC_REPRESENTATION_CONTEXT(2) 
PARAMETRIC_REPRESENTATION_CONTEXT() REPRESENTATION_CONTEXT('2D SPACE',''
  ) );
#2219 = ORIENTED_EDGE('',*,*,#2220,.T.);
#2220 = EDGE_CURVE('',#2192,#1017,#2221,.T.);
#2221 = SEAM_CURVE('',#2222,(#2226,#2233),.PCURVE_S1.);
#2222 = LINE('',#2223,#2224);
#2223 = CARTESIAN_POINT('',(63.,-58.5,-3.));
#2224 = VECTOR('',#2225,1.);
#2225 = DIRECTION('',(0.,0.,-1.));
#2226 = PCURVE('',#1056,#2227);
#2227 = DEFINITIONAL_REPRESENTATION('',(#2228),#2232);
#2228 = LINE('',#2229,#2230);
#2229 = CARTESIAN_POINT('',(-3.14159265359,0.));
#2230 = VECTOR('',#2231,1.);
#2231 = DIRECTION('',(0.,-1.));
#2232 = ( GEOMETRIC_REPRESENTATION_CONTEXT(2) 
PARAMETRIC_REPRESENTATION_CONTEXT() REPRESENTATION_CONTEXT('2D SPACE',''
  ) );
#2233 = PCURVE('',#1056,#2234);
#2234 = DEFINITIONAL_REPRESENTATION('',(#2235),#2239);
#2235 = LINE('',#2236,#2237);
#2236 = CARTESIAN_POINT('',(3.14159265359,0.));
#2237 = VECTOR('',#2238,1.);
#2238 = DIRECTION('',(0.,-1.));
#2239 = ( GEOMETRIC_REPRESENTATION_CONTEXT(2) 
PARAMETRIC_REPRESENTATION_CONTEXT() REPRESENTATION_CONTEXT('2D SPACE',''
  ) );
#2240 = ORIENTED_EDGE('',*,*,#1041,.T.);
#2241 = ORIENTED_EDGE('',*,*,#2220,.F.);
#2242 = ORIENTED_EDGE('',*,*,#2243,.T.);
#2243 = EDGE_CURVE('',#2192,#2190,#2244,.T.);
#2244 = SURFACE_CURVE('',#2245,(#2250,#2257),.PCURVE_S1.);
#2245 = CIRCLE('',#2246,2.);
#2246 = AXIS2_PLACEMENT_3D('',#2247,#2248,#2249);
#2247 = CARTESIAN_POINT('',(65.,-58.5,-1.3));
#2248 = DIRECTION('',(0.,0.,-1.));
#2249 = DIRECTION('',(1.,0.,0.));
#2250 = PCURVE('',#1056,#2251);
#2251 = DEFINITIONAL_REPRESENTATION('',(#2252),#2256);
#2252 = LINE('',#2253,#2254);
#2253 = CARTESIAN_POINT('',(6.28318530718,1.7));
#2254 = VECTOR('',#2255,1.);
#2255 = DIRECTION('',(-1.,0.));
#2256 = ( GEOMETRIC_REPRESENTATION_CONTEXT(2) 
PARAMETRIC_REPRESENTATION_CONTEXT() REPRESENTATION_CONTEXT('2D SPACE',''
  ) );
#2257 = PCURVE('',#2208,#2258);
#2258 = DEFINITIONAL_REPRESENTATION('',(#2259),#2263);
#2259 = LINE('',#2260,#2261);
#2260 = CARTESIAN_POINT('',(-3.14159265359,6.28318530718));
#2261 = VECTOR('',#2262,1.);
#2262 = DIRECTION('',(1.,0.));
#2263 = ( GEOMETRIC_REPRESENTATION_CONTEXT(2) 
PARAMETRIC_REPRESENTATION_CONTEXT() REPRESENTATION_CONTEXT('2D SPACE',''
  ) );
#2264 = ADVANCED_FACE('',(#2265),#1111,.F.);
#2265 = FACE_BOUND('',#2266,.F.);
#2266 = EDGE_LOOP('',(#2267,#2298,#2319,#2320,#2321));
#2267 = ORIENTED_EDGE('',*,*,#2268,.T.);
#2268 = EDGE_CURVE('',#2269,#2271,#2273,.T.);
#2269 = VERTEX_POINT('',#2270);
#2270 = CARTESIAN_POINT('',(48.5,-40.,-1.3));
#2271 = VERTEX_POINT('',#2272);
#2272 = CARTESIAN_POINT('',(44.5,-40.,-1.3));
#2273 = SURFACE_CURVE('',#2274,(#2279,#2286),.PCURVE_S1.);
#2274 = CIRCLE('',#2275,2.);
#2275 = AXIS2_PLACEMENT_3D('',#2276,#2277,#2278);
#2276 = CARTESIAN_POINT('',(46.5,-40.,-1.3));
#2277 = DIRECTION('',(0.,0.,-1.));
#2278 = DIRECTION('',(1.,0.,0.));
#2279 = PCURVE('',#1111,#2280);
#2280 = DEFINITIONAL_REPRESENTATION('',(#2281),#2285);
#2281 = LINE('',#2282,#2283);
#2282 = CARTESIAN_POINT('',(0.,1.7));
#2283 = VECTOR('',#2284,1.);
#2284 = DIRECTION('',(-1.,0.));
#2285 = ( GEOMETRIC_REPRESENTATION_CONTEXT(2) 
PARAMETRIC_REPRESENTATION_CONTEXT() REPRESENTATION_CONTEXT('2D SPACE',''
  ) );
#2286 = PCURVE('',#2287,#2292);
#2287 = TOROIDAL_SURFACE('',#2288,1.7,0.3);
#2288 = AXIS2_PLACEMENT_3D('',#2289,#2290,#2291);
#2289 = CARTESIAN_POINT('',(46.5,-40.,-1.3));
#2290 = DIRECTION('',(0.,0.,-1.));
#2291 = DIRECTION('',(-1.,0.,0.));
#2292 = DEFINITIONAL_REPRESENTATION('',(#2293),#2297);
#2293 = LINE('',#2294,#2295);
#2294 = CARTESIAN_POINT('',(-3.14159265359,6.28318530718));
#2295 = VECTOR('',#2296,1.);
#2296 = DIRECTION('',(1.,0.));
#2297 = ( GEOMETRIC_REPRESENTATION_CONTEXT(2) 
PARAMETRIC_REPRESENTATION_CONTEXT() REPRESENTATION_CONTEXT('2D SPACE',''
  ) );
#2298 = ORIENTED_EDGE('',*,*,#2299,.T.);
#2299 = EDGE_CURVE('',#2271,#1072,#2300,.T.);
#2300 = SEAM_CURVE('',#2301,(#2305,#2312),.PCURVE_S1.);
#2301 = LINE('',#2302,#2303);
#2302 = CARTESIAN_POINT('',(44.5,-40.,-3.));
#2303 = VECTOR('',#2304,1.);
#2304 = DIRECTION('',(0.,0.,-1.));
#2305 = PCURVE('',#1111,#2306);
#2306 = DEFINITIONAL_REPRESENTATION('',(#2307),#2311);
#2307 = LINE('',#2308,#2309);
#2308 = CARTESIAN_POINT('',(-3.14159265359,0.));
#2309 = VECTOR('',#2310,1.);
#2310 = DIRECTION('',(0.,-1.));
#2311 = ( GEOMETRIC_REPRESENTATION_CONTEXT(2) 
PARAMETRIC_REPRESENTATION_CONTEXT() REPRESENTATION_CONTEXT('2D SPACE',''
  ) );
#2312 = PCURVE('',#1111,#2313);
#2313 = DEFINITIONAL_REPRESENTATION('',(#2314),#2318);
#2314 = LINE('',#2315,#2316);
#2315 = CARTESIAN_POINT('',(3.14159265359,0.));
#2316 = VECTOR('',#2317,1.);
#2317 = DIRECTION('',(0.,-1.));
#2318 = ( GEOMETRIC_REPRESENTATION_CONTEXT(2) 
PARAMETRIC_REPRESENTATION_CONTEXT() REPRESENTATION_CONTEXT('2D SPACE',''
  ) );
#2319 = ORIENTED_EDGE('',*,*,#1096,.T.);
#2320 = ORIENTED_EDGE('',*,*,#2299,.F.);
#2321 = ORIENTED_EDGE('',*,*,#2322,.T.);
#2322 = EDGE_CURVE('',#2271,#2269,#2323,.T.);
#2323 = SURFACE_CURVE('',#2324,(#2329,#2336),.PCURVE_S1.);
#2324 = CIRCLE('',#2325,2.);
#2325 = AXIS2_PLACEMENT_3D('',#2326,#2327,#2328);
#2326 = CARTESIAN_POINT('',(46.5,-40.,-1.3));
#2327 = DIRECTION('',(0.,0.,-1.));
#2328 = DIRECTION('',(1.,0.,0.));
#2329 = PCURVE('',#1111,#2330);
#2330 = DEFINITIONAL_REPRESENTATION('',(#2331),#2335);
#2331 = LINE('',#2332,#2333);
#2332 = CARTESIAN_POINT('',(6.28318530718,1.7));
#2333 = VECTOR('',#2334,1.);
#2334 = DIRECTION('',(-1.,0.));
#2335 = ( GEOMETRIC_REPRESENTATION_CONTEXT(2) 
PARAMETRIC_REPRESENTATION_CONTEXT() REPRESENTATION_CONTEXT('2D SPACE',''
  ) );
#2336 = PCURVE('',#2287,#2337);
#2337 = DEFINITIONAL_REPRESENTATION('',(#2338),#2342);
#2338 = LINE('',#2339,#2340);
#2339 = CARTESIAN_POINT('',(-3.14159265359,6.28318530718));
#2340 = VECTOR('',#2341,1.);
#2341 = DIRECTION('',(1.,0.));
#2342 = ( GEOMETRIC_REPRESENTATION_CONTEXT(2) 
PARAMETRIC_REPRESENTATION_CONTEXT() REPRESENTATION_CONTEXT('2D SPACE',''
  ) );
#2343 = ADVANCED_FACE('',(#2344),#1166,.F.);
#2344 = FACE_BOUND('',#2345,.F.);
#2345 = EDGE_LOOP('',(#2346,#2377,#2398,#2399,#2400));
#2346 = ORIENTED_EDGE('',*,*,#2347,.T.);
#2347 = EDGE_CURVE('',#2348,#2350,#2352,.T.);
#2348 = VERTEX_POINT('',#2349);
#2349 = CARTESIAN_POINT('',(30.00000042591,-76.99999957409,-1.3));
#2350 = VERTEX_POINT('',#2351);
#2351 = CARTESIAN_POINT('',(26.00000042591,-76.99999957409,-1.3));
#2352 = SURFACE_CURVE('',#2353,(#2358,#2365),.PCURVE_S1.);
#2353 = CIRCLE('',#2354,2.);
#2354 = AXIS2_PLACEMENT_3D('',#2355,#2356,#2357);
#2355 = CARTESIAN_POINT('',(28.00000042591,-76.99999957409,-1.3));
#2356 = DIRECTION('',(0.,0.,-1.));
#2357 = DIRECTION('',(1.,0.,0.));
#2358 = PCURVE('',#1166,#2359);
#2359 = DEFINITIONAL_REPRESENTATION('',(#2360),#2364);
#2360 = LINE('',#2361,#2362);
#2361 = CARTESIAN_POINT('',(0.,1.7));
#2362 = VECTOR('',#2363,1.);
#2363 = DIRECTION('',(-1.,0.));
#2364 = ( GEOMETRIC_REPRESENTATION_CONTEXT(2) 
PARAMETRIC_REPRESENTATION_CONTEXT() REPRESENTATION_CONTEXT('2D SPACE',''
  ) );
#2365 = PCURVE('',#2366,#2371);
#2366 = TOROIDAL_SURFACE('',#2367,1.7,0.3);
#2367 = AXIS2_PLACEMENT_3D('',#2368,#2369,#2370);
#2368 = CARTESIAN_POINT('',(28.00000042591,-76.99999957409,-1.3));
#2369 = DIRECTION('',(0.,0.,-1.));
#2370 = DIRECTION('',(-1.,0.,0.));
#2371 = DEFINITIONAL_REPRESENTATION('',(#2372),#2376);
#2372 = LINE('',#2373,#2374);
#2373 = CARTESIAN_POINT('',(-3.14159265359,6.28318530718));
#2374 = VECTOR('',#2375,1.);
#2375 = DIRECTION('',(1.,0.));
#2376 = ( GEOMETRIC_REPRESENTATION_CONTEXT(2) 
PARAMETRIC_REPRESENTATION_CONTEXT() REPRESENTATION_CONTEXT('2D SPACE',''
  ) );
#2377 = ORIENTED_EDGE('',*,*,#2378,.T.);
#2378 = EDGE_CURVE('',#2350,#1127,#2379,.T.);
#2379 = SEAM_CURVE('',#2380,(#2384,#2391),.PCURVE_S1.);
#2380 = LINE('',#2381,#2382);
#2381 = CARTESIAN_POINT('',(26.00000042591,-76.99999957409,-3.));
#2382 = VECTOR('',#2383,1.);
#2383 = DIRECTION('',(0.,0.,-1.));
#2384 = PCURVE('',#1166,#2385);
#2385 = DEFINITIONAL_REPRESENTATION('',(#2386),#2390);
#2386 = LINE('',#2387,#2388);
#2387 = CARTESIAN_POINT('',(-3.14159265359,0.));
#2388 = VECTOR('',#2389,1.);
#2389 = DIRECTION('',(0.,-1.));
#2390 = ( GEOMETRIC_REPRESENTATION_CONTEXT(2) 
PARAMETRIC_REPRESENTATION_CONTEXT() REPRESENTATION_CONTEXT('2D SPACE',''
  ) );
#2391 = PCURVE('',#1166,#2392);
#2392 = DEFINITIONAL_REPRESENTATION('',(#2393),#2397);
#2393 = LINE('',#2394,#2395);
#2394 = CARTESIAN_POINT('',(3.14159265359,0.));
#2395 = VECTOR('',#2396,1.);
#2396 = DIRECTION('',(0.,-1.));
#2397 = ( GEOMETRIC_REPRESENTATION_CONTEXT(2) 
PARAMETRIC_REPRESENTATION_CONTEXT() REPRESENTATION_CONTEXT('2D SPACE',''
  ) );
#2398 = ORIENTED_EDGE('',*,*,#1151,.T.);
#2399 = ORIENTED_EDGE('',*,*,#2378,.F.);
#2400 = ORIENTED_EDGE('',*,*,#2401,.T.);
#2401 = EDGE_CURVE('',#2350,#2348,#2402,.T.);
#2402 = SURFACE_CURVE('',#2403,(#2408,#2415),.PCURVE_S1.);
#2403 = CIRCLE('',#2404,2.);
#2404 = AXIS2_PLACEMENT_3D('',#2405,#2406,#2407);
#2405 = CARTESIAN_POINT('',(28.00000042591,-76.99999957409,-1.3));
#2406 = DIRECTION('',(0.,0.,-1.));
#2407 = DIRECTION('',(1.,0.,0.));
#2408 = PCURVE('',#1166,#2409);
#2409 = DEFINITIONAL_REPRESENTATION('',(#2410),#2414);
#2410 = LINE('',#2411,#2412);
#2411 = CARTESIAN_POINT('',(6.28318530718,1.7));
#2412 = VECTOR('',#2413,1.);
#2413 = DIRECTION('',(-1.,0.));
#2414 = ( GEOMETRIC_REPRESENTATION_CONTEXT(2) 
PARAMETRIC_REPRESENTATION_CONTEXT() REPRESENTATION_CONTEXT('2D SPACE',''
  ) );
#2415 = PCURVE('',#2366,#2416);
#2416 = DEFINITIONAL_REPRESENTATION('',(#2417),#2421);
#2417 = LINE('',#2418,#2419);
#2418 = CARTESIAN_POINT('',(-3.14159265359,6.28318530718));
#2419 = VECTOR('',#2420,1.);
#2420 = DIRECTION('',(1.,0.));
#2421 = ( GEOMETRIC_REPRESENTATION_CONTEXT(2) 
PARAMETRIC_REPRESENTATION_CONTEXT() REPRESENTATION_CONTEXT('2D SPACE',''
  ) );
#2422 = ADVANCED_FACE('',(#2423),#1453,.F.);
#2423 = FACE_BOUND('',#2424,.F.);
#2424 = EDGE_LOOP('',(#2425,#2448,#2481,#2502,#2503,#2504,#2505));
#2425 = ORIENTED_EDGE('',*,*,#2426,.F.);
#2426 = EDGE_CURVE('',#2427,#1466,#2429,.T.);
#2427 = VERTEX_POINT('',#2428);
#2428 = CARTESIAN_POINT('',(69.4,-39.9999999787,0.));
#2429 = SURFACE_CURVE('',#2430,(#2434,#2441),.PCURVE_S1.);
#2430 = LINE('',#2431,#2432);
#2431 = CARTESIAN_POINT('',(69.4,-40.00000011357,1.000000035763));
#2432 = VECTOR('',#2433,1.);
#2433 = DIRECTION('',(0.,0.,1.));
#2434 = PCURVE('',#1453,#2435);
#2435 = DEFINITIONAL_REPRESENTATION('',(#2436),#2440);
#2436 = LINE('',#2437,#2438);
#2437 = CARTESIAN_POINT('',(6.283185337832,7.999999964237));
#2438 = VECTOR('',#2439,1.);
#2439 = DIRECTION('',(0.,-1.));
#2440 = ( GEOMETRIC_REPRESENTATION_CONTEXT(2) 
PARAMETRIC_REPRESENTATION_CONTEXT() REPRESENTATION_CONTEXT('2D SPACE',''
  ) );
#2441 = PCURVE('',#1509,#2442);
#2442 = DEFINITIONAL_REPRESENTATION('',(#2443),#2447);
#2443 = LINE('',#2444,#2445);
#2444 = CARTESIAN_POINT('',(3.499999959778,-18.49999991758));
#2445 = VECTOR('',#2446,1.);
#2446 = DIRECTION('',(-1.,0.));
#2447 = ( GEOMETRIC_REPRESENTATION_CONTEXT(2) 
PARAMETRIC_REPRESENTATION_CONTEXT() REPRESENTATION_CONTEXT('2D SPACE',''
  ) );
#2448 = ORIENTED_EDGE('',*,*,#2449,.F.);
#2449 = EDGE_CURVE('',#2450,#2427,#2452,.T.);
#2450 = VERTEX_POINT('',#2451);
#2451 = CARTESIAN_POINT('',(65.000000020281,-35.6,0.));
#2452 = SURFACE_CURVE('',#2453,(#2458,#2465),.PCURVE_S1.);
#2453 = CIRCLE('',#2454,4.40000042591);
#2454 = AXIS2_PLACEMENT_3D('',#2455,#2456,#2457);
#2455 = CARTESIAN_POINT('',(64.99999957409,-40.00000042591,0.));
#2456 = DIRECTION('',(0.,0.,-1.));
#2457 = DIRECTION('',(1.,1.016376036387E-07,0.));
#2458 = PCURVE('',#1453,#2459);
#2459 = DEFINITIONAL_REPRESENTATION('',(#2460),#2464);
#2460 = LINE('',#2461,#2462);
#2461 = CARTESIAN_POINT('',(-8.881784197001E-16,9.));
#2462 = VECTOR('',#2463,1.);
#2463 = DIRECTION('',(1.,0.));
#2464 = ( GEOMETRIC_REPRESENTATION_CONTEXT(2) 
PARAMETRIC_REPRESENTATION_CONTEXT() REPRESENTATION_CONTEXT('2D SPACE',''
  ) );
#2465 = PCURVE('',#2466,#2471);
#2466 = PLANE('',#2467);
#2467 = AXIS2_PLACEMENT_3D('',#2468,#2469,#2470);
#2468 = CARTESIAN_POINT('',(46.5,-58.5,0.));
#2469 = DIRECTION('',(0.,0.,1.));
#2470 = DIRECTION('',(1.,0.,0.));
#2471 = DEFINITIONAL_REPRESENTATION('',(#2472),#2480);
#2472 = ( BOUNDED_CURVE() B_SPLINE_CURVE(2,(#2473,#2474,#2475,#2476,
#2477,#2478,#2479),.UNSPECIFIED.,.T.,.F.) B_SPLINE_CURVE_WITH_KNOTS((1,2
    ,2,2,2,1),(-2.094395102393,0.,2.094395102393,4.188790204786,
6.28318530718,8.377580409573),.UNSPECIFIED.) CURVE() 
GEOMETRIC_REPRESENTATION_ITEM() RATIONAL_B_SPLINE_CURVE((1.,0.5,1.,0.5,
1.,0.5,1.)) REPRESENTATION_ITEM('') );
#2473 = CARTESIAN_POINT('',(22.9,18.500000021295));
#2474 = CARTESIAN_POINT('',(22.900000774583,10.878975730295));
#2475 = CARTESIAN_POINT('',(16.299999748426,14.689487204987));
#2476 = CARTESIAN_POINT('',(9.69999872227,18.499998679679));
#2477 = CARTESIAN_POINT('',(16.299998973844,22.310511495988));
#2478 = CARTESIAN_POINT('',(22.899999225417,26.121024312296));
#2479 = CARTESIAN_POINT('',(22.9,18.500000021295));
#2480 = ( GEOMETRIC_REPRESENTATION_CONTEXT(2) 
PARAMETRIC_REPRESENTATION_CONTEXT() REPRESENTATION_CONTEXT('2D SPACE',''
  ) );
#2481 = ORIENTED_EDGE('',*,*,#2482,.F.);
#2482 = EDGE_CURVE('',#1757,#2450,#2483,.T.);
#2483 = SURFACE_CURVE('',#2484,(#2488,#2495),.PCURVE_S1.);
#2484 = LINE('',#2485,#2486);
#2485 = CARTESIAN_POINT('',(65.000000020281,-35.6,9.));
#2486 = VECTOR('',#2487,1.);
#2487 = DIRECTION('',(0.,0.,-1.));
#2488 = PCURVE('',#1453,#2489);
#2489 = DEFINITIONAL_REPRESENTATION('',(#2490),#2494);
#2490 = LINE('',#2491,#2492);
#2491 = CARTESIAN_POINT('',(4.712389183429,0.));
#2492 = VECTOR('',#2493,1.);
#2493 = DIRECTION('',(0.,1.));
#2494 = ( GEOMETRIC_REPRESENTATION_CONTEXT(2) 
PARAMETRIC_REPRESENTATION_CONTEXT() REPRESENTATION_CONTEXT('2D SPACE',''
  ) );
#2495 = PCURVE('',#1772,#2496);
#2496 = DEFINITIONAL_REPRESENTATION('',(#2497),#2501);
#2497 = LINE('',#2498,#2499);
#2498 = CARTESIAN_POINT('',(37.000000041576,0.));
#2499 = VECTOR('',#2500,1.);
#2500 = DIRECTION('',(0.,1.));
#2501 = ( GEOMETRIC_REPRESENTATION_CONTEXT(2) 
PARAMETRIC_REPRESENTATION_CONTEXT() REPRESENTATION_CONTEXT('2D SPACE',''
  ) );
#2502 = ORIENTED_EDGE('',*,*,#1784,.T.);
#2503 = ORIENTED_EDGE('',*,*,#1812,.T.);
#2504 = ORIENTED_EDGE('',*,*,#1434,.F.);
#2505 = ORIENTED_EDGE('',*,*,#1465,.T.);
#2506 = ADVANCED_FACE('',(#2507),#1509,.T.);
#2507 = FACE_BOUND('',#2508,.T.);
#2508 = EDGE_LOOP('',(#2509,#2532,#2553,#2554));
#2509 = ORIENTED_EDGE('',*,*,#2510,.T.);
#2510 = EDGE_CURVE('',#2427,#2511,#2513,.T.);
#2511 = VERTEX_POINT('',#2512);
#2512 = CARTESIAN_POINT('',(69.4,-77.00000002028,0.));
#2513 = SURFACE_CURVE('',#2514,(#2518,#2525),.PCURVE_S1.);
#2514 = LINE('',#2515,#2516);
#2515 = CARTESIAN_POINT('',(69.4,-77.00000002028,0.));
#2516 = VECTOR('',#2517,1.);
#2517 = DIRECTION('',(2.400482212708E-16,-1.,0.));
#2518 = PCURVE('',#1509,#2519);
#2519 = DEFINITIONAL_REPRESENTATION('',(#2520),#2524);
#2520 = LINE('',#2521,#2522);
#2521 = CARTESIAN_POINT('',(4.499999995541,18.49999998913));
#2522 = VECTOR('',#2523,1.);
#2523 = DIRECTION('',(-1.55440572133E-31,1.));
#2524 = ( GEOMETRIC_REPRESENTATION_CONTEXT(2) 
PARAMETRIC_REPRESENTATION_CONTEXT() REPRESENTATION_CONTEXT('2D SPACE',''
  ) );
#2525 = PCURVE('',#2466,#2526);
#2526 = DEFINITIONAL_REPRESENTATION('',(#2527),#2531);
#2527 = LINE('',#2528,#2529);
#2528 = CARTESIAN_POINT('',(22.9,-18.50000002028));
#2529 = VECTOR('',#2530,1.);
#2530 = DIRECTION('',(2.400482212708E-16,-1.));
#2531 = ( GEOMETRIC_REPRESENTATION_CONTEXT(2) 
PARAMETRIC_REPRESENTATION_CONTEXT() REPRESENTATION_CONTEXT('2D SPACE',''
  ) );
#2532 = ORIENTED_EDGE('',*,*,#2533,.F.);
#2533 = EDGE_CURVE('',#1494,#2511,#2534,.T.);
#2534 = SURFACE_CURVE('',#2535,(#2539,#2546),.PCURVE_S1.);
#2535 = LINE('',#2536,#2537);
#2536 = CARTESIAN_POINT('',(69.4,-77.00000002028,9.));
#2537 = VECTOR('',#2538,1.);
#2538 = DIRECTION('',(0.,0.,-1.));
#2539 = PCURVE('',#1509,#2540);
#2540 = DEFINITIONAL_REPRESENTATION('',(#2541),#2545);
#2541 = LINE('',#2542,#2543);
#2542 = CARTESIAN_POINT('',(-4.500000004459,18.49999998913));
#2543 = VECTOR('',#2544,1.);
#2544 = DIRECTION('',(1.,-0.));
#2545 = ( GEOMETRIC_REPRESENTATION_CONTEXT(2) 
PARAMETRIC_REPRESENTATION_CONTEXT() REPRESENTATION_CONTEXT('2D SPACE',''
  ) );
#2546 = PCURVE('',#1542,#2547);
#2547 = DEFINITIONAL_REPRESENTATION('',(#2548),#2552);
#2548 = LINE('',#2549,#2550);
#2549 = CARTESIAN_POINT('',(4.712389183429,0.));
#2550 = VECTOR('',#2551,1.);
#2551 = DIRECTION('',(0.,1.));
#2552 = ( GEOMETRIC_REPRESENTATION_CONTEXT(2) 
PARAMETRIC_REPRESENTATION_CONTEXT() REPRESENTATION_CONTEXT('2D SPACE',''
  ) );
#2553 = ORIENTED_EDGE('',*,*,#1493,.T.);
#2554 = ORIENTED_EDGE('',*,*,#2426,.F.);
#2555 = ADVANCED_FACE('',(#2556),#1542,.F.);
#2556 = FACE_BOUND('',#2557,.F.);
#2557 = EDGE_LOOP('',(#2558,#2581,#2607,#2608));
#2558 = ORIENTED_EDGE('',*,*,#2559,.T.);
#2559 = EDGE_CURVE('',#1522,#2560,#2562,.T.);
#2560 = VERTEX_POINT('',#2561);
#2561 = CARTESIAN_POINT('',(65.000000021296,-81.4,0.));
#2562 = SURFACE_CURVE('',#2563,(#2567,#2574),.PCURVE_S1.);
#2563 = LINE('',#2564,#2565);
#2564 = CARTESIAN_POINT('',(65.000000021296,-81.4,9.));
#2565 = VECTOR('',#2566,1.);
#2566 = DIRECTION('',(0.,0.,-1.));
#2567 = PCURVE('',#1542,#2568);
#2568 = DEFINITIONAL_REPRESENTATION('',(#2569),#2573);
#2569 = LINE('',#2570,#2571);
#2570 = CARTESIAN_POINT('',(6.28318530718,0.));
#2571 = VECTOR('',#2572,1.);
#2572 = DIRECTION('',(0.,1.));
#2573 = ( GEOMETRIC_REPRESENTATION_CONTEXT(2) 
PARAMETRIC_REPRESENTATION_CONTEXT() REPRESENTATION_CONTEXT('2D SPACE',''
  ) );
#2574 = PCURVE('',#1570,#2575);
#2575 = DEFINITIONAL_REPRESENTATION('',(#2576),#2580);
#2576 = LINE('',#2577,#2578);
#2577 = CARTESIAN_POINT('',(4.5,18.500000020788));
#2578 = VECTOR('',#2579,1.);
#2579 = DIRECTION('',(-1.,0.));
#2580 = ( GEOMETRIC_REPRESENTATION_CONTEXT(2) 
PARAMETRIC_REPRESENTATION_CONTEXT() REPRESENTATION_CONTEXT('2D SPACE',''
  ) );
#2581 = ORIENTED_EDGE('',*,*,#2582,.F.);
#2582 = EDGE_CURVE('',#2511,#2560,#2583,.T.);
#2583 = SURFACE_CURVE('',#2584,(#2589,#2596),.PCURVE_S1.);
#2584 = CIRCLE('',#2585,4.40000042591);
#2585 = AXIS2_PLACEMENT_3D('',#2586,#2587,#2588);
#2586 = CARTESIAN_POINT('',(64.99999957409,-76.99999957409,0.));
#2587 = DIRECTION('',(0.,0.,-1.));
#2588 = DIRECTION('',(1.016376056573E-07,-1.,0.));
#2589 = PCURVE('',#1542,#2590);
#2590 = DEFINITIONAL_REPRESENTATION('',(#2591),#2595);
#2591 = LINE('',#2592,#2593);
#2592 = CARTESIAN_POINT('',(0.,9.));
#2593 = VECTOR('',#2594,1.);
#2594 = DIRECTION('',(1.,0.));
#2595 = ( GEOMETRIC_REPRESENTATION_CONTEXT(2) 
PARAMETRIC_REPRESENTATION_CONTEXT() REPRESENTATION_CONTEXT('2D SPACE',''
  ) );
#2596 = PCURVE('',#2466,#2597);
#2597 = DEFINITIONAL_REPRESENTATION('',(#2598),#2606);
#2598 = ( BOUNDED_CURVE() B_SPLINE_CURVE(2,(#2599,#2600,#2601,#2602,
#2603,#2604,#2605),.UNSPECIFIED.,.T.,.F.) B_SPLINE_CURVE_WITH_KNOTS((1,2
    ,2,2,2,1),(-2.094395102393,0.,2.094395102393,4.188790204786,
6.28318530718,8.377580409573),.UNSPECIFIED.) CURVE() 
GEOMETRIC_REPRESENTATION_ITEM() RATIONAL_B_SPLINE_CURVE((1.,0.5,1.,0.5,
1.,0.5,1.)) REPRESENTATION_ITEM('') );
#2599 = CARTESIAN_POINT('',(18.500000021296,-22.9));
#2600 = CARTESIAN_POINT('',(10.878975730295,-22.90000077458));
#2601 = CARTESIAN_POINT('',(14.689487204987,-16.29999974842));
#2602 = CARTESIAN_POINT('',(18.499998679679,-9.69999872227));
#2603 = CARTESIAN_POINT('',(22.310511495988,-16.29999897384));
#2604 = CARTESIAN_POINT('',(26.121024312296,-22.89999922541));
#2605 = CARTESIAN_POINT('',(18.500000021296,-22.9));
#2606 = ( GEOMETRIC_REPRESENTATION_CONTEXT(2) 
PARAMETRIC_REPRESENTATION_CONTEXT() REPRESENTATION_CONTEXT('2D SPACE',''
  ) );
#2607 = ORIENTED_EDGE('',*,*,#2533,.F.);
#2608 = ORIENTED_EDGE('',*,*,#1521,.T.);
#2609 = ADVANCED_FACE('',(#2610,#2658),#1570,.T.);
#2610 = FACE_BOUND('',#2611,.T.);
#2611 = EDGE_LOOP('',(#2612,#2613,#2636,#2657));
#2612 = ORIENTED_EDGE('',*,*,#2559,.T.);
#2613 = ORIENTED_EDGE('',*,*,#2614,.T.);
#2614 = EDGE_CURVE('',#2560,#2615,#2617,.T.);
#2615 = VERTEX_POINT('',#2616);
#2616 = CARTESIAN_POINT('',(27.999999979719,-81.4,0.));
#2617 = SURFACE_CURVE('',#2618,(#2622,#2629),.PCURVE_S1.);
#2618 = LINE('',#2619,#2620);
#2619 = CARTESIAN_POINT('',(27.999999979719,-81.4,0.));
#2620 = VECTOR('',#2621,1.);
#2621 = DIRECTION('',(-1.,0.,0.));
#2622 = PCURVE('',#1570,#2623);
#2623 = DEFINITIONAL_REPRESENTATION('',(#2624),#2628);
#2624 = LINE('',#2625,#2626);
#2625 = CARTESIAN_POINT('',(-4.5,-18.50000002078));
#2626 = VECTOR('',#2627,1.);
#2627 = DIRECTION('',(0.,-1.));
#2628 = ( GEOMETRIC_REPRESENTATION_CONTEXT(2) 
PARAMETRIC_REPRESENTATION_CONTEXT() REPRESENTATION_CONTEXT('2D SPACE',''
  ) );
#2629 = PCURVE('',#2466,#2630);
#2630 = DEFINITIONAL_REPRESENTATION('',(#2631),#2635);
#2631 = LINE('',#2632,#2633);
#2632 = CARTESIAN_POINT('',(-18.50000002028,-22.9));
#2633 = VECTOR('',#2634,1.);
#2634 = DIRECTION('',(-1.,0.));
#2635 = ( GEOMETRIC_REPRESENTATION_CONTEXT(2) 
PARAMETRIC_REPRESENTATION_CONTEXT() REPRESENTATION_CONTEXT('2D SPACE',''
  ) );
#2636 = ORIENTED_EDGE('',*,*,#2637,.F.);
#2637 = EDGE_CURVE('',#1555,#2615,#2638,.T.);
#2638 = SURFACE_CURVE('',#2639,(#2643,#2650),.PCURVE_S1.);
#2639 = LINE('',#2640,#2641);
#2640 = CARTESIAN_POINT('',(27.999999979719,-81.4,9.));
#2641 = VECTOR('',#2642,1.);
#2642 = DIRECTION('',(0.,0.,-1.));
#2643 = PCURVE('',#1570,#2644);
#2644 = DEFINITIONAL_REPRESENTATION('',(#2645),#2649);
#2645 = LINE('',#2646,#2647);
#2646 = CARTESIAN_POINT('',(4.5,-18.50000002078));
#2647 = VECTOR('',#2648,1.);
#2648 = DIRECTION('',(-1.,0.));
#2649 = ( GEOMETRIC_REPRESENTATION_CONTEXT(2) 
PARAMETRIC_REPRESENTATION_CONTEXT() REPRESENTATION_CONTEXT('2D SPACE',''
  ) );
#2650 = PCURVE('',#1603,#2651);
#2651 = DEFINITIONAL_REPRESENTATION('',(#2652),#2656);
#2652 = LINE('',#2653,#2654);
#2653 = CARTESIAN_POINT('',(4.712389183429,0.));
#2654 = VECTOR('',#2655,1.);
#2655 = DIRECTION('',(0.,1.));
#2656 = ( GEOMETRIC_REPRESENTATION_CONTEXT(2) 
PARAMETRIC_REPRESENTATION_CONTEXT() REPRESENTATION_CONTEXT('2D SPACE',''
  ) );
#2657 = ORIENTED_EDGE('',*,*,#1554,.F.);
#2658 = FACE_BOUND('',#2659,.T.);
#2659 = EDGE_LOOP('',(#2660,#2685,#2713,#2736,#2764,#2787,#2815,#2838));
#2660 = ORIENTED_EDGE('',*,*,#2661,.T.);
#2661 = EDGE_CURVE('',#2662,#2664,#2666,.T.);
#2662 = VERTEX_POINT('',#2663);
#2663 = CARTESIAN_POINT('',(54.387499999995,-81.4,5.18));
#2664 = VERTEX_POINT('',#2665);
#2665 = CARTESIAN_POINT('',(48.007500000005,-81.4,5.18));
#2666 = SURFACE_CURVE('',#2667,(#2671,#2678),.PCURVE_S1.);
#2667 = LINE('',#2668,#2669);
#2668 = CARTESIAN_POINT('',(47.253750000256,-81.4,5.18));
#2669 = VECTOR('',#2670,1.);
#2670 = DIRECTION('',(-1.,0.,6.960645922426E-16));
#2671 = PCURVE('',#1570,#2672);
#2672 = DEFINITIONAL_REPRESENTATION('',(#2673),#2677);
#2673 = LINE('',#2674,#2675);
#2674 = CARTESIAN_POINT('',(0.68,0.753749999749));
#2675 = VECTOR('',#2676,1.);
#2676 = DIRECTION('',(6.960645922426E-16,-1.));
#2677 = ( GEOMETRIC_REPRESENTATION_CONTEXT(2) 
PARAMETRIC_REPRESENTATION_CONTEXT() REPRESENTATION_CONTEXT('2D SPACE',''
  ) );
#2678 = PCURVE('',#2005,#2679);
#2679 = DEFINITIONAL_REPRESENTATION('',(#2680),#2684);
#2680 = LINE('',#2681,#2682);
#2681 = CARTESIAN_POINT('',(-0.753749999749,-1.6));
#2682 = VECTOR('',#2683,1.);
#2683 = DIRECTION('',(-1.,0.));
#2684 = ( GEOMETRIC_REPRESENTATION_CONTEXT(2) 
PARAMETRIC_REPRESENTATION_CONTEXT() REPRESENTATION_CONTEXT('2D SPACE',''
  ) );
#2685 = ORIENTED_EDGE('',*,*,#2686,.T.);
#2686 = EDGE_CURVE('',#2664,#2687,#2689,.T.);
#2687 = VERTEX_POINT('',#2688);
#2688 = CARTESIAN_POINT('',(46.327500000005,-81.4,3.5));
#2689 = SURFACE_CURVE('',#2690,(#2695,#2706),.PCURVE_S1.);
#2690 = CIRCLE('',#2691,1.68);
#2691 = AXIS2_PLACEMENT_3D('',#2692,#2693,#2694);
#2692 = CARTESIAN_POINT('',(48.007500000005,-81.4,3.5));
#2693 = DIRECTION('',(0.,-1.,0.));
#2694 = DIRECTION('',(0.,0.,1.));
#2695 = PCURVE('',#1570,#2696);
#2696 = DEFINITIONAL_REPRESENTATION('',(#2697),#2705);
#2697 = ( BOUNDED_CURVE() B_SPLINE_CURVE(2,(#2698,#2699,#2700,#2701,
#2702,#2703,#2704),.UNSPECIFIED.,.T.,.F.) B_SPLINE_CURVE_WITH_KNOTS((1,2
    ,2,2,2,1),(-2.094395102393,0.,2.094395102393,4.188790204786,
6.28318530718,8.377580409573),.UNSPECIFIED.) CURVE() 
GEOMETRIC_REPRESENTATION_ITEM() RATIONAL_B_SPLINE_CURVE((1.,0.5,1.,0.5,
1.,0.5,1.)) REPRESENTATION_ITEM('') );
#2698 = CARTESIAN_POINT('',(0.68,1.507499999497));
#2699 = CARTESIAN_POINT('',(0.68,-1.402345357218));
#2700 = CARTESIAN_POINT('',(-1.84,5.257732113964E-02));
#2701 = CARTESIAN_POINT('',(-4.36,1.507499999497));
#2702 = CARTESIAN_POINT('',(-1.84,2.962422677855));
#2703 = CARTESIAN_POINT('',(0.68,4.417345356213));
#2704 = CARTESIAN_POINT('',(0.68,1.507499999497));
#2705 = ( GEOMETRIC_REPRESENTATION_CONTEXT(2) 
PARAMETRIC_REPRESENTATION_CONTEXT() REPRESENTATION_CONTEXT('2D SPACE',''
  ) );
#2706 = PCURVE('',#1977,#2707);
#2707 = DEFINITIONAL_REPRESENTATION('',(#2708),#2712);
#2708 = LINE('',#2709,#2710);
#2709 = CARTESIAN_POINT('',(0.,-1.6));
#2710 = VECTOR('',#2711,1.);
#2711 = DIRECTION('',(1.,0.));
#2712 = ( GEOMETRIC_REPRESENTATION_CONTEXT(2) 
PARAMETRIC_REPRESENTATION_CONTEXT() REPRESENTATION_CONTEXT('2D SPACE',''
  ) );
#2713 = ORIENTED_EDGE('',*,*,#2714,.T.);
#2714 = EDGE_CURVE('',#2687,#2715,#2717,.T.);
#2715 = VERTEX_POINT('',#2716);
#2716 = CARTESIAN_POINT('',(46.327500000005,-81.4,2.89999999999));
#2717 = SURFACE_CURVE('',#2718,(#2722,#2729),.PCURVE_S1.);
#2718 = LINE('',#2719,#2720);
#2719 = CARTESIAN_POINT('',(46.327500000005,-81.4,3.699999999995));
#2720 = VECTOR('',#2721,1.);
#2721 = DIRECTION('',(0.,0.,-1.));
#2722 = PCURVE('',#1570,#2723);
#2723 = DEFINITIONAL_REPRESENTATION('',(#2724),#2728);
#2724 = LINE('',#2725,#2726);
#2725 = CARTESIAN_POINT('',(-0.800000000005,-0.172500000503));
#2726 = VECTOR('',#2727,1.);
#2727 = DIRECTION('',(-1.,0.));
#2728 = ( GEOMETRIC_REPRESENTATION_CONTEXT(2) 
PARAMETRIC_REPRESENTATION_CONTEXT() REPRESENTATION_CONTEXT('2D SPACE',''
  ) );
#2729 = PCURVE('',#2174,#2730);
#2730 = DEFINITIONAL_REPRESENTATION('',(#2731),#2735);
#2731 = LINE('',#2732,#2733);
#2732 = CARTESIAN_POINT('',(0.800000000005,-1.6));
#2733 = VECTOR('',#2734,1.);
#2734 = DIRECTION('',(-1.,0.));
#2735 = ( GEOMETRIC_REPRESENTATION_CONTEXT(2) 
PARAMETRIC_REPRESENTATION_CONTEXT() REPRESENTATION_CONTEXT('2D SPACE',''
  ) );
#2736 = ORIENTED_EDGE('',*,*,#2737,.T.);
#2737 = EDGE_CURVE('',#2715,#2738,#2740,.T.);
#2738 = VERTEX_POINT('',#2739);
#2739 = CARTESIAN_POINT('',(48.007500000005,-81.4,1.21999999999));
#2740 = SURFACE_CURVE('',#2741,(#2746,#2757),.PCURVE_S1.);
#2741 = CIRCLE('',#2742,1.68);
#2742 = AXIS2_PLACEMENT_3D('',#2743,#2744,#2745);
#2743 = CARTESIAN_POINT('',(48.007500000005,-81.4,2.89999999999));
#2744 = DIRECTION('',(0.,-1.,0.));
#2745 = DIRECTION('',(-1.,0.,6.608470384674E-16));
#2746 = PCURVE('',#1570,#2747);
#2747 = DEFINITIONAL_REPRESENTATION('',(#2748),#2756);
#2748 = ( BOUNDED_CURVE() B_SPLINE_CURVE(2,(#2749,#2750,#2751,#2752,
#2753,#2754,#2755),.UNSPECIFIED.,.T.,.F.) B_SPLINE_CURVE_WITH_KNOTS((1,2
    ,2,2,2,1),(-2.094395102393,0.,2.094395102393,4.188790204786,
6.28318530718,8.377580409573),.UNSPECIFIED.) CURVE() 
GEOMETRIC_REPRESENTATION_ITEM() RATIONAL_B_SPLINE_CURVE((1.,0.5,1.,0.5,
1.,0.5,1.)) REPRESENTATION_ITEM('') );
#2749 = CARTESIAN_POINT('',(-1.60000000001,-0.172500000503));
#2750 = CARTESIAN_POINT('',(-4.509845356726,-0.172500000503));
#2751 = CARTESIAN_POINT('',(-3.054922678368,2.347499999497));
#2752 = CARTESIAN_POINT('',(-1.60000000001,4.867499999497));
#2753 = CARTESIAN_POINT('',(-0.145077321652,2.347499999497));
#2754 = CARTESIAN_POINT('',(1.309845356706,-0.172500000502));
#2755 = CARTESIAN_POINT('',(-1.60000000001,-0.172500000503));
#2756 = ( GEOMETRIC_REPRESENTATION_CONTEXT(2) 
PARAMETRIC_REPRESENTATION_CONTEXT() REPRESENTATION_CONTEXT('2D SPACE',''
  ) );
#2757 = PCURVE('',#2148,#2758);
#2758 = DEFINITIONAL_REPRESENTATION('',(#2759),#2763);
#2759 = LINE('',#2760,#2761);
#2760 = CARTESIAN_POINT('',(0.,-1.6));
#2761 = VECTOR('',#2762,1.);
#2762 = DIRECTION('',(1.,0.));
#2763 = ( GEOMETRIC_REPRESENTATION_CONTEXT(2) 
PARAMETRIC_REPRESENTATION_CONTEXT() REPRESENTATION_CONTEXT('2D SPACE',''
  ) );
#2764 = ORIENTED_EDGE('',*,*,#2765,.T.);
#2765 = EDGE_CURVE('',#2738,#2766,#2768,.T.);
#2766 = VERTEX_POINT('',#2767);
#2767 = CARTESIAN_POINT('',(54.387499999995,-81.4,1.21999999999));
#2768 = SURFACE_CURVE('',#2769,(#2773,#2780),.PCURVE_S1.);
#2769 = LINE('',#2770,#2771);
#2770 = CARTESIAN_POINT('',(50.443750000251,-81.4,1.21999999999));
#2771 = VECTOR('',#2772,1.);
#2772 = DIRECTION('',(1.,0.,-6.960645922426E-16));
#2773 = PCURVE('',#1570,#2774);
#2774 = DEFINITIONAL_REPRESENTATION('',(#2775),#2779);
#2775 = LINE('',#2776,#2777);
#2776 = CARTESIAN_POINT('',(-3.28000000001,3.943749999744));
#2777 = VECTOR('',#2778,1.);
#2778 = DIRECTION('',(-6.960645922426E-16,1.));
#2779 = ( GEOMETRIC_REPRESENTATION_CONTEXT(2) 
PARAMETRIC_REPRESENTATION_CONTEXT() REPRESENTATION_CONTEXT('2D SPACE',''
  ) );
#2780 = PCURVE('',#2119,#2781);
#2781 = DEFINITIONAL_REPRESENTATION('',(#2782),#2786);
#2782 = LINE('',#2783,#2784);
#2783 = CARTESIAN_POINT('',(3.943749999744,-1.6));
#2784 = VECTOR('',#2785,1.);
#2785 = DIRECTION('',(-1.,0.));
#2786 = ( GEOMETRIC_REPRESENTATION_CONTEXT(2) 
PARAMETRIC_REPRESENTATION_CONTEXT() REPRESENTATION_CONTEXT('2D SPACE',''
  ) );
#2787 = ORIENTED_EDGE('',*,*,#2788,.T.);
#2788 = EDGE_CURVE('',#2766,#2789,#2791,.T.);
#2789 = VERTEX_POINT('',#2790);
#2790 = CARTESIAN_POINT('',(56.067499999995,-81.4,2.89999999999));
#2791 = SURFACE_CURVE('',#2792,(#2797,#2808),.PCURVE_S1.);
#2792 = CIRCLE('',#2793,1.68);
#2793 = AXIS2_PLACEMENT_3D('',#2794,#2795,#2796);
#2794 = CARTESIAN_POINT('',(54.387499999995,-81.4,2.89999999999));
#2795 = DIRECTION('',(0.,-1.,0.));
#2796 = DIRECTION('',(0.,0.,-1.));
#2797 = PCURVE('',#1570,#2798);
#2798 = DEFINITIONAL_REPRESENTATION('',(#2799),#2807);
#2799 = ( BOUNDED_CURVE() B_SPLINE_CURVE(2,(#2800,#2801,#2802,#2803,
#2804,#2805,#2806),.UNSPECIFIED.,.T.,.F.) B_SPLINE_CURVE_WITH_KNOTS((1,2
    ,2,2,2,1),(-2.094395102393,0.,2.094395102393,4.188790204786,
6.28318530718,8.377580409573),.UNSPECIFIED.) CURVE() 
GEOMETRIC_REPRESENTATION_ITEM() RATIONAL_B_SPLINE_CURVE((1.,0.5,1.,0.5,
1.,0.5,1.)) REPRESENTATION_ITEM('') );
#2800 = CARTESIAN_POINT('',(-3.28000000001,7.887499999487));
#2801 = CARTESIAN_POINT('',(-3.28000000001,10.797345356203));
#2802 = CARTESIAN_POINT('',(-0.76000000001,9.342422677845));
#2803 = CARTESIAN_POINT('',(1.75999999999,7.887499999487));
#2804 = CARTESIAN_POINT('',(-0.76000000001,6.43257732113));
#2805 = CARTESIAN_POINT('',(-3.28000000001,4.977654642772));
#2806 = CARTESIAN_POINT('',(-3.28000000001,7.887499999487));
#2807 = ( GEOMETRIC_REPRESENTATION_CONTEXT(2) 
PARAMETRIC_REPRESENTATION_CONTEXT() REPRESENTATION_CONTEXT('2D SPACE',''
  ) );
#2808 = PCURVE('',#2091,#2809);
#2809 = DEFINITIONAL_REPRESENTATION('',(#2810),#2814);
#2810 = LINE('',#2811,#2812);
#2811 = CARTESIAN_POINT('',(0.,-1.6));
#2812 = VECTOR('',#2813,1.);
#2813 = DIRECTION('',(1.,0.));
#2814 = ( GEOMETRIC_REPRESENTATION_CONTEXT(2) 
PARAMETRIC_REPRESENTATION_CONTEXT() REPRESENTATION_CONTEXT('2D SPACE',''
  ) );
#2815 = ORIENTED_EDGE('',*,*,#2816,.T.);
#2816 = EDGE_CURVE('',#2789,#2817,#2819,.T.);
#2817 = VERTEX_POINT('',#2818);
#2818 = CARTESIAN_POINT('',(56.067499999995,-81.4,3.5));
#2819 = SURFACE_CURVE('',#2820,(#2824,#2831),.PCURVE_S1.);
#2820 = LINE('',#2821,#2822);
#2821 = CARTESIAN_POINT('',(56.067499999995,-81.4,4.));
#2822 = VECTOR('',#2823,1.);
#2823 = DIRECTION('',(0.,0.,1.));
#2824 = PCURVE('',#1570,#2825);
#2825 = DEFINITIONAL_REPRESENTATION('',(#2826),#2830);
#2826 = LINE('',#2827,#2828);
#2827 = CARTESIAN_POINT('',(-0.5,9.567499999487));
#2828 = VECTOR('',#2829,1.);
#2829 = DIRECTION('',(1.,0.));
#2830 = ( GEOMETRIC_REPRESENTATION_CONTEXT(2) 
PARAMETRIC_REPRESENTATION_CONTEXT() REPRESENTATION_CONTEXT('2D SPACE',''
  ) );
#2831 = PCURVE('',#2062,#2832);
#2832 = DEFINITIONAL_REPRESENTATION('',(#2833),#2837);
#2833 = LINE('',#2834,#2835);
#2834 = CARTESIAN_POINT('',(-0.5,-1.6));
#2835 = VECTOR('',#2836,1.);
#2836 = DIRECTION('',(-1.,-0.));
#2837 = ( GEOMETRIC_REPRESENTATION_CONTEXT(2) 
PARAMETRIC_REPRESENTATION_CONTEXT() REPRESENTATION_CONTEXT('2D SPACE',''
  ) );
#2838 = ORIENTED_EDGE('',*,*,#2839,.T.);
#2839 = EDGE_CURVE('',#2817,#2662,#2840,.T.);
#2840 = SURFACE_CURVE('',#2841,(#2846,#2857),.PCURVE_S1.);
#2841 = CIRCLE('',#2842,1.68);
#2842 = AXIS2_PLACEMENT_3D('',#2843,#2844,#2845);
#2843 = CARTESIAN_POINT('',(54.387499999995,-81.4,3.5));
#2844 = DIRECTION('',(0.,-1.,0.));
#2845 = DIRECTION('',(1.,0.,-6.608470384674E-16));
#2846 = PCURVE('',#1570,#2847);
#2847 = DEFINITIONAL_REPRESENTATION('',(#2848),#2856);
#2848 = ( BOUNDED_CURVE() B_SPLINE_CURVE(2,(#2849,#2850,#2851,#2852,
#2853,#2854,#2855),.UNSPECIFIED.,.T.,.F.) B_SPLINE_CURVE_WITH_KNOTS((1,2
    ,2,2,2,1),(-2.094395102393,0.,2.094395102393,4.188790204786,
6.28318530718,8.377580409573),.UNSPECIFIED.) CURVE() 
GEOMETRIC_REPRESENTATION_ITEM() RATIONAL_B_SPLINE_CURVE((1.,0.5,1.,0.5,
1.,0.5,1.)) REPRESENTATION_ITEM('') );
#2849 = CARTESIAN_POINT('',(-1.,9.567499999487));
#2850 = CARTESIAN_POINT('',(1.909845356716,9.567499999487));
#2851 = CARTESIAN_POINT('',(0.454922678358,7.047499999487));
#2852 = CARTESIAN_POINT('',(-1.,4.527499999487));
#2853 = CARTESIAN_POINT('',(-2.454922678358,7.047499999487));
#2854 = CARTESIAN_POINT('',(-3.909845356716,9.567499999487));
#2855 = CARTESIAN_POINT('',(-1.,9.567499999487));
#2856 = ( GEOMETRIC_REPRESENTATION_CONTEXT(2) 
PARAMETRIC_REPRESENTATION_CONTEXT() REPRESENTATION_CONTEXT('2D SPACE',''
  ) );
#2857 = PCURVE('',#2034,#2858);
#2858 = DEFINITIONAL_REPRESENTATION('',(#2859),#2863);
#2859 = LINE('',#2860,#2861);
#2860 = CARTESIAN_POINT('',(0.,-1.6));
#2861 = VECTOR('',#2862,1.);
#2862 = DIRECTION('',(1.,0.));
#2863 = ( GEOMETRIC_REPRESENTATION_CONTEXT(2) 
PARAMETRIC_REPRESENTATION_CONTEXT() REPRESENTATION_CONTEXT('2D SPACE',''
  ) );
#2864 = ADVANCED_FACE('',(#2865),#1603,.F.);
#2865 = FACE_BOUND('',#2866,.F.);
#2866 = EDGE_LOOP('',(#2867,#2890,#2916,#2917));
#2867 = ORIENTED_EDGE('',*,*,#2868,.T.);
#2868 = EDGE_CURVE('',#1583,#2869,#2871,.T.);
#2869 = VERTEX_POINT('',#2870);
#2870 = CARTESIAN_POINT('',(23.6,-77.00000002129,0.));
#2871 = SURFACE_CURVE('',#2872,(#2876,#2883),.PCURVE_S1.);
#2872 = LINE('',#2873,#2874);
#2873 = CARTESIAN_POINT('',(23.6,-77.00000002129,9.));
#2874 = VECTOR('',#2875,1.);
#2875 = DIRECTION('',(0.,0.,-1.));
#2876 = PCURVE('',#1603,#2877);
#2877 = DEFINITIONAL_REPRESENTATION('',(#2878),#2882);
#2878 = LINE('',#2879,#2880);
#2879 = CARTESIAN_POINT('',(6.28318530718,0.));
#2880 = VECTOR('',#2881,1.);
#2881 = DIRECTION('',(0.,1.));
#2882 = ( GEOMETRIC_REPRESENTATION_CONTEXT(2) 
PARAMETRIC_REPRESENTATION_CONTEXT() REPRESENTATION_CONTEXT('2D SPACE',''
  ) );
#2883 = PCURVE('',#1631,#2884);
#2884 = DEFINITIONAL_REPRESENTATION('',(#2885),#2889);
#2885 = LINE('',#2886,#2887);
#2886 = CARTESIAN_POINT('',(4.499999997862,18.50000002798));
#2887 = VECTOR('',#2888,1.);
#2888 = DIRECTION('',(-1.,-0.));
#2889 = ( GEOMETRIC_REPRESENTATION_CONTEXT(2) 
PARAMETRIC_REPRESENTATION_CONTEXT() REPRESENTATION_CONTEXT('2D SPACE',''
  ) );
#2890 = ORIENTED_EDGE('',*,*,#2891,.F.);
#2891 = EDGE_CURVE('',#2615,#2869,#2892,.T.);
#2892 = SURFACE_CURVE('',#2893,(#2898,#2905),.PCURVE_S1.);
#2893 = CIRCLE('',#2894,4.40000042591);
#2894 = AXIS2_PLACEMENT_3D('',#2895,#2896,#2897);
#2895 = CARTESIAN_POINT('',(28.00000042591,-76.99999957409,0.));
#2896 = DIRECTION('',(0.,0.,-1.));
#2897 = DIRECTION('',(-1.,-1.016376076759E-07,-0.));
#2898 = PCURVE('',#1603,#2899);
#2899 = DEFINITIONAL_REPRESENTATION('',(#2900),#2904);
#2900 = LINE('',#2901,#2902);
#2901 = CARTESIAN_POINT('',(0.,9.));
#2902 = VECTOR('',#2903,1.);
#2903 = DIRECTION('',(1.,0.));
#2904 = ( GEOMETRIC_REPRESENTATION_CONTEXT(2) 
PARAMETRIC_REPRESENTATION_CONTEXT() REPRESENTATION_CONTEXT('2D SPACE',''
  ) );
#2905 = PCURVE('',#2466,#2906);
#2906 = DEFINITIONAL_REPRESENTATION('',(#2907),#2915);
#2907 = ( BOUNDED_CURVE() B_SPLINE_CURVE(2,(#2908,#2909,#2910,#2911,
#2912,#2913,#2914),.UNSPECIFIED.,.T.,.F.) B_SPLINE_CURVE_WITH_KNOTS((1,2
    ,2,2,2,1),(-2.094395102393,0.,2.094395102393,4.188790204786,
6.28318530718,8.377580409573),.UNSPECIFIED.) CURVE() 
GEOMETRIC_REPRESENTATION_ITEM() RATIONAL_B_SPLINE_CURVE((1.,0.5,1.,0.5,
1.,0.5,1.)) REPRESENTATION_ITEM('') );
#2908 = CARTESIAN_POINT('',(-22.9,-18.50000002129));
#2909 = CARTESIAN_POINT('',(-22.90000077458,-10.87897573029));
#2910 = CARTESIAN_POINT('',(-16.29999974842,-14.68948720498));
#2911 = CARTESIAN_POINT('',(-9.69999872227,-18.49999867967));
#2912 = CARTESIAN_POINT('',(-16.29999897384,-22.31051149598));
#2913 = CARTESIAN_POINT('',(-22.89999922541,-26.12102431229));
#2914 = CARTESIAN_POINT('',(-22.9,-18.50000002129));
#2915 = ( GEOMETRIC_REPRESENTATION_CONTEXT(2) 
PARAMETRIC_REPRESENTATION_CONTEXT() REPRESENTATION_CONTEXT('2D SPACE',''
  ) );
#2916 = ORIENTED_EDGE('',*,*,#2637,.F.);
#2917 = ORIENTED_EDGE('',*,*,#1582,.T.);
#2918 = ADVANCED_FACE('',(#2919),#1631,.T.);
#2919 = FACE_BOUND('',#2920,.T.);
#2920 = EDGE_LOOP('',(#2921,#2922,#2923,#2946));
#2921 = ORIENTED_EDGE('',*,*,#1615,.F.);
#2922 = ORIENTED_EDGE('',*,*,#2868,.T.);
#2923 = ORIENTED_EDGE('',*,*,#2924,.T.);
#2924 = EDGE_CURVE('',#2869,#2925,#2927,.T.);
#2925 = VERTEX_POINT('',#2926);
#2926 = CARTESIAN_POINT('',(23.6,-39.99999997971,0.));
#2927 = SURFACE_CURVE('',#2928,(#2932,#2939),.PCURVE_S1.);
#2928 = LINE('',#2929,#2930);
#2929 = CARTESIAN_POINT('',(23.6,-39.99999997971,0.));
#2930 = VECTOR('',#2931,1.);
#2931 = DIRECTION('',(1.200241106354E-16,1.,0.));
#2932 = PCURVE('',#1631,#2933);
#2933 = DEFINITIONAL_REPRESENTATION('',(#2934),#2938);
#2934 = LINE('',#2935,#2936);
#2935 = CARTESIAN_POINT('',(-4.500000002138,-18.5000000136));
#2936 = VECTOR('',#2937,1.);
#2937 = DIRECTION('',(3.938528012385E-32,-1.));
#2938 = ( GEOMETRIC_REPRESENTATION_CONTEXT(2) 
PARAMETRIC_REPRESENTATION_CONTEXT() REPRESENTATION_CONTEXT('2D SPACE',''
  ) );
#2939 = PCURVE('',#2466,#2940);
#2940 = DEFINITIONAL_REPRESENTATION('',(#2941),#2945);
#2941 = LINE('',#2942,#2943);
#2942 = CARTESIAN_POINT('',(-22.9,18.50000002029));
#2943 = VECTOR('',#2944,1.);
#2944 = DIRECTION('',(1.200241106354E-16,1.));
#2945 = ( GEOMETRIC_REPRESENTATION_CONTEXT(2) 
PARAMETRIC_REPRESENTATION_CONTEXT() REPRESENTATION_CONTEXT('2D SPACE',''
  ) );
#2946 = ORIENTED_EDGE('',*,*,#2947,.F.);
#2947 = EDGE_CURVE('',#1616,#2925,#2948,.T.);
#2948 = SURFACE_CURVE('',#2949,(#2953,#2960),.PCURVE_S1.);
#2949 = LINE('',#2950,#2951);
#2950 = CARTESIAN_POINT('',(23.6,-39.99999997971,9.));
#2951 = VECTOR('',#2952,1.);
#2952 = DIRECTION('',(0.,0.,-1.));
#2953 = PCURVE('',#1631,#2954);
#2954 = DEFINITIONAL_REPRESENTATION('',(#2955),#2959);
#2955 = LINE('',#2956,#2957);
#2956 = CARTESIAN_POINT('',(4.499999997862,-18.5000000136));
#2957 = VECTOR('',#2958,1.);
#2958 = DIRECTION('',(-1.,-0.));
#2959 = ( GEOMETRIC_REPRESENTATION_CONTEXT(2) 
PARAMETRIC_REPRESENTATION_CONTEXT() REPRESENTATION_CONTEXT('2D SPACE',''
  ) );
#2960 = PCURVE('',#1664,#2961);
#2961 = DEFINITIONAL_REPRESENTATION('',(#2962),#2966);
#2962 = LINE('',#2963,#2964);
#2963 = CARTESIAN_POINT('',(4.712389183429,0.));
#2964 = VECTOR('',#2965,1.);
#2965 = DIRECTION('',(0.,1.));
#2966 = ( GEOMETRIC_REPRESENTATION_CONTEXT(2) 
PARAMETRIC_REPRESENTATION_CONTEXT() REPRESENTATION_CONTEXT('2D SPACE',''
  ) );
#2967 = ADVANCED_FACE('',(#2968),#1664,.F.);
#2968 = FACE_BOUND('',#2969,.F.);
#2969 = EDGE_LOOP('',(#2970,#2971,#2994,#3020,#3021,#3022,#3023));
#2970 = ORIENTED_EDGE('',*,*,#1728,.T.);
#2971 = ORIENTED_EDGE('',*,*,#2972,.T.);
#2972 = EDGE_CURVE('',#1729,#2973,#2975,.T.);
#2973 = VERTEX_POINT('',#2974);
#2974 = CARTESIAN_POINT('',(27.999999978705,-35.6,0.));
#2975 = SURFACE_CURVE('',#2976,(#2980,#2987),.PCURVE_S1.);
#2976 = LINE('',#2977,#2978);
#2977 = CARTESIAN_POINT('',(27.999999978705,-35.6,9.));
#2978 = VECTOR('',#2979,1.);
#2979 = DIRECTION('',(0.,0.,-1.));
#2980 = PCURVE('',#1664,#2981);
#2981 = DEFINITIONAL_REPRESENTATION('',(#2982),#2986);
#2982 = LINE('',#2983,#2984);
#2983 = CARTESIAN_POINT('',(6.28318530718,0.));
#2984 = VECTOR('',#2985,1.);
#2985 = DIRECTION('',(0.,1.));
#2986 = ( GEOMETRIC_REPRESENTATION_CONTEXT(2) 
PARAMETRIC_REPRESENTATION_CONTEXT() REPRESENTATION_CONTEXT('2D SPACE',''
  ) );
#2987 = PCURVE('',#1772,#2988);
#2988 = DEFINITIONAL_REPRESENTATION('',(#2989),#2993);
#2989 = LINE('',#2990,#2991);
#2990 = CARTESIAN_POINT('',(0.,0.));
#2991 = VECTOR('',#2992,1.);
#2992 = DIRECTION('',(0.,1.));
#2993 = ( GEOMETRIC_REPRESENTATION_CONTEXT(2) 
PARAMETRIC_REPRESENTATION_CONTEXT() REPRESENTATION_CONTEXT('2D SPACE',''
  ) );
#2994 = ORIENTED_EDGE('',*,*,#2995,.F.);
#2995 = EDGE_CURVE('',#2925,#2973,#2996,.T.);
#2996 = SURFACE_CURVE('',#2997,(#3002,#3009),.PCURVE_S1.);
#2997 = CIRCLE('',#2998,4.40000042591);
#2998 = AXIS2_PLACEMENT_3D('',#2999,#3000,#3001);
#2999 = CARTESIAN_POINT('',(28.00000042591,-40.00000042591,0.));
#3000 = DIRECTION('',(0.,0.,-1.));
#3001 = DIRECTION('',(-1.016376016201E-07,1.,0.));
#3002 = PCURVE('',#1664,#3003);
#3003 = DEFINITIONAL_REPRESENTATION('',(#3004),#3008);
#3004 = LINE('',#3005,#3006);
#3005 = CARTESIAN_POINT('',(1.7763568394E-15,9.));
#3006 = VECTOR('',#3007,1.);
#3007 = DIRECTION('',(1.,0.));
#3008 = ( GEOMETRIC_REPRESENTATION_CONTEXT(2) 
PARAMETRIC_REPRESENTATION_CONTEXT() REPRESENTATION_CONTEXT('2D SPACE',''
  ) );
#3009 = PCURVE('',#2466,#3010);
#3010 = DEFINITIONAL_REPRESENTATION('',(#3011),#3019);
#3011 = ( BOUNDED_CURVE() B_SPLINE_CURVE(2,(#3012,#3013,#3014,#3015,
#3016,#3017,#3018),.UNSPECIFIED.,.T.,.F.) B_SPLINE_CURVE_WITH_KNOTS((1,2
    ,2,2,2,1),(-2.094395102393,0.,2.094395102393,4.188790204786,
6.28318530718,8.377580409573),.UNSPECIFIED.) CURVE() 
GEOMETRIC_REPRESENTATION_ITEM() RATIONAL_B_SPLINE_CURVE((1.,0.5,1.,0.5,
1.,0.5,1.)) REPRESENTATION_ITEM('') );
#3012 = CARTESIAN_POINT('',(-18.50000002129,22.9));
#3013 = CARTESIAN_POINT('',(-10.87897573029,22.900000774583));
#3014 = CARTESIAN_POINT('',(-14.68948720498,16.299999748426));
#3015 = CARTESIAN_POINT('',(-18.49999867967,9.69999872227));
#3016 = CARTESIAN_POINT('',(-22.31051149598,16.299998973844));
#3017 = CARTESIAN_POINT('',(-26.12102431229,22.899999225417));
#3018 = CARTESIAN_POINT('',(-18.50000002129,22.9));
#3019 = ( GEOMETRIC_REPRESENTATION_CONTEXT(2) 
PARAMETRIC_REPRESENTATION_CONTEXT() REPRESENTATION_CONTEXT('2D SPACE',''
  ) );
#3020 = ORIENTED_EDGE('',*,*,#2947,.F.);
#3021 = ORIENTED_EDGE('',*,*,#1643,.T.);
#3022 = ORIENTED_EDGE('',*,*,#1676,.F.);
#3023 = ORIENTED_EDGE('',*,*,#1700,.T.);
#3024 = ADVANCED_FACE('',(#3025),#1772,.F.);
#3025 = FACE_BOUND('',#3026,.T.);
#3026 = EDGE_LOOP('',(#3027,#3028,#3029,#3050));
#3027 = ORIENTED_EDGE('',*,*,#1756,.F.);
#3028 = ORIENTED_EDGE('',*,*,#2972,.T.);
#3029 = ORIENTED_EDGE('',*,*,#3030,.T.);
#3030 = EDGE_CURVE('',#2973,#2450,#3031,.T.);
#3031 = SURFACE_CURVE('',#3032,(#3036,#3043),.PCURVE_S1.);
#3032 = LINE('',#3033,#3034);
#3033 = CARTESIAN_POINT('',(65.000000020281,-35.6,0.));
#3034 = VECTOR('',#3035,1.);
#3035 = DIRECTION('',(1.,-8.401687744479E-16,0.));
#3036 = PCURVE('',#1772,#3037);
#3037 = DEFINITIONAL_REPRESENTATION('',(#3038),#3042);
#3038 = LINE('',#3039,#3040);
#3039 = CARTESIAN_POINT('',(37.000000041576,9.));
#3040 = VECTOR('',#3041,1.);
#3041 = DIRECTION('',(1.,0.));
#3042 = ( GEOMETRIC_REPRESENTATION_CONTEXT(2) 
PARAMETRIC_REPRESENTATION_CONTEXT() REPRESENTATION_CONTEXT('2D SPACE',''
  ) );
#3043 = PCURVE('',#2466,#3044);
#3044 = DEFINITIONAL_REPRESENTATION('',(#3045),#3049);
#3045 = LINE('',#3046,#3047);
#3046 = CARTESIAN_POINT('',(18.500000020281,22.9));
#3047 = VECTOR('',#3048,1.);
#3048 = DIRECTION('',(1.,-8.401687744479E-16));
#3049 = ( GEOMETRIC_REPRESENTATION_CONTEXT(2) 
PARAMETRIC_REPRESENTATION_CONTEXT() REPRESENTATION_CONTEXT('2D SPACE',''
  ) );
#3050 = ORIENTED_EDGE('',*,*,#2482,.F.);
#3051 = ADVANCED_FACE('',(#3052),#1977,.F.);
#3052 = FACE_BOUND('',#3053,.F.);
#3053 = EDGE_LOOP('',(#3054,#3055,#3076,#3077));
#3054 = ORIENTED_EDGE('',*,*,#1958,.F.);
#3055 = ORIENTED_EDGE('',*,*,#3056,.T.);
#3056 = EDGE_CURVE('',#1959,#2664,#3057,.T.);
#3057 = SURFACE_CURVE('',#3058,(#3062,#3069),.PCURVE_S1.);
#3058 = LINE('',#3059,#3060);
#3059 = CARTESIAN_POINT('',(48.007500000005,-83.,5.18));
#3060 = VECTOR('',#3061,1.);
#3061 = DIRECTION('',(0.,1.,0.));
#3062 = PCURVE('',#1977,#3063);
#3063 = DEFINITIONAL_REPRESENTATION('',(#3064),#3068);
#3064 = LINE('',#3065,#3066);
#3065 = CARTESIAN_POINT('',(0.,0.));
#3066 = VECTOR('',#3067,1.);
#3067 = DIRECTION('',(0.,-1.));
#3068 = ( GEOMETRIC_REPRESENTATION_CONTEXT(2) 
PARAMETRIC_REPRESENTATION_CONTEXT() REPRESENTATION_CONTEXT('2D SPACE',''
  ) );
#3069 = PCURVE('',#2005,#3070);
#3070 = DEFINITIONAL_REPRESENTATION('',(#3071),#3075);
#3071 = LINE('',#3072,#3073);
#3072 = CARTESIAN_POINT('',(0.,0.));
#3073 = VECTOR('',#3074,1.);
#3074 = DIRECTION('',(0.,-1.));
#3075 = ( GEOMETRIC_REPRESENTATION_CONTEXT(2) 
PARAMETRIC_REPRESENTATION_CONTEXT() REPRESENTATION_CONTEXT('2D SPACE',''
  ) );
#3076 = ORIENTED_EDGE('',*,*,#2686,.T.);
#3077 = ORIENTED_EDGE('',*,*,#3078,.F.);
#3078 = EDGE_CURVE('',#1961,#2687,#3079,.T.);
#3079 = SURFACE_CURVE('',#3080,(#3084,#3091),.PCURVE_S1.);
#3080 = LINE('',#3081,#3082);
#3081 = CARTESIAN_POINT('',(46.327500000005,-83.,3.5));
#3082 = VECTOR('',#3083,1.);
#3083 = DIRECTION('',(0.,1.,0.));
#3084 = PCURVE('',#1977,#3085);
#3085 = DEFINITIONAL_REPRESENTATION('',(#3086),#3090);
#3086 = LINE('',#3087,#3088);
#3087 = CARTESIAN_POINT('',(1.570796326795,0.));
#3088 = VECTOR('',#3089,1.);
#3089 = DIRECTION('',(0.,-1.));
#3090 = ( GEOMETRIC_REPRESENTATION_CONTEXT(2) 
PARAMETRIC_REPRESENTATION_CONTEXT() REPRESENTATION_CONTEXT('2D SPACE',''
  ) );
#3091 = PCURVE('',#2174,#3092);
#3092 = DEFINITIONAL_REPRESENTATION('',(#3093),#3097);
#3093 = LINE('',#3094,#3095);
#3094 = CARTESIAN_POINT('',(0.60000000001,0.));
#3095 = VECTOR('',#3096,1.);
#3096 = DIRECTION('',(0.,-1.));
#3097 = ( GEOMETRIC_REPRESENTATION_CONTEXT(2) 
PARAMETRIC_REPRESENTATION_CONTEXT() REPRESENTATION_CONTEXT('2D SPACE',''
  ) );
#3098 = ADVANCED_FACE('',(#3099),#2174,.T.);
#3099 = FACE_BOUND('',#3100,.T.);
#3100 = EDGE_LOOP('',(#3101,#3102,#3123,#3124));
#3101 = ORIENTED_EDGE('',*,*,#2160,.F.);
#3102 = ORIENTED_EDGE('',*,*,#3103,.T.);
#3103 = EDGE_CURVE('',#2132,#2715,#3104,.T.);
#3104 = SURFACE_CURVE('',#3105,(#3109,#3116),.PCURVE_S1.);
#3105 = LINE('',#3106,#3107);
#3106 = CARTESIAN_POINT('',(46.327500000005,-83.,2.89999999999));
#3107 = VECTOR('',#3108,1.);
#3108 = DIRECTION('',(0.,1.,0.));
#3109 = PCURVE('',#2174,#3110);
#3110 = DEFINITIONAL_REPRESENTATION('',(#3111),#3115);
#3111 = LINE('',#3112,#3113);
#3112 = CARTESIAN_POINT('',(0.,0.));
#3113 = VECTOR('',#3114,1.);
#3114 = DIRECTION('',(0.,-1.));
#3115 = ( GEOMETRIC_REPRESENTATION_CONTEXT(2) 
PARAMETRIC_REPRESENTATION_CONTEXT() REPRESENTATION_CONTEXT('2D SPACE',''
  ) );
#3116 = PCURVE('',#2148,#3117);
#3117 = DEFINITIONAL_REPRESENTATION('',(#3118),#3122);
#3118 = LINE('',#3119,#3120);
#3119 = CARTESIAN_POINT('',(0.,0.));
#3120 = VECTOR('',#3121,1.);
#3121 = DIRECTION('',(0.,-1.));
#3122 = ( GEOMETRIC_REPRESENTATION_CONTEXT(2) 
PARAMETRIC_REPRESENTATION_CONTEXT() REPRESENTATION_CONTEXT('2D SPACE',''
  ) );
#3123 = ORIENTED_EDGE('',*,*,#2714,.F.);
#3124 = ORIENTED_EDGE('',*,*,#3078,.F.);
#3125 = ADVANCED_FACE('',(#3126),#2148,.F.);
#3126 = FACE_BOUND('',#3127,.F.);
#3127 = EDGE_LOOP('',(#3128,#3129,#3130,#3131));
#3128 = ORIENTED_EDGE('',*,*,#2131,.F.);
#3129 = ORIENTED_EDGE('',*,*,#3103,.T.);
#3130 = ORIENTED_EDGE('',*,*,#2737,.T.);
#3131 = ORIENTED_EDGE('',*,*,#3132,.F.);
#3132 = EDGE_CURVE('',#2104,#2738,#3133,.T.);
#3133 = SURFACE_CURVE('',#3134,(#3138,#3145),.PCURVE_S1.);
#3134 = LINE('',#3135,#3136);
#3135 = CARTESIAN_POINT('',(48.007500000005,-83.,1.21999999999));
#3136 = VECTOR('',#3137,1.);
#3137 = DIRECTION('',(0.,1.,0.));
#3138 = PCURVE('',#2148,#3139);
#3139 = DEFINITIONAL_REPRESENTATION('',(#3140),#3144);
#3140 = LINE('',#3141,#3142);
#3141 = CARTESIAN_POINT('',(1.570796326795,0.));
#3142 = VECTOR('',#3143,1.);
#3143 = DIRECTION('',(0.,-1.));
#3144 = ( GEOMETRIC_REPRESENTATION_CONTEXT(2) 
PARAMETRIC_REPRESENTATION_CONTEXT() REPRESENTATION_CONTEXT('2D SPACE',''
  ) );
#3145 = PCURVE('',#2119,#3146);
#3146 = DEFINITIONAL_REPRESENTATION('',(#3147),#3151);
#3147 = LINE('',#3148,#3149);
#3148 = CARTESIAN_POINT('',(6.37999999999,0.));
#3149 = VECTOR('',#3150,1.);
#3150 = DIRECTION('',(0.,-1.));
#3151 = ( GEOMETRIC_REPRESENTATION_CONTEXT(2) 
PARAMETRIC_REPRESENTATION_CONTEXT() REPRESENTATION_CONTEXT('2D SPACE',''
  ) );
#3152 = ADVANCED_FACE('',(#3153),#2119,.T.);
#3153 = FACE_BOUND('',#3154,.T.);
#3154 = EDGE_LOOP('',(#3155,#3156,#3177,#3178));
#3155 = ORIENTED_EDGE('',*,*,#2103,.F.);
#3156 = ORIENTED_EDGE('',*,*,#3157,.T.);
#3157 = EDGE_CURVE('',#2075,#2766,#3158,.T.);
#3158 = SURFACE_CURVE('',#3159,(#3163,#3170),.PCURVE_S1.);
#3159 = LINE('',#3160,#3161);
#3160 = CARTESIAN_POINT('',(54.387499999995,-83.,1.21999999999));
#3161 = VECTOR('',#3162,1.);
#3162 = DIRECTION('',(0.,1.,0.));
#3163 = PCURVE('',#2119,#3164);
#3164 = DEFINITIONAL_REPRESENTATION('',(#3165),#3169);
#3165 = LINE('',#3166,#3167);
#3166 = CARTESIAN_POINT('',(0.,0.));
#3167 = VECTOR('',#3168,1.);
#3168 = DIRECTION('',(0.,-1.));
#3169 = ( GEOMETRIC_REPRESENTATION_CONTEXT(2) 
PARAMETRIC_REPRESENTATION_CONTEXT() REPRESENTATION_CONTEXT('2D SPACE',''
  ) );
#3170 = PCURVE('',#2091,#3171);
#3171 = DEFINITIONAL_REPRESENTATION('',(#3172),#3176);
#3172 = LINE('',#3173,#3174);
#3173 = CARTESIAN_POINT('',(0.,0.));
#3174 = VECTOR('',#3175,1.);
#3175 = DIRECTION('',(0.,-1.));
#3176 = ( GEOMETRIC_REPRESENTATION_CONTEXT(2) 
PARAMETRIC_REPRESENTATION_CONTEXT() REPRESENTATION_CONTEXT('2D SPACE',''
  ) );
#3177 = ORIENTED_EDGE('',*,*,#2765,.F.);
#3178 = ORIENTED_EDGE('',*,*,#3132,.F.);
#3179 = ADVANCED_FACE('',(#3180),#2091,.F.);
#3180 = FACE_BOUND('',#3181,.F.);
#3181 = EDGE_LOOP('',(#3182,#3183,#3184,#3185));
#3182 = ORIENTED_EDGE('',*,*,#2074,.F.);
#3183 = ORIENTED_EDGE('',*,*,#3157,.T.);
#3184 = ORIENTED_EDGE('',*,*,#2788,.T.);
#3185 = ORIENTED_EDGE('',*,*,#3186,.F.);
#3186 = EDGE_CURVE('',#2047,#2789,#3187,.T.);
#3187 = SURFACE_CURVE('',#3188,(#3192,#3199),.PCURVE_S1.);
#3188 = LINE('',#3189,#3190);
#3189 = CARTESIAN_POINT('',(56.067499999995,-83.,2.89999999999));
#3190 = VECTOR('',#3191,1.);
#3191 = DIRECTION('',(0.,1.,0.));
#3192 = PCURVE('',#2091,#3193);
#3193 = DEFINITIONAL_REPRESENTATION('',(#3194),#3198);
#3194 = LINE('',#3195,#3196);
#3195 = CARTESIAN_POINT('',(1.570796326795,0.));
#3196 = VECTOR('',#3197,1.);
#3197 = DIRECTION('',(0.,-1.));
#3198 = ( GEOMETRIC_REPRESENTATION_CONTEXT(2) 
PARAMETRIC_REPRESENTATION_CONTEXT() REPRESENTATION_CONTEXT('2D SPACE',''
  ) );
#3199 = PCURVE('',#2062,#3200);
#3200 = DEFINITIONAL_REPRESENTATION('',(#3201),#3205);
#3201 = LINE('',#3202,#3203);
#3202 = CARTESIAN_POINT('',(0.60000000001,0.));
#3203 = VECTOR('',#3204,1.);
#3204 = DIRECTION('',(0.,-1.));
#3205 = ( GEOMETRIC_REPRESENTATION_CONTEXT(2) 
PARAMETRIC_REPRESENTATION_CONTEXT() REPRESENTATION_CONTEXT('2D SPACE',''
  ) );
#3206 = ADVANCED_FACE('',(#3207),#2062,.T.);
#3207 = FACE_BOUND('',#3208,.T.);
#3208 = EDGE_LOOP('',(#3209,#3210,#3231,#3232));
#3209 = ORIENTED_EDGE('',*,*,#2046,.F.);
#3210 = ORIENTED_EDGE('',*,*,#3211,.T.);
#3211 = EDGE_CURVE('',#2018,#2817,#3212,.T.);
#3212 = SURFACE_CURVE('',#3213,(#3217,#3224),.PCURVE_S1.);
#3213 = LINE('',#3214,#3215);
#3214 = CARTESIAN_POINT('',(56.067499999995,-83.,3.5));
#3215 = VECTOR('',#3216,1.);
#3216 = DIRECTION('',(0.,1.,0.));
#3217 = PCURVE('',#2062,#3218);
#3218 = DEFINITIONAL_REPRESENTATION('',(#3219),#3223);
#3219 = LINE('',#3220,#3221);
#3220 = CARTESIAN_POINT('',(0.,-0.));
#3221 = VECTOR('',#3222,1.);
#3222 = DIRECTION('',(0.,-1.));
#3223 = ( GEOMETRIC_REPRESENTATION_CONTEXT(2) 
PARAMETRIC_REPRESENTATION_CONTEXT() REPRESENTATION_CONTEXT('2D SPACE',''
  ) );
#3224 = PCURVE('',#2034,#3225);
#3225 = DEFINITIONAL_REPRESENTATION('',(#3226),#3230);
#3226 = LINE('',#3227,#3228);
#3227 = CARTESIAN_POINT('',(0.,0.));
#3228 = VECTOR('',#3229,1.);
#3229 = DIRECTION('',(0.,-1.));
#3230 = ( GEOMETRIC_REPRESENTATION_CONTEXT(2) 
PARAMETRIC_REPRESENTATION_CONTEXT() REPRESENTATION_CONTEXT('2D SPACE',''
  ) );
#3231 = ORIENTED_EDGE('',*,*,#2816,.F.);
#3232 = ORIENTED_EDGE('',*,*,#3186,.F.);
#3233 = ADVANCED_FACE('',(#3234),#2034,.F.);
#3234 = FACE_BOUND('',#3235,.F.);
#3235 = EDGE_LOOP('',(#3236,#3237,#3238,#3239));
#3236 = ORIENTED_EDGE('',*,*,#2017,.F.);
#3237 = ORIENTED_EDGE('',*,*,#3211,.T.);
#3238 = ORIENTED_EDGE('',*,*,#2839,.T.);
#3239 = ORIENTED_EDGE('',*,*,#3240,.F.);
#3240 = EDGE_CURVE('',#1990,#2662,#3241,.T.);
#3241 = SURFACE_CURVE('',#3242,(#3246,#3253),.PCURVE_S1.);
#3242 = LINE('',#3243,#3244);
#3243 = CARTESIAN_POINT('',(54.387499999995,-83.,5.18));
#3244 = VECTOR('',#3245,1.);
#3245 = DIRECTION('',(0.,1.,0.));
#3246 = PCURVE('',#2034,#3247);
#3247 = DEFINITIONAL_REPRESENTATION('',(#3248),#3252);
#3248 = LINE('',#3249,#3250);
#3249 = CARTESIAN_POINT('',(1.570796326795,0.));
#3250 = VECTOR('',#3251,1.);
#3251 = DIRECTION('',(0.,-1.));
#3252 = ( GEOMETRIC_REPRESENTATION_CONTEXT(2) 
PARAMETRIC_REPRESENTATION_CONTEXT() REPRESENTATION_CONTEXT('2D SPACE',''
  ) );
#3253 = PCURVE('',#2005,#3254);
#3254 = DEFINITIONAL_REPRESENTATION('',(#3255),#3259);
#3255 = LINE('',#3256,#3257);
#3256 = CARTESIAN_POINT('',(6.37999999999,0.));
#3257 = VECTOR('',#3258,1.);
#3258 = DIRECTION('',(0.,-1.));
#3259 = ( GEOMETRIC_REPRESENTATION_CONTEXT(2) 
PARAMETRIC_REPRESENTATION_CONTEXT() REPRESENTATION_CONTEXT('2D SPACE',''
  ) );
#3260 = ADVANCED_FACE('',(#3261),#2005,.T.);
#3261 = FACE_BOUND('',#3262,.T.);
#3262 = EDGE_LOOP('',(#3263,#3264,#3265,#3266));
#3263 = ORIENTED_EDGE('',*,*,#1989,.F.);
#3264 = ORIENTED_EDGE('',*,*,#3056,.T.);
#3265 = ORIENTED_EDGE('',*,*,#2661,.F.);
#3266 = ORIENTED_EDGE('',*,*,#3240,.F.);
#3267 = ADVANCED_FACE('',(#3268),#2208,.F.);
#3268 = FACE_BOUND('',#3269,.F.);
#3269 = EDGE_LOOP('',(#3270,#3271,#3295,#3322,#3323));
#3270 = ORIENTED_EDGE('',*,*,#2189,.F.);
#3271 = ORIENTED_EDGE('',*,*,#3272,.T.);
#3272 = EDGE_CURVE('',#2190,#3273,#3275,.T.);
#3273 = VERTEX_POINT('',#3274);
#3274 = CARTESIAN_POINT('',(66.7,-58.5,-1.));
#3275 = SEAM_CURVE('',#3276,(#3281,#3288),.PCURVE_S1.);
#3276 = CIRCLE('',#3277,0.3);
#3277 = AXIS2_PLACEMENT_3D('',#3278,#3279,#3280);
#3278 = CARTESIAN_POINT('',(66.7,-58.5,-1.3));
#3279 = DIRECTION('',(0.,-1.,0.));
#3280 = DIRECTION('',(1.,0.,0.));
#3281 = PCURVE('',#2208,#3282);
#3282 = DEFINITIONAL_REPRESENTATION('',(#3283),#3287);
#3283 = LINE('',#3284,#3285);
#3284 = CARTESIAN_POINT('',(-3.14159265359,6.28318530718));
#3285 = VECTOR('',#3286,1.);
#3286 = DIRECTION('',(0.,-1.));
#3287 = ( GEOMETRIC_REPRESENTATION_CONTEXT(2) 
PARAMETRIC_REPRESENTATION_CONTEXT() REPRESENTATION_CONTEXT('2D SPACE',''
  ) );
#3288 = PCURVE('',#2208,#3289);
#3289 = DEFINITIONAL_REPRESENTATION('',(#3290),#3294);
#3290 = LINE('',#3291,#3292);
#3291 = CARTESIAN_POINT('',(3.14159265359,6.28318530718));
#3292 = VECTOR('',#3293,1.);
#3293 = DIRECTION('',(0.,-1.));
#3294 = ( GEOMETRIC_REPRESENTATION_CONTEXT(2) 
PARAMETRIC_REPRESENTATION_CONTEXT() REPRESENTATION_CONTEXT('2D SPACE',''
  ) );
#3295 = ORIENTED_EDGE('',*,*,#3296,.F.);
#3296 = EDGE_CURVE('',#3273,#3273,#3297,.T.);
#3297 = SURFACE_CURVE('',#3298,(#3303,#3310),.PCURVE_S1.);
#3298 = CIRCLE('',#3299,1.7);
#3299 = AXIS2_PLACEMENT_3D('',#3300,#3301,#3302);
#3300 = CARTESIAN_POINT('',(65.,-58.5,-1.));
#3301 = DIRECTION('',(0.,0.,1.));
#3302 = DIRECTION('',(1.,0.,0.));
#3303 = PCURVE('',#2208,#3304);
#3304 = DEFINITIONAL_REPRESENTATION('',(#3305),#3309);
#3305 = LINE('',#3306,#3307);
#3306 = CARTESIAN_POINT('',(3.14159265359,4.712388980385));
#3307 = VECTOR('',#3308,1.);
#3308 = DIRECTION('',(-1.,0.));
#3309 = ( GEOMETRIC_REPRESENTATION_CONTEXT(2) 
PARAMETRIC_REPRESENTATION_CONTEXT() REPRESENTATION_CONTEXT('2D SPACE',''
  ) );
#3310 = PCURVE('',#3311,#3316);
#3311 = PLANE('',#3312);
#3312 = AXIS2_PLACEMENT_3D('',#3313,#3314,#3315);
#3313 = CARTESIAN_POINT('',(46.5,-58.5,-1.));
#3314 = DIRECTION('',(0.,0.,1.));
#3315 = DIRECTION('',(-1.,0.,0.));
#3316 = DEFINITIONAL_REPRESENTATION('',(#3317),#3321);
#3317 = CIRCLE('',#3318,1.7);
#3318 = AXIS2_PLACEMENT_2D('',#3319,#3320);
#3319 = CARTESIAN_POINT('',(-18.5,0.));
#3320 = DIRECTION('',(-1.,0.));
#3321 = ( GEOMETRIC_REPRESENTATION_CONTEXT(2) 
PARAMETRIC_REPRESENTATION_CONTEXT() REPRESENTATION_CONTEXT('2D SPACE',''
  ) );
#3322 = ORIENTED_EDGE('',*,*,#3272,.F.);
#3323 = ORIENTED_EDGE('',*,*,#2243,.F.);
#3324 = ADVANCED_FACE('',(#3325),#2287,.F.);
#3325 = FACE_BOUND('',#3326,.F.);
#3326 = EDGE_LOOP('',(#3327,#3328,#3352,#3379,#3380));
#3327 = ORIENTED_EDGE('',*,*,#2268,.F.);
#3328 = ORIENTED_EDGE('',*,*,#3329,.T.);
#3329 = EDGE_CURVE('',#2269,#3330,#3332,.T.);
#3330 = VERTEX_POINT('',#3331);
#3331 = CARTESIAN_POINT('',(48.2,-40.,-1.));
#3332 = SEAM_CURVE('',#3333,(#3338,#3345),.PCURVE_S1.);
#3333 = CIRCLE('',#3334,0.3);
#3334 = AXIS2_PLACEMENT_3D('',#3335,#3336,#3337);
#3335 = CARTESIAN_POINT('',(48.2,-40.,-1.3));
#3336 = DIRECTION('',(0.,-1.,0.));
#3337 = DIRECTION('',(1.,0.,0.));
#3338 = PCURVE('',#2287,#3339);
#3339 = DEFINITIONAL_REPRESENTATION('',(#3340),#3344);
#3340 = LINE('',#3341,#3342);
#3341 = CARTESIAN_POINT('',(-3.14159265359,6.28318530718));
#3342 = VECTOR('',#3343,1.);
#3343 = DIRECTION('',(0.,-1.));
#3344 = ( GEOMETRIC_REPRESENTATION_CONTEXT(2) 
PARAMETRIC_REPRESENTATION_CONTEXT() REPRESENTATION_CONTEXT('2D SPACE',''
  ) );
#3345 = PCURVE('',#2287,#3346);
#3346 = DEFINITIONAL_REPRESENTATION('',(#3347),#3351);
#3347 = LINE('',#3348,#3349);
#3348 = CARTESIAN_POINT('',(3.14159265359,6.28318530718));
#3349 = VECTOR('',#3350,1.);
#3350 = DIRECTION('',(0.,-1.));
#3351 = ( GEOMETRIC_REPRESENTATION_CONTEXT(2) 
PARAMETRIC_REPRESENTATION_CONTEXT() REPRESENTATION_CONTEXT('2D SPACE',''
  ) );
#3352 = ORIENTED_EDGE('',*,*,#3353,.F.);
#3353 = EDGE_CURVE('',#3330,#3330,#3354,.T.);
#3354 = SURFACE_CURVE('',#3355,(#3360,#3367),.PCURVE_S1.);
#3355 = CIRCLE('',#3356,1.7);
#3356 = AXIS2_PLACEMENT_3D('',#3357,#3358,#3359);
#3357 = CARTESIAN_POINT('',(46.5,-40.,-1.));
#3358 = DIRECTION('',(0.,0.,1.));
#3359 = DIRECTION('',(1.,0.,0.));
#3360 = PCURVE('',#2287,#3361);
#3361 = DEFINITIONAL_REPRESENTATION('',(#3362),#3366);
#3362 = LINE('',#3363,#3364);
#3363 = CARTESIAN_POINT('',(3.14159265359,4.712388980385));
#3364 = VECTOR('',#3365,1.);
#3365 = DIRECTION('',(-1.,0.));
#3366 = ( GEOMETRIC_REPRESENTATION_CONTEXT(2) 
PARAMETRIC_REPRESENTATION_CONTEXT() REPRESENTATION_CONTEXT('2D SPACE',''
  ) );
#3367 = PCURVE('',#3368,#3373);
#3368 = PLANE('',#3369);
#3369 = AXIS2_PLACEMENT_3D('',#3370,#3371,#3372);
#3370 = CARTESIAN_POINT('',(46.5,-58.5,-1.));
#3371 = DIRECTION('',(0.,0.,1.));
#3372 = DIRECTION('',(-1.,0.,0.));
#3373 = DEFINITIONAL_REPRESENTATION('',(#3374),#3378);
#3374 = CIRCLE('',#3375,1.7);
#3375 = AXIS2_PLACEMENT_2D('',#3376,#3377);
#3376 = CARTESIAN_POINT('',(0.,-18.5));
#3377 = DIRECTION('',(-1.,0.));
#3378 = ( GEOMETRIC_REPRESENTATION_CONTEXT(2) 
PARAMETRIC_REPRESENTATION_CONTEXT() REPRESENTATION_CONTEXT('2D SPACE',''
  ) );
#3379 = ORIENTED_EDGE('',*,*,#3329,.F.);
#3380 = ORIENTED_EDGE('',*,*,#2322,.F.);
#3381 = ADVANCED_FACE('',(#3382),#2366,.F.);
#3382 = FACE_BOUND('',#3383,.F.);
#3383 = EDGE_LOOP('',(#3384,#3385,#3409,#3436,#3437));
#3384 = ORIENTED_EDGE('',*,*,#2347,.F.);
#3385 = ORIENTED_EDGE('',*,*,#3386,.T.);
#3386 = EDGE_CURVE('',#2348,#3387,#3389,.T.);
#3387 = VERTEX_POINT('',#3388);
#3388 = CARTESIAN_POINT('',(29.70000042591,-76.99999957409,-1.));
#3389 = SEAM_CURVE('',#3390,(#3395,#3402),.PCURVE_S1.);
#3390 = CIRCLE('',#3391,0.3);
#3391 = AXIS2_PLACEMENT_3D('',#3392,#3393,#3394);
#3392 = CARTESIAN_POINT('',(29.70000042591,-76.99999957409,-1.3));
#3393 = DIRECTION('',(0.,-1.,0.));
#3394 = DIRECTION('',(1.,0.,0.));
#3395 = PCURVE('',#2366,#3396);
#3396 = DEFINITIONAL_REPRESENTATION('',(#3397),#3401);
#3397 = LINE('',#3398,#3399);
#3398 = CARTESIAN_POINT('',(-3.14159265359,6.28318530718));
#3399 = VECTOR('',#3400,1.);
#3400 = DIRECTION('',(0.,-1.));
#3401 = ( GEOMETRIC_REPRESENTATION_CONTEXT(2) 
PARAMETRIC_REPRESENTATION_CONTEXT() REPRESENTATION_CONTEXT('2D SPACE',''
  ) );
#3402 = PCURVE('',#2366,#3403);
#3403 = DEFINITIONAL_REPRESENTATION('',(#3404),#3408);
#3404 = LINE('',#3405,#3406);
#3405 = CARTESIAN_POINT('',(3.14159265359,6.28318530718));
#3406 = VECTOR('',#3407,1.);
#3407 = DIRECTION('',(0.,-1.));
#3408 = ( GEOMETRIC_REPRESENTATION_CONTEXT(2) 
PARAMETRIC_REPRESENTATION_CONTEXT() REPRESENTATION_CONTEXT('2D SPACE',''
  ) );
#3409 = ORIENTED_EDGE('',*,*,#3410,.F.);
#3410 = EDGE_CURVE('',#3387,#3387,#3411,.T.);
#3411 = SURFACE_CURVE('',#3412,(#3417,#3424),.PCURVE_S1.);
#3412 = CIRCLE('',#3413,1.7);
#3413 = AXIS2_PLACEMENT_3D('',#3414,#3415,#3416);
#3414 = CARTESIAN_POINT('',(28.00000042591,-76.99999957409,-1.));
#3415 = DIRECTION('',(0.,0.,1.));
#3416 = DIRECTION('',(1.,0.,0.));
#3417 = PCURVE('',#2366,#3418);
#3418 = DEFINITIONAL_REPRESENTATION('',(#3419),#3423);
#3419 = LINE('',#3420,#3421);
#3420 = CARTESIAN_POINT('',(3.14159265359,4.712388980385));
#3421 = VECTOR('',#3422,1.);
#3422 = DIRECTION('',(-1.,0.));
#3423 = ( GEOMETRIC_REPRESENTATION_CONTEXT(2) 
PARAMETRIC_REPRESENTATION_CONTEXT() REPRESENTATION_CONTEXT('2D SPACE',''
  ) );
#3424 = PCURVE('',#3425,#3430);
#3425 = PLANE('',#3426);
#3426 = AXIS2_PLACEMENT_3D('',#3427,#3428,#3429);
#3427 = CARTESIAN_POINT('',(46.5,-58.5,-1.));
#3428 = DIRECTION('',(0.,0.,1.));
#3429 = DIRECTION('',(-1.,0.,0.));
#3430 = DEFINITIONAL_REPRESENTATION('',(#3431),#3435);
#3431 = CIRCLE('',#3432,1.7);
#3432 = AXIS2_PLACEMENT_2D('',#3433,#3434);
#3433 = CARTESIAN_POINT('',(18.49999957409,18.49999957409));
#3434 = DIRECTION('',(-1.,0.));
#3435 = ( GEOMETRIC_REPRESENTATION_CONTEXT(2) 
PARAMETRIC_REPRESENTATION_CONTEXT() REPRESENTATION_CONTEXT('2D SPACE',''
  ) );
#3436 = ORIENTED_EDGE('',*,*,#3386,.F.);
#3437 = ORIENTED_EDGE('',*,*,#2401,.F.);
#3438 = ADVANCED_FACE('',(#3439,#3449,#3802,#4007,#4212,#4243,#4274),
  #2466,.T.);
#3439 = FACE_BOUND('',#3440,.T.);
#3440 = EDGE_LOOP('',(#3441,#3442,#3443,#3444,#3445,#3446,#3447,#3448));
#3441 = ORIENTED_EDGE('',*,*,#2924,.F.);
#3442 = ORIENTED_EDGE('',*,*,#2891,.F.);
#3443 = ORIENTED_EDGE('',*,*,#2614,.F.);
#3444 = ORIENTED_EDGE('',*,*,#2582,.F.);
#3445 = ORIENTED_EDGE('',*,*,#2510,.F.);
#3446 = ORIENTED_EDGE('',*,*,#2449,.F.);
#3447 = ORIENTED_EDGE('',*,*,#3030,.F.);
#3448 = ORIENTED_EDGE('',*,*,#2995,.F.);
#3449 = FACE_BOUND('',#3450,.T.);
#3450 = EDGE_LOOP('',(#3451,#3481,#3510,#3543,#3572,#3600,#3629,#3657,
    #3686,#3719,#3748,#3776));
#3451 = ORIENTED_EDGE('',*,*,#3452,.F.);
#3452 = EDGE_CURVE('',#3453,#3455,#3457,.T.);
#3453 = VERTEX_POINT('',#3454);
#3454 = CARTESIAN_POINT('',(68.2,-54.46887112585,0.));
#3455 = VERTEX_POINT('',#3456);
#3456 = CARTESIAN_POINT('',(68.2,-50.80000073015,0.));
#3457 = SURFACE_CURVE('',#3458,(#3462,#3469),.PCURVE_S1.);
#3458 = LINE('',#3459,#3460);
#3459 = CARTESIAN_POINT('',(68.2,-67.74999994676,0.));
#3460 = VECTOR('',#3461,1.);
#3461 = DIRECTION('',(-2.400482222314E-16,1.,0.));
#3462 = PCURVE('',#2466,#3463);
#3463 = DEFINITIONAL_REPRESENTATION('',(#3464),#3468);
#3464 = LINE('',#3465,#3466);
#3465 = CARTESIAN_POINT('',(21.7,-9.24999994676));
#3466 = VECTOR('',#3467,1.);
#3467 = DIRECTION('',(-2.400482222314E-16,1.));
#3468 = ( GEOMETRIC_REPRESENTATION_CONTEXT(2) 
PARAMETRIC_REPRESENTATION_CONTEXT() REPRESENTATION_CONTEXT('2D SPACE',''
  ) );
#3469 = PCURVE('',#3470,#3475);
#3470 = CYLINDRICAL_SURFACE('',#3471,0.2);
#3471 = AXIS2_PLACEMENT_3D('',#3472,#3473,#3474);
#3472 = CARTESIAN_POINT('',(68.2,-67.74999994676,-0.2));
#3473 = DIRECTION('',(2.400482222314E-16,-1.,0.));
#3474 = DIRECTION('',(-0.707106781187,-1.697397257516E-16,0.707106781187
    ));
#3475 = DEFINITIONAL_REPRESENTATION('',(#3476),#3480);
#3476 = LINE('',#3477,#3478);
#3477 = CARTESIAN_POINT('',(5.497787143782,0.));
#3478 = VECTOR('',#3479,1.);
#3479 = DIRECTION('',(0.,-1.));
#3480 = ( GEOMETRIC_REPRESENTATION_CONTEXT(2) 
PARAMETRIC_REPRESENTATION_CONTEXT() REPRESENTATION_CONTEXT('2D SPACE',''
  ) );
#3481 = ORIENTED_EDGE('',*,*,#3482,.F.);
#3482 = EDGE_CURVE('',#3483,#3453,#3485,.T.);
#3483 = VERTEX_POINT('',#3484);
#3484 = CARTESIAN_POINT('',(66.466666666667,-55.54383882562,0.));
#3485 = SURFACE_CURVE('',#3486,(#3491,#3498),.PCURVE_S1.);
#3486 = CIRCLE('',#3487,1.2);
#3487 = AXIS2_PLACEMENT_3D('',#3488,#3489,#3490);
#3488 = CARTESIAN_POINT('',(67.,-54.46887112585,0.));
#3489 = DIRECTION('',(-0.,0.,1.));
#3490 = DIRECTION('',(0.527046276695,-0.849836585599,0.));
#3491 = PCURVE('',#2466,#3492);
#3492 = DEFINITIONAL_REPRESENTATION('',(#3493),#3497);
#3493 = CIRCLE('',#3494,1.2);
#3494 = AXIS2_PLACEMENT_2D('',#3495,#3496);
#3495 = CARTESIAN_POINT('',(20.5,4.03112887415));
#3496 = DIRECTION('',(0.527046276695,-0.849836585599));
#3497 = ( GEOMETRIC_REPRESENTATION_CONTEXT(2) 
PARAMETRIC_REPRESENTATION_CONTEXT() REPRESENTATION_CONTEXT('2D SPACE',''
  ) );
#3498 = PCURVE('',#3499,#3504);
#3499 = TOROIDAL_SURFACE('',#3500,1.2,0.2);
#3500 = AXIS2_PLACEMENT_3D('',#3501,#3502,#3503);
#3501 = CARTESIAN_POINT('',(67.,-54.46887112585,-0.2));
#3502 = DIRECTION('',(0.,0.,1.));
#3503 = DIRECTION('',(1.,0.,0.));
#3504 = DEFINITIONAL_REPRESENTATION('',(#3505),#3509);
#3505 = LINE('',#3506,#3507);
#3506 = CARTESIAN_POINT('',(-1.015675159238,1.570796326795));
#3507 = VECTOR('',#3508,1.);
#3508 = DIRECTION('',(1.,-1.858250765213E-15));
#3509 = ( GEOMETRIC_REPRESENTATION_CONTEXT(2) 
PARAMETRIC_REPRESENTATION_CONTEXT() REPRESENTATION_CONTEXT('2D SPACE',''
  ) );
#3510 = ORIENTED_EDGE('',*,*,#3511,.F.);
#3511 = EDGE_CURVE('',#3512,#3483,#3514,.T.);
#3512 = VERTEX_POINT('',#3513);
#3513 = CARTESIAN_POINT('',(66.466666666667,-61.45616117437,0.));
#3514 = SURFACE_CURVE('',#3515,(#3520,#3531),.PCURVE_S1.);
#3515 = CIRCLE('',#3516,3.3);
#3516 = AXIS2_PLACEMENT_3D('',#3517,#3518,#3519);
#3517 = CARTESIAN_POINT('',(65.,-58.5,0.));
#3518 = DIRECTION('',(0.,0.,-1.));
#3519 = DIRECTION('',(-1.,0.,0.));
#3520 = PCURVE('',#2466,#3521);
#3521 = DEFINITIONAL_REPRESENTATION('',(#3522),#3530);
#3522 = ( BOUNDED_CURVE() B_SPLINE_CURVE(2,(#3523,#3524,#3525,#3526,
#3527,#3528,#3529),.UNSPECIFIED.,.T.,.F.) B_SPLINE_CURVE_WITH_KNOTS((1,2
    ,2,2,2,1),(-2.094395102393,0.,2.094395102393,4.188790204786,
6.28318530718,8.377580409573),.UNSPECIFIED.) CURVE() 
GEOMETRIC_REPRESENTATION_ITEM() RATIONAL_B_SPLINE_CURVE((1.,0.5,1.,0.5,
1.,0.5,1.)) REPRESENTATION_ITEM('') );
#3523 = CARTESIAN_POINT('',(15.2,0.));
#3524 = CARTESIAN_POINT('',(15.2,5.715767664977));
#3525 = CARTESIAN_POINT('',(20.15,2.857883832489));
#3526 = CARTESIAN_POINT('',(25.1,8.082668874373E-16));
#3527 = CARTESIAN_POINT('',(20.15,-2.857883832489));
#3528 = CARTESIAN_POINT('',(15.2,-5.715767664977));
#3529 = CARTESIAN_POINT('',(15.2,0.));
#3530 = ( GEOMETRIC_REPRESENTATION_CONTEXT(2) 
PARAMETRIC_REPRESENTATION_CONTEXT() REPRESENTATION_CONTEXT('2D SPACE',''
  ) );
#3531 = PCURVE('',#3532,#3537);
#3532 = TOROIDAL_SURFACE('',#3533,3.3,0.2);
#3533 = AXIS2_PLACEMENT_3D('',#3534,#3535,#3536);
#3534 = CARTESIAN_POINT('',(65.,-58.5,-0.2));
#3535 = DIRECTION('',(0.,0.,1.));
#3536 = DIRECTION('',(-1.,0.,0.));
#3537 = DEFINITIONAL_REPRESENTATION('',(#3538),#3542);
#3538 = LINE('',#3539,#3540);
#3539 = CARTESIAN_POINT('',(6.28318530718,1.570796326795));
#3540 = VECTOR('',#3541,1.);
#3541 = DIRECTION('',(-1.,0.));
#3542 = ( GEOMETRIC_REPRESENTATION_CONTEXT(2) 
PARAMETRIC_REPRESENTATION_CONTEXT() REPRESENTATION_CONTEXT('2D SPACE',''
  ) );
#3543 = ORIENTED_EDGE('',*,*,#3544,.F.);
#3544 = EDGE_CURVE('',#3545,#3512,#3547,.T.);
#3545 = VERTEX_POINT('',#3546);
#3546 = CARTESIAN_POINT('',(68.2,-62.53112887414,0.));
#3547 = SURFACE_CURVE('',#3548,(#3553,#3560),.PCURVE_S1.);
#3548 = CIRCLE('',#3549,1.2);
#3549 = AXIS2_PLACEMENT_3D('',#3550,#3551,#3552);
#3550 = CARTESIAN_POINT('',(67.,-62.53112887414,0.));
#3551 = DIRECTION('',(0.,-0.,1.));
#3552 = DIRECTION('',(0.527046276695,0.849836585599,0.));
#3553 = PCURVE('',#2466,#3554);
#3554 = DEFINITIONAL_REPRESENTATION('',(#3555),#3559);
#3555 = CIRCLE('',#3556,1.2);
#3556 = AXIS2_PLACEMENT_2D('',#3557,#3558);
#3557 = CARTESIAN_POINT('',(20.5,-4.03112887414));
#3558 = DIRECTION('',(0.527046276695,0.849836585599));
#3559 = ( GEOMETRIC_REPRESENTATION_CONTEXT(2) 
PARAMETRIC_REPRESENTATION_CONTEXT() REPRESENTATION_CONTEXT('2D SPACE',''
  ) );
#3560 = PCURVE('',#3561,#3566);
#3561 = TOROIDAL_SURFACE('',#3562,1.2,0.2);
#3562 = AXIS2_PLACEMENT_3D('',#3563,#3564,#3565);
#3563 = CARTESIAN_POINT('',(67.,-62.53112887414,-0.2));
#3564 = DIRECTION('',(0.,0.,1.));
#3565 = DIRECTION('',(1.,0.,0.));
#3566 = DEFINITIONAL_REPRESENTATION('',(#3567),#3571);
#3567 = LINE('',#3568,#3569);
#3568 = CARTESIAN_POINT('',(-5.267510147941,1.570796326795));
#3569 = VECTOR('',#3570,1.);
#3570 = DIRECTION('',(1.,-6.667840981061E-15));
#3571 = ( GEOMETRIC_REPRESENTATION_CONTEXT(2) 
PARAMETRIC_REPRESENTATION_CONTEXT() REPRESENTATION_CONTEXT('2D SPACE',''
  ) );
#3572 = ORIENTED_EDGE('',*,*,#3573,.F.);
#3573 = EDGE_CURVE('',#3574,#3545,#3576,.T.);
#3574 = VERTEX_POINT('',#3575);
#3575 = CARTESIAN_POINT('',(68.2,-76.99999989352,0.));
#3576 = SURFACE_CURVE('',#3577,(#3581,#3588),.PCURVE_S1.);
#3577 = LINE('',#3578,#3579);
#3578 = CARTESIAN_POINT('',(68.2,-67.74999994676,0.));
#3579 = VECTOR('',#3580,1.);
#3580 = DIRECTION('',(-2.400482222314E-16,1.,0.));
#3581 = PCURVE('',#2466,#3582);
#3582 = DEFINITIONAL_REPRESENTATION('',(#3583),#3587);
#3583 = LINE('',#3584,#3585);
#3584 = CARTESIAN_POINT('',(21.7,-9.24999994676));
#3585 = VECTOR('',#3586,1.);
#3586 = DIRECTION('',(-2.400482222314E-16,1.));
#3587 = ( GEOMETRIC_REPRESENTATION_CONTEXT(2) 
PARAMETRIC_REPRESENTATION_CONTEXT() REPRESENTATION_CONTEXT('2D SPACE',''
  ) );
#3588 = PCURVE('',#3589,#3594);
#3589 = CYLINDRICAL_SURFACE('',#3590,0.2);
#3590 = AXIS2_PLACEMENT_3D('',#3591,#3592,#3593);
#3591 = CARTESIAN_POINT('',(68.2,-67.74999994676,-0.2));
#3592 = DIRECTION('',(2.400482222314E-16,-1.,0.));
#3593 = DIRECTION('',(-0.707106781187,-1.697397257516E-16,0.707106781187
    ));
#3594 = DEFINITIONAL_REPRESENTATION('',(#3595),#3599);
#3595 = LINE('',#3596,#3597);
#3596 = CARTESIAN_POINT('',(5.497787143783,0.));
#3597 = VECTOR('',#3598,1.);
#3598 = DIRECTION('',(-3.498971678932E-15,-1.));
#3599 = ( GEOMETRIC_REPRESENTATION_CONTEXT(2) 
PARAMETRIC_REPRESENTATION_CONTEXT() REPRESENTATION_CONTEXT('2D SPACE',''
  ) );
#3600 = ORIENTED_EDGE('',*,*,#3601,.F.);
#3601 = EDGE_CURVE('',#3602,#3574,#3604,.T.);
#3602 = VERTEX_POINT('',#3603);
#3603 = CARTESIAN_POINT('',(65.000000028394,-80.2,0.));
#3604 = SURFACE_CURVE('',#3605,(#3610,#3617),.PCURVE_S1.);
#3605 = CIRCLE('',#3606,3.20000042591);
#3606 = AXIS2_PLACEMENT_3D('',#3607,#3608,#3609);
#3607 = CARTESIAN_POINT('',(64.99999957409,-76.99999957409,0.));
#3608 = DIRECTION('',(-0.,0.,1.));
#3609 = DIRECTION('',(0.707106793735,-0.707106768638,0.));
#3610 = PCURVE('',#2466,#3611);
#3611 = DEFINITIONAL_REPRESENTATION('',(#3612),#3616);
#3612 = CIRCLE('',#3613,3.20000042591);
#3613 = AXIS2_PLACEMENT_2D('',#3614,#3615);
#3614 = CARTESIAN_POINT('',(18.49999957409,-18.49999957409));
#3615 = DIRECTION('',(0.707106793735,-0.707106768638));
#3616 = ( GEOMETRIC_REPRESENTATION_CONTEXT(2) 
PARAMETRIC_REPRESENTATION_CONTEXT() REPRESENTATION_CONTEXT('2D SPACE',''
  ) );
#3617 = PCURVE('',#3618,#3623);
#3618 = TOROIDAL_SURFACE('',#3619,3.20000042591,0.2);
#3619 = AXIS2_PLACEMENT_3D('',#3620,#3621,#3622);
#3620 = CARTESIAN_POINT('',(64.99999957409,-76.99999957409,-0.2));
#3621 = DIRECTION('',(0.,0.,1.));
#3622 = DIRECTION('',(1.,0.,0.));
#3623 = DEFINITIONAL_REPRESENTATION('',(#3624),#3628);
#3624 = LINE('',#3625,#3626);
#3625 = CARTESIAN_POINT('',(-0.785398145651,1.570796326795));
#3626 = VECTOR('',#3627,1.);
#3627 = DIRECTION('',(1.,7.067900380103E-15));
#3628 = ( GEOMETRIC_REPRESENTATION_CONTEXT(2) 
PARAMETRIC_REPRESENTATION_CONTEXT() REPRESENTATION_CONTEXT('2D SPACE',''
  ) );
#3629 = ORIENTED_EDGE('',*,*,#3630,.F.);
#3630 = EDGE_CURVE('',#3631,#3602,#3633,.T.);
#3631 = VERTEX_POINT('',#3632);
#3632 = CARTESIAN_POINT('',(32.031128874149,-80.2,0.));
#3633 = SURFACE_CURVE('',#3634,(#3638,#3645),.PCURVE_S1.);
#3634 = LINE('',#3635,#3636);
#3635 = CARTESIAN_POINT('',(37.250000053239,-80.2,0.));
#3636 = VECTOR('',#3637,1.);
#3637 = DIRECTION('',(1.,2.400482222314E-16,0.));
#3638 = PCURVE('',#2466,#3639);
#3639 = DEFINITIONAL_REPRESENTATION('',(#3640),#3644);
#3640 = LINE('',#3641,#3642);
#3641 = CARTESIAN_POINT('',(-9.249999946761,-21.7));
#3642 = VECTOR('',#3643,1.);
#3643 = DIRECTION('',(1.,2.400482222314E-16));
#3644 = ( GEOMETRIC_REPRESENTATION_CONTEXT(2) 
PARAMETRIC_REPRESENTATION_CONTEXT() REPRESENTATION_CONTEXT('2D SPACE',''
  ) );
#3645 = PCURVE('',#3646,#3651);
#3646 = CYLINDRICAL_SURFACE('',#3647,0.2);
#3647 = AXIS2_PLACEMENT_3D('',#3648,#3649,#3650);
#3648 = CARTESIAN_POINT('',(37.250000053239,-80.2,-0.2));
#3649 = DIRECTION('',(-1.,-2.400482222314E-16,0.));
#3650 = DIRECTION('',(-1.697397257516E-16,0.707106781187,0.707106781187)
  );
#3651 = DEFINITIONAL_REPRESENTATION('',(#3652),#3656);
#3652 = LINE('',#3653,#3654);
#3653 = CARTESIAN_POINT('',(5.497787143782,0.));
#3654 = VECTOR('',#3655,1.);
#3655 = DIRECTION('',(-1.535574866548E-15,-1.));
#3656 = ( GEOMETRIC_REPRESENTATION_CONTEXT(2) 
PARAMETRIC_REPRESENTATION_CONTEXT() REPRESENTATION_CONTEXT('2D SPACE',''
  ) );
#3657 = ORIENTED_EDGE('',*,*,#3658,.F.);
#3658 = EDGE_CURVE('',#3659,#3631,#3661,.T.);
#3659 = VERTEX_POINT('',#3660);
#3660 = CARTESIAN_POINT('',(30.956161174376,-78.46666666666,0.));
#3661 = SURFACE_CURVE('',#3662,(#3667,#3674),.PCURVE_S1.);
#3662 = CIRCLE('',#3663,1.2);
#3663 = AXIS2_PLACEMENT_3D('',#3664,#3665,#3666);
#3664 = CARTESIAN_POINT('',(32.031128874149,-79.,0.));
#3665 = DIRECTION('',(0.,0.,1.));
#3666 = DIRECTION('',(-0.849836585599,-0.527046276695,0.));
#3667 = PCURVE('',#2466,#3668);
#3668 = DEFINITIONAL_REPRESENTATION('',(#3669),#3673);
#3669 = CIRCLE('',#3670,1.2);
#3670 = AXIS2_PLACEMENT_2D('',#3671,#3672);
#3671 = CARTESIAN_POINT('',(-14.46887112585,-20.5));
#3672 = DIRECTION('',(-0.849836585599,-0.527046276695));
#3673 = ( GEOMETRIC_REPRESENTATION_CONTEXT(2) 
PARAMETRIC_REPRESENTATION_CONTEXT() REPRESENTATION_CONTEXT('2D SPACE',''
  ) );
#3674 = PCURVE('',#3675,#3680);
#3675 = TOROIDAL_SURFACE('',#3676,1.2,0.2);
#3676 = AXIS2_PLACEMENT_3D('',#3677,#3678,#3679);
#3677 = CARTESIAN_POINT('',(32.031128874149,-79.,-0.2));
#3678 = DIRECTION('',(0.,0.,1.));
#3679 = DIRECTION('',(-0.849836585599,-0.527046276695,0.));
#3680 = DEFINITIONAL_REPRESENTATION('',(#3681),#3685);
#3681 = LINE('',#3682,#3683);
#3682 = CARTESIAN_POINT('',(-8.881784197001E-16,1.570796326795));
#3683 = VECTOR('',#3684,1.);
#3684 = DIRECTION('',(1.,1.25705198823E-14));
#3685 = ( GEOMETRIC_REPRESENTATION_CONTEXT(2) 
PARAMETRIC_REPRESENTATION_CONTEXT() REPRESENTATION_CONTEXT('2D SPACE',''
  ) );
#3686 = ORIENTED_EDGE('',*,*,#3687,.F.);
#3687 = EDGE_CURVE('',#3688,#3659,#3690,.T.);
#3688 = VERTEX_POINT('',#3689);
#3689 = CARTESIAN_POINT('',(26.533333333333,-74.04383882562,0.));
#3690 = SURFACE_CURVE('',#3691,(#3696,#3707),.PCURVE_S1.);
#3691 = CIRCLE('',#3692,3.3);
#3692 = AXIS2_PLACEMENT_3D('',#3693,#3694,#3695);
#3693 = CARTESIAN_POINT('',(28.,-77.,0.));
#3694 = DIRECTION('',(0.,0.,-1.));
#3695 = DIRECTION('',(0.707106781187,0.707106781187,0.));
#3696 = PCURVE('',#2466,#3697);
#3697 = DEFINITIONAL_REPRESENTATION('',(#3698),#3706);
#3698 = ( BOUNDED_CURVE() B_SPLINE_CURVE(2,(#3699,#3700,#3701,#3702,
#3703,#3704,#3705),.UNSPECIFIED.,.T.,.F.) B_SPLINE_CURVE_WITH_KNOTS((1,2
    ,2,2,2,1),(-2.094395102393,0.,2.094395102393,4.188790204786,
6.28318530718,8.377580409573),.UNSPECIFIED.) CURVE() 
GEOMETRIC_REPRESENTATION_ITEM() RATIONAL_B_SPLINE_CURVE((1.,0.5,1.,0.5,
1.,0.5,1.)) REPRESENTATION_ITEM('') );
#3699 = CARTESIAN_POINT('',(-16.16654762208,-16.16654762208));
#3700 = CARTESIAN_POINT('',(-12.12488954649,-20.20820569767));
#3701 = CARTESIAN_POINT('',(-17.64589715116,-21.68755522675));
#3702 = CARTESIAN_POINT('',(-23.16690475583,-23.16690475583));
#3703 = CARTESIAN_POINT('',(-21.68755522675,-17.64589715116));
#3704 = CARTESIAN_POINT('',(-20.20820569767,-12.12488954649));
#3705 = CARTESIAN_POINT('',(-16.16654762208,-16.16654762208));
#3706 = ( GEOMETRIC_REPRESENTATION_CONTEXT(2) 
PARAMETRIC_REPRESENTATION_CONTEXT() REPRESENTATION_CONTEXT('2D SPACE',''
  ) );
#3707 = PCURVE('',#3708,#3713);
#3708 = TOROIDAL_SURFACE('',#3709,3.3,0.2);
#3709 = AXIS2_PLACEMENT_3D('',#3710,#3711,#3712);
#3710 = CARTESIAN_POINT('',(28.,-77.,-0.2));
#3711 = DIRECTION('',(0.,0.,1.));
#3712 = DIRECTION('',(1.,0.,0.));
#3713 = DEFINITIONAL_REPRESENTATION('',(#3714),#3718);
#3714 = LINE('',#3715,#3716);
#3715 = CARTESIAN_POINT('',(7.068583470577,1.570796326795));
#3716 = VECTOR('',#3717,1.);
#3717 = DIRECTION('',(-1.,-8.732426519739E-15));
#3718 = ( GEOMETRIC_REPRESENTATION_CONTEXT(2) 
PARAMETRIC_REPRESENTATION_CONTEXT() REPRESENTATION_CONTEXT('2D SPACE',''
  ) );
#3719 = ORIENTED_EDGE('',*,*,#3720,.F.);
#3720 = EDGE_CURVE('',#3721,#3688,#3723,.T.);
#3721 = VERTEX_POINT('',#3722);
#3722 = CARTESIAN_POINT('',(24.8,-72.96887112585,0.));
#3723 = SURFACE_CURVE('',#3724,(#3729,#3736),.PCURVE_S1.);
#3724 = CIRCLE('',#3725,1.2);
#3725 = AXIS2_PLACEMENT_3D('',#3726,#3727,#3728);
#3726 = CARTESIAN_POINT('',(26.,-72.96887112585,0.));
#3727 = DIRECTION('',(0.,0.,1.));
#3728 = DIRECTION('',(-0.527046276695,-0.849836585599,0.));
#3729 = PCURVE('',#2466,#3730);
#3730 = DEFINITIONAL_REPRESENTATION('',(#3731),#3735);
#3731 = CIRCLE('',#3732,1.2);
#3732 = AXIS2_PLACEMENT_2D('',#3733,#3734);
#3733 = CARTESIAN_POINT('',(-20.5,-14.46887112585));
#3734 = DIRECTION('',(-0.527046276695,-0.849836585599));
#3735 = ( GEOMETRIC_REPRESENTATION_CONTEXT(2) 
PARAMETRIC_REPRESENTATION_CONTEXT() REPRESENTATION_CONTEXT('2D SPACE',''
  ) );
#3736 = PCURVE('',#3737,#3742);
#3737 = TOROIDAL_SURFACE('',#3738,1.2,0.2);
#3738 = AXIS2_PLACEMENT_3D('',#3739,#3740,#3741);
#3739 = CARTESIAN_POINT('',(26.,-72.96887112585,-0.2));
#3740 = DIRECTION('',(0.,0.,1.));
#3741 = DIRECTION('',(1.,0.,0.));
#3742 = DEFINITIONAL_REPRESENTATION('',(#3743),#3747);
#3743 = LINE('',#3744,#3745);
#3744 = CARTESIAN_POINT('',(-2.125917494352,1.570796326795));
#3745 = VECTOR('',#3746,1.);
#3746 = DIRECTION('',(1.,-3.279266056259E-15));
#3747 = ( GEOMETRIC_REPRESENTATION_CONTEXT(2) 
PARAMETRIC_REPRESENTATION_CONTEXT() REPRESENTATION_CONTEXT('2D SPACE',''
  ) );
#3748 = ORIENTED_EDGE('',*,*,#3749,.F.);
#3749 = EDGE_CURVE('',#3750,#3721,#3752,.T.);
#3750 = VERTEX_POINT('',#3751);
#3751 = CARTESIAN_POINT('',(24.8,-50.80000073015,0.));
#3752 = SURFACE_CURVE('',#3753,(#3757,#3764),.PCURVE_S1.);
#3753 = LINE('',#3754,#3755);
#3754 = CARTESIAN_POINT('',(24.8,-49.25000005323,0.));
#3755 = VECTOR('',#3756,1.);
#3756 = DIRECTION('',(1.200241111157E-16,-1.,0.));
#3757 = PCURVE('',#2466,#3758);
#3758 = DEFINITIONAL_REPRESENTATION('',(#3759),#3763);
#3759 = LINE('',#3760,#3761);
#3760 = CARTESIAN_POINT('',(-21.7,9.24999994677));
#3761 = VECTOR('',#3762,1.);
#3762 = DIRECTION('',(1.200241111157E-16,-1.));
#3763 = ( GEOMETRIC_REPRESENTATION_CONTEXT(2) 
PARAMETRIC_REPRESENTATION_CONTEXT() REPRESENTATION_CONTEXT('2D SPACE',''
  ) );
#3764 = PCURVE('',#3765,#3770);
#3765 = CYLINDRICAL_SURFACE('',#3766,0.2);
#3766 = AXIS2_PLACEMENT_3D('',#3767,#3768,#3769);
#3767 = CARTESIAN_POINT('',(24.8,-49.25000005323,-0.2));
#3768 = DIRECTION('',(-1.200241111157E-16,1.,0.));
#3769 = DIRECTION('',(0.707106781187,8.48698628758E-17,0.707106781187));
#3770 = DEFINITIONAL_REPRESENTATION('',(#3771),#3775);
#3771 = LINE('',#3772,#3773);
#3772 = CARTESIAN_POINT('',(5.497787143783,0.));
#3773 = VECTOR('',#3774,1.);
#3774 = DIRECTION('',(-5.60899028857E-16,-1.));
#3775 = ( GEOMETRIC_REPRESENTATION_CONTEXT(2) 
PARAMETRIC_REPRESENTATION_CONTEXT() REPRESENTATION_CONTEXT('2D SPACE',''
  ) );
#3776 = ORIENTED_EDGE('',*,*,#3777,.F.);
#3777 = EDGE_CURVE('',#3455,#3750,#3778,.T.);
#3778 = SURFACE_CURVE('',#3779,(#3783,#3790),.PCURVE_S1.);
#3779 = LINE('',#3780,#3781);
#3780 = CARTESIAN_POINT('',(57.35,-50.80000073015,0.));
#3781 = VECTOR('',#3782,1.);
#3782 = DIRECTION('',(-1.,0.,0.));
#3783 = PCURVE('',#2466,#3784);
#3784 = DEFINITIONAL_REPRESENTATION('',(#3785),#3789);
#3785 = LINE('',#3786,#3787);
#3786 = CARTESIAN_POINT('',(10.85,7.69999926985));
#3787 = VECTOR('',#3788,1.);
#3788 = DIRECTION('',(-1.,0.));
#3789 = ( GEOMETRIC_REPRESENTATION_CONTEXT(2) 
PARAMETRIC_REPRESENTATION_CONTEXT() REPRESENTATION_CONTEXT('2D SPACE',''
  ) );
#3790 = PCURVE('',#3791,#3796);
#3791 = CYLINDRICAL_SURFACE('',#3792,0.2);
#3792 = AXIS2_PLACEMENT_3D('',#3793,#3794,#3795);
#3793 = CARTESIAN_POINT('',(57.35,-50.80000073015,-0.2));
#3794 = DIRECTION('',(1.,0.,0.));
#3795 = DIRECTION('',(0.,-0.707106781187,0.707106781187));
#3796 = DEFINITIONAL_REPRESENTATION('',(#3797),#3801);
#3797 = LINE('',#3798,#3799);
#3798 = CARTESIAN_POINT('',(5.497787143782,0.));
#3799 = VECTOR('',#3800,1.);
#3800 = DIRECTION('',(0.,-1.));
#3801 = ( GEOMETRIC_REPRESENTATION_CONTEXT(2) 
PARAMETRIC_REPRESENTATION_CONTEXT() REPRESENTATION_CONTEXT('2D SPACE',''
  ) );
#3802 = FACE_BOUND('',#3803,.T.);
#3803 = EDGE_LOOP('',(#3804,#3839,#3867,#3895,#3923,#3952,#3980));
#3804 = ORIENTED_EDGE('',*,*,#3805,.F.);
#3805 = EDGE_CURVE('',#3806,#3808,#3810,.T.);
#3806 = VERTEX_POINT('',#3807);
#3807 = CARTESIAN_POINT('',(45.700000678003,-43.20156228813,0.));
#3808 = VERTEX_POINT('',#3809);
#3809 = CARTESIAN_POINT('',(43.543838825624,-38.53333333333,0.));
#3810 = SURFACE_CURVE('',#3811,(#3816,#3827),.PCURVE_S1.);
#3811 = CIRCLE('',#3812,3.3);
#3812 = AXIS2_PLACEMENT_3D('',#3813,#3814,#3815);
#3813 = CARTESIAN_POINT('',(46.5,-40.,0.));
#3814 = DIRECTION('',(0.,0.,-1.));
#3815 = DIRECTION('',(0.,-1.,0.));
#3816 = PCURVE('',#2466,#3817);
#3817 = DEFINITIONAL_REPRESENTATION('',(#3818),#3826);
#3818 = ( BOUNDED_CURVE() B_SPLINE_CURVE(2,(#3819,#3820,#3821,#3822,
#3823,#3824,#3825),.UNSPECIFIED.,.T.,.F.) B_SPLINE_CURVE_WITH_KNOTS((1,2
    ,2,2,2,1),(-2.094395102393,0.,2.094395102393,4.188790204786,
6.28318530718,8.377580409573),.UNSPECIFIED.) CURVE() 
GEOMETRIC_REPRESENTATION_ITEM() RATIONAL_B_SPLINE_CURVE((1.,0.5,1.,0.5,
1.,0.5,1.)) REPRESENTATION_ITEM('') );
#3819 = CARTESIAN_POINT('',(0.,15.2));
#3820 = CARTESIAN_POINT('',(-5.715767664977,15.2));
#3821 = CARTESIAN_POINT('',(-2.857883832489,20.15));
#3822 = CARTESIAN_POINT('',(-8.082668874373E-16,25.1));
#3823 = CARTESIAN_POINT('',(2.857883832489,20.15));
#3824 = CARTESIAN_POINT('',(5.715767664977,15.2));
#3825 = CARTESIAN_POINT('',(0.,15.2));
#3826 = ( GEOMETRIC_REPRESENTATION_CONTEXT(2) 
PARAMETRIC_REPRESENTATION_CONTEXT() REPRESENTATION_CONTEXT('2D SPACE',''
  ) );
#3827 = PCURVE('',#3828,#3833);
#3828 = TOROIDAL_SURFACE('',#3829,3.3,0.2);
#3829 = AXIS2_PLACEMENT_3D('',#3830,#3831,#3832);
#3830 = CARTESIAN_POINT('',(46.5,-40.,-0.2));
#3831 = DIRECTION('',(0.,0.,1.));
#3832 = DIRECTION('',(-0.907841353976,-0.419313815669,0.));
#3833 = DEFINITIONAL_REPRESENTATION('',(#3834),#3838);
#3834 = LINE('',#3835,#3836);
#3835 = CARTESIAN_POINT('',(7.421292287634,1.570796326795));
#3836 = VECTOR('',#3837,1.);
#3837 = DIRECTION('',(-1.,-3.604445322305E-14));
#3838 = ( GEOMETRIC_REPRESENTATION_CONTEXT(2) 
PARAMETRIC_REPRESENTATION_CONTEXT() REPRESENTATION_CONTEXT('2D SPACE',''
  ) );
#3839 = ORIENTED_EDGE('',*,*,#3840,.F.);
#3840 = EDGE_CURVE('',#3841,#3806,#3843,.T.);
#3841 = VERTEX_POINT('',#3842);
#3842 = CARTESIAN_POINT('',(45.700000678003,-49.20000073015,0.));
#3843 = SURFACE_CURVE('',#3844,(#3848,#3855),.PCURVE_S1.);
#3844 = LINE('',#3845,#3846);
#3845 = CARTESIAN_POINT('',(45.700000678003,-53.75000036507,0.));
#3846 = VECTOR('',#3847,1.);
#3847 = DIRECTION('',(0.,1.,0.));
#3848 = PCURVE('',#2466,#3849);
#3849 = DEFINITIONAL_REPRESENTATION('',(#3850),#3854);
#3850 = LINE('',#3851,#3852);
#3851 = CARTESIAN_POINT('',(-0.799999321997,4.74999963493));
#3852 = VECTOR('',#3853,1.);
#3853 = DIRECTION('',(0.,1.));
#3854 = ( GEOMETRIC_REPRESENTATION_CONTEXT(2) 
PARAMETRIC_REPRESENTATION_CONTEXT() REPRESENTATION_CONTEXT('2D SPACE',''
  ) );
#3855 = PCURVE('',#3856,#3861);
#3856 = CYLINDRICAL_SURFACE('',#3857,0.2);
#3857 = AXIS2_PLACEMENT_3D('',#3858,#3859,#3860);
#3858 = CARTESIAN_POINT('',(45.700000678003,-53.75000036507,-0.2));
#3859 = DIRECTION('',(0.,-1.,0.));
#3860 = DIRECTION('',(-0.707106781187,0.,0.707106781187));
#3861 = DEFINITIONAL_REPRESENTATION('',(#3862),#3866);
#3862 = LINE('',#3863,#3864);
#3863 = CARTESIAN_POINT('',(-0.785398163397,0.));
#3864 = VECTOR('',#3865,1.);
#3865 = DIRECTION('',(0.,-1.));
#3866 = ( GEOMETRIC_REPRESENTATION_CONTEXT(2) 
PARAMETRIC_REPRESENTATION_CONTEXT() REPRESENTATION_CONTEXT('2D SPACE',''
  ) );
#3867 = ORIENTED_EDGE('',*,*,#3868,.F.);
#3868 = EDGE_CURVE('',#3869,#3841,#3871,.T.);
#3869 = VERTEX_POINT('',#3870);
#3870 = CARTESIAN_POINT('',(24.8,-49.20000073015,0.));
#3871 = SURFACE_CURVE('',#3872,(#3876,#3883),.PCURVE_S1.);
#3872 = LINE('',#3873,#3874);
#3873 = CARTESIAN_POINT('',(35.65,-49.20000073015,0.));
#3874 = VECTOR('',#3875,1.);
#3875 = DIRECTION('',(1.,0.,0.));
#3876 = PCURVE('',#2466,#3877);
#3877 = DEFINITIONAL_REPRESENTATION('',(#3878),#3882);
#3878 = LINE('',#3879,#3880);
#3879 = CARTESIAN_POINT('',(-10.85,9.29999926985));
#3880 = VECTOR('',#3881,1.);
#3881 = DIRECTION('',(1.,0.));
#3882 = ( GEOMETRIC_REPRESENTATION_CONTEXT(2) 
PARAMETRIC_REPRESENTATION_CONTEXT() REPRESENTATION_CONTEXT('2D SPACE',''
  ) );
#3883 = PCURVE('',#3884,#3889);
#3884 = CYLINDRICAL_SURFACE('',#3885,0.2);
#3885 = AXIS2_PLACEMENT_3D('',#3886,#3887,#3888);
#3886 = CARTESIAN_POINT('',(35.65,-49.20000073015,-0.2));
#3887 = DIRECTION('',(-1.,0.,0.));
#3888 = DIRECTION('',(0.,0.707106781187,0.707106781187));
#3889 = DEFINITIONAL_REPRESENTATION('',(#3890),#3894);
#3890 = LINE('',#3891,#3892);
#3891 = CARTESIAN_POINT('',(-0.785398163397,0.));
#3892 = VECTOR('',#3893,1.);
#3893 = DIRECTION('',(0.,-1.));
#3894 = ( GEOMETRIC_REPRESENTATION_CONTEXT(2) 
PARAMETRIC_REPRESENTATION_CONTEXT() REPRESENTATION_CONTEXT('2D SPACE',''
  ) );
#3895 = ORIENTED_EDGE('',*,*,#3896,.F.);
#3896 = EDGE_CURVE('',#3897,#3869,#3899,.T.);
#3897 = VERTEX_POINT('',#3898);
#3898 = CARTESIAN_POINT('',(24.8,-40.00000010647,0.));
#3899 = SURFACE_CURVE('',#3900,(#3904,#3911),.PCURVE_S1.);
#3900 = LINE('',#3901,#3902);
#3901 = CARTESIAN_POINT('',(24.8,-49.25000005323,0.));
#3902 = VECTOR('',#3903,1.);
#3903 = DIRECTION('',(1.200241111157E-16,-1.,0.));
#3904 = PCURVE('',#2466,#3905);
#3905 = DEFINITIONAL_REPRESENTATION('',(#3906),#3910);
#3906 = LINE('',#3907,#3908);
#3907 = CARTESIAN_POINT('',(-21.7,9.24999994677));
#3908 = VECTOR('',#3909,1.);
#3909 = DIRECTION('',(1.200241111157E-16,-1.));
#3910 = ( GEOMETRIC_REPRESENTATION_CONTEXT(2) 
PARAMETRIC_REPRESENTATION_CONTEXT() REPRESENTATION_CONTEXT('2D SPACE',''
  ) );
#3911 = PCURVE('',#3912,#3917);
#3912 = CYLINDRICAL_SURFACE('',#3913,0.2);
#3913 = AXIS2_PLACEMENT_3D('',#3914,#3915,#3916);
#3914 = CARTESIAN_POINT('',(24.8,-49.25000005323,-0.2));
#3915 = DIRECTION('',(-1.200241111157E-16,1.,0.));
#3916 = DIRECTION('',(0.707106781187,8.48698628758E-17,0.707106781187));
#3917 = DEFINITIONAL_REPRESENTATION('',(#3918),#3922);
#3918 = LINE('',#3919,#3920);
#3919 = CARTESIAN_POINT('',(5.497787143783,0.));
#3920 = VECTOR('',#3921,1.);
#3921 = DIRECTION('',(0.,-1.));
#3922 = ( GEOMETRIC_REPRESENTATION_CONTEXT(2) 
PARAMETRIC_REPRESENTATION_CONTEXT() REPRESENTATION_CONTEXT('2D SPACE',''
  ) );
#3923 = ORIENTED_EDGE('',*,*,#3924,.F.);
#3924 = EDGE_CURVE('',#3925,#3897,#3927,.T.);
#3925 = VERTEX_POINT('',#3926);
#3926 = CARTESIAN_POINT('',(27.999999971606,-36.8,0.));
#3927 = SURFACE_CURVE('',#3928,(#3933,#3940),.PCURVE_S1.);
#3928 = CIRCLE('',#3929,3.20000042591);
#3929 = AXIS2_PLACEMENT_3D('',#3930,#3931,#3932);
#3930 = CARTESIAN_POINT('',(28.00000042591,-40.00000042591,0.));
#3931 = DIRECTION('',(0.,0.,1.));
#3932 = DIRECTION('',(-0.707106793735,0.707106768638,0.));
#3933 = PCURVE('',#2466,#3934);
#3934 = DEFINITIONAL_REPRESENTATION('',(#3935),#3939);
#3935 = CIRCLE('',#3936,3.20000042591);
#3936 = AXIS2_PLACEMENT_2D('',#3937,#3938);
#3937 = CARTESIAN_POINT('',(-18.49999957409,18.49999957409));
#3938 = DIRECTION('',(-0.707106793735,0.707106768638));
#3939 = ( GEOMETRIC_REPRESENTATION_CONTEXT(2) 
PARAMETRIC_REPRESENTATION_CONTEXT() REPRESENTATION_CONTEXT('2D SPACE',''
  ) );
#3940 = PCURVE('',#3941,#3946);
#3941 = TOROIDAL_SURFACE('',#3942,3.20000042591,0.2);
#3942 = AXIS2_PLACEMENT_3D('',#3943,#3944,#3945);
#3943 = CARTESIAN_POINT('',(28.00000042591,-40.00000042591,-0.2));
#3944 = DIRECTION('',(0.,0.,1.));
#3945 = DIRECTION('',(1.,0.,0.));
#3946 = DEFINITIONAL_REPRESENTATION('',(#3947),#3951);
#3947 = LINE('',#3948,#3949);
#3948 = CARTESIAN_POINT('',(-3.926990799241,1.570796326795));
#3949 = VECTOR('',#3950,1.);
#3950 = DIRECTION('',(1.,7.067900380103E-15));
#3951 = ( GEOMETRIC_REPRESENTATION_CONTEXT(2) 
PARAMETRIC_REPRESENTATION_CONTEXT() REPRESENTATION_CONTEXT('2D SPACE',''
  ) );
#3952 = ORIENTED_EDGE('',*,*,#3953,.F.);
#3953 = EDGE_CURVE('',#3954,#3925,#3956,.T.);
#3954 = VERTEX_POINT('',#3955);
#3955 = CARTESIAN_POINT('',(42.468871125851,-36.8,0.));
#3956 = SURFACE_CURVE('',#3957,(#3961,#3968),.PCURVE_S1.);
#3957 = LINE('',#3958,#3959);
#3958 = CARTESIAN_POINT('',(55.749999946761,-36.8,0.));
#3959 = VECTOR('',#3960,1.);
#3960 = DIRECTION('',(-1.,6.001205555784E-16,0.));
#3961 = PCURVE('',#2466,#3962);
#3962 = DEFINITIONAL_REPRESENTATION('',(#3963),#3967);
#3963 = LINE('',#3964,#3965);
#3964 = CARTESIAN_POINT('',(9.249999946761,21.7));
#3965 = VECTOR('',#3966,1.);
#3966 = DIRECTION('',(-1.,6.001205555784E-16));
#3967 = ( GEOMETRIC_REPRESENTATION_CONTEXT(2) 
PARAMETRIC_REPRESENTATION_CONTEXT() REPRESENTATION_CONTEXT('2D SPACE',''
  ) );
#3968 = PCURVE('',#3969,#3974);
#3969 = CYLINDRICAL_SURFACE('',#3970,0.2);
#3970 = AXIS2_PLACEMENT_3D('',#3971,#3972,#3973);
#3971 = CARTESIAN_POINT('',(55.749999946761,-36.8,-0.2));
#3972 = DIRECTION('',(1.,-6.001205555784E-16,0.));
#3973 = DIRECTION('',(-4.243493143789E-16,-0.707106781187,0.707106781187
    ));
#3974 = DEFINITIONAL_REPRESENTATION('',(#3975),#3979);
#3975 = LINE('',#3976,#3977);
#3976 = CARTESIAN_POINT('',(5.497787143783,0.));
#3977 = VECTOR('',#3978,1.);
#3978 = DIRECTION('',(9.207820121885E-16,-1.));
#3979 = ( GEOMETRIC_REPRESENTATION_CONTEXT(2) 
PARAMETRIC_REPRESENTATION_CONTEXT() REPRESENTATION_CONTEXT('2D SPACE',''
  ) );
#3980 = ORIENTED_EDGE('',*,*,#3981,.F.);
#3981 = EDGE_CURVE('',#3808,#3954,#3982,.T.);
#3982 = SURFACE_CURVE('',#3983,(#3988,#3995),.PCURVE_S1.);
#3983 = CIRCLE('',#3984,1.2);
#3984 = AXIS2_PLACEMENT_3D('',#3985,#3986,#3987);
#3985 = CARTESIAN_POINT('',(42.468871125851,-38.,0.));
#3986 = DIRECTION('',(0.,-0.,1.));
#3987 = DIRECTION('',(0.849836585599,0.527046276695,0.));
#3988 = PCURVE('',#2466,#3989);
#3989 = DEFINITIONAL_REPRESENTATION('',(#3990),#3994);
#3990 = CIRCLE('',#3991,1.2);
#3991 = AXIS2_PLACEMENT_2D('',#3992,#3993);
#3992 = CARTESIAN_POINT('',(-4.031128874149,20.5));
#3993 = DIRECTION('',(0.849836585599,0.527046276695));
#3994 = ( GEOMETRIC_REPRESENTATION_CONTEXT(2) 
PARAMETRIC_REPRESENTATION_CONTEXT() REPRESENTATION_CONTEXT('2D SPACE',''
  ) );
#3995 = PCURVE('',#3996,#4001);
#3996 = TOROIDAL_SURFACE('',#3997,1.2,0.2);
#3997 = AXIS2_PLACEMENT_3D('',#3998,#3999,#4000);
#3998 = CARTESIAN_POINT('',(42.468871125851,-38.,-0.2));
#3999 = DIRECTION('',(0.,0.,1.));
#4000 = DIRECTION('',(1.,0.,0.));
#4001 = DEFINITIONAL_REPRESENTATION('',(#4002),#4006);
#4002 = LINE('',#4003,#4004);
#4003 = CARTESIAN_POINT('',(-5.728064139623,1.570796326795));
#4004 = VECTOR('',#4005,1.);
#4005 = DIRECTION('',(1.,-2.623412845011E-15));
#4006 = ( GEOMETRIC_REPRESENTATION_CONTEXT(2) 
PARAMETRIC_REPRESENTATION_CONTEXT() REPRESENTATION_CONTEXT('2D SPACE',''
  ) );
#4007 = FACE_BOUND('',#4008,.T.);
#4008 = EDGE_LOOP('',(#4009,#4039,#4067,#4095,#4128,#4157,#4185));
#4009 = ORIENTED_EDGE('',*,*,#4010,.F.);
#4010 = EDGE_CURVE('',#4011,#4013,#4015,.T.);
#4011 = VERTEX_POINT('',#4012);
#4012 = CARTESIAN_POINT('',(68.2,-49.20000073015,0.));
#4013 = VERTEX_POINT('',#4014);
#4014 = CARTESIAN_POINT('',(68.2,-39.9999999716,0.));
#4015 = SURFACE_CURVE('',#4016,(#4020,#4027),.PCURVE_S1.);
#4016 = LINE('',#4017,#4018);
#4017 = CARTESIAN_POINT('',(68.2,-67.74999994676,0.));
#4018 = VECTOR('',#4019,1.);
#4019 = DIRECTION('',(-2.400482222314E-16,1.,0.));
#4020 = PCURVE('',#2466,#4021);
#4021 = DEFINITIONAL_REPRESENTATION('',(#4022),#4026);
#4022 = LINE('',#4023,#4024);
#4023 = CARTESIAN_POINT('',(21.7,-9.24999994676));
#4024 = VECTOR('',#4025,1.);
#4025 = DIRECTION('',(-2.400482222314E-16,1.));
#4026 = ( GEOMETRIC_REPRESENTATION_CONTEXT(2) 
PARAMETRIC_REPRESENTATION_CONTEXT() REPRESENTATION_CONTEXT('2D SPACE',''
  ) );
#4027 = PCURVE('',#4028,#4033);
#4028 = CYLINDRICAL_SURFACE('',#4029,0.2);
#4029 = AXIS2_PLACEMENT_3D('',#4030,#4031,#4032);
#4030 = CARTESIAN_POINT('',(68.2,-67.74999994676,-0.2));
#4031 = DIRECTION('',(2.400482222314E-16,-1.,0.));
#4032 = DIRECTION('',(-0.707106781187,-1.697397257516E-16,0.707106781187
    ));
#4033 = DEFINITIONAL_REPRESENTATION('',(#4034),#4038);
#4034 = LINE('',#4035,#4036);
#4035 = CARTESIAN_POINT('',(5.497787143782,0.));
#4036 = VECTOR('',#4037,1.);
#4037 = DIRECTION('',(0.,-1.));
#4038 = ( GEOMETRIC_REPRESENTATION_CONTEXT(2) 
PARAMETRIC_REPRESENTATION_CONTEXT() REPRESENTATION_CONTEXT('2D SPACE',''
  ) );
#4039 = ORIENTED_EDGE('',*,*,#4040,.F.);
#4040 = EDGE_CURVE('',#4041,#4011,#4043,.T.);
#4041 = VERTEX_POINT('',#4042);
#4042 = CARTESIAN_POINT('',(47.300000707805,-49.20000073015,0.));
#4043 = SURFACE_CURVE('',#4044,(#4048,#4055),.PCURVE_S1.);
#4044 = LINE('',#4045,#4046);
#4045 = CARTESIAN_POINT('',(47.000000353903,-49.20000073015,0.));
#4046 = VECTOR('',#4047,1.);
#4047 = DIRECTION('',(1.,0.,0.));
#4048 = PCURVE('',#2466,#4049);
#4049 = DEFINITIONAL_REPRESENTATION('',(#4050),#4054);
#4050 = LINE('',#4051,#4052);
#4051 = CARTESIAN_POINT('',(0.500000353903,9.29999926985));
#4052 = VECTOR('',#4053,1.);
#4053 = DIRECTION('',(1.,0.));
#4054 = ( GEOMETRIC_REPRESENTATION_CONTEXT(2) 
PARAMETRIC_REPRESENTATION_CONTEXT() REPRESENTATION_CONTEXT('2D SPACE',''
  ) );
#4055 = PCURVE('',#4056,#4061);
#4056 = CYLINDRICAL_SURFACE('',#4057,0.2);
#4057 = AXIS2_PLACEMENT_3D('',#4058,#4059,#4060);
#4058 = CARTESIAN_POINT('',(47.000000353903,-49.20000073015,-0.2));
#4059 = DIRECTION('',(-1.,0.,0.));
#4060 = DIRECTION('',(0.,0.707106781187,0.707106781187));
#4061 = DEFINITIONAL_REPRESENTATION('',(#4062),#4066);
#4062 = LINE('',#4063,#4064);
#4063 = CARTESIAN_POINT('',(-0.785398163397,0.));
#4064 = VECTOR('',#4065,1.);
#4065 = DIRECTION('',(0.,-1.));
#4066 = ( GEOMETRIC_REPRESENTATION_CONTEXT(2) 
PARAMETRIC_REPRESENTATION_CONTEXT() REPRESENTATION_CONTEXT('2D SPACE',''
  ) );
#4067 = ORIENTED_EDGE('',*,*,#4068,.F.);
#4068 = EDGE_CURVE('',#4069,#4041,#4071,.T.);
#4069 = VERTEX_POINT('',#4070);
#4070 = CARTESIAN_POINT('',(47.300000707805,-43.20156194185,0.));
#4071 = SURFACE_CURVE('',#4072,(#4076,#4083),.PCURVE_S1.);
#4072 = LINE('',#4073,#4074);
#4073 = CARTESIAN_POINT('',(47.300000707805,-50.82241840681,0.));
#4074 = VECTOR('',#4075,1.);
#4075 = DIRECTION('',(0.,-1.,0.));
#4076 = PCURVE('',#2466,#4077);
#4077 = DEFINITIONAL_REPRESENTATION('',(#4078),#4082);
#4078 = LINE('',#4079,#4080);
#4079 = CARTESIAN_POINT('',(0.800000707805,7.67758159319));
#4080 = VECTOR('',#4081,1.);
#4081 = DIRECTION('',(0.,-1.));
#4082 = ( GEOMETRIC_REPRESENTATION_CONTEXT(2) 
PARAMETRIC_REPRESENTATION_CONTEXT() REPRESENTATION_CONTEXT('2D SPACE',''
  ) );
#4083 = PCURVE('',#4084,#4089);
#4084 = CYLINDRICAL_SURFACE('',#4085,0.2);
#4085 = AXIS2_PLACEMENT_3D('',#4086,#4087,#4088);
#4086 = CARTESIAN_POINT('',(47.300000707805,-50.82241840681,-0.2));
#4087 = DIRECTION('',(0.,1.,0.));
#4088 = DIRECTION('',(0.707106781187,0.,0.707106781187));
#4089 = DEFINITIONAL_REPRESENTATION('',(#4090),#4094);
#4090 = LINE('',#4091,#4092);
#4091 = CARTESIAN_POINT('',(-0.785398163397,0.));
#4092 = VECTOR('',#4093,1.);
#4093 = DIRECTION('',(0.,-1.));
#4094 = ( GEOMETRIC_REPRESENTATION_CONTEXT(2) 
PARAMETRIC_REPRESENTATION_CONTEXT() REPRESENTATION_CONTEXT('2D SPACE',''
  ) );
#4095 = ORIENTED_EDGE('',*,*,#4096,.F.);
#4096 = EDGE_CURVE('',#4097,#4069,#4099,.T.);
#4097 = VERTEX_POINT('',#4098);
#4098 = CARTESIAN_POINT('',(49.456161174376,-38.53333333333,0.));
#4099 = SURFACE_CURVE('',#4100,(#4105,#4116),.PCURVE_S1.);
#4100 = CIRCLE('',#4101,3.3);
#4101 = AXIS2_PLACEMENT_3D('',#4102,#4103,#4104);
#4102 = CARTESIAN_POINT('',(46.5,-40.,0.));
#4103 = DIRECTION('',(0.,0.,-1.));
#4104 = DIRECTION('',(0.,-1.,0.));
#4105 = PCURVE('',#2466,#4106);
#4106 = DEFINITIONAL_REPRESENTATION('',(#4107),#4115);
#4107 = ( BOUNDED_CURVE() B_SPLINE_CURVE(2,(#4108,#4109,#4110,#4111,
#4112,#4113,#4114),.UNSPECIFIED.,.T.,.F.) B_SPLINE_CURVE_WITH_KNOTS((1,2
    ,2,2,2,1),(-2.094395102393,0.,2.094395102393,4.188790204786,
6.28318530718,8.377580409573),.UNSPECIFIED.) CURVE() 
GEOMETRIC_REPRESENTATION_ITEM() RATIONAL_B_SPLINE_CURVE((1.,0.5,1.,0.5,
1.,0.5,1.)) REPRESENTATION_ITEM('') );
#4108 = CARTESIAN_POINT('',(0.,15.2));
#4109 = CARTESIAN_POINT('',(-5.715767664977,15.2));
#4110 = CARTESIAN_POINT('',(-2.857883832489,20.15));
#4111 = CARTESIAN_POINT('',(-8.082668874373E-16,25.1));
#4112 = CARTESIAN_POINT('',(2.857883832489,20.15));
#4113 = CARTESIAN_POINT('',(5.715767664977,15.2));
#4114 = CARTESIAN_POINT('',(0.,15.2));
#4115 = ( GEOMETRIC_REPRESENTATION_CONTEXT(2) 
PARAMETRIC_REPRESENTATION_CONTEXT() REPRESENTATION_CONTEXT('2D SPACE',''
  ) );
#4116 = PCURVE('',#4117,#4122);
#4117 = TOROIDAL_SURFACE('',#4118,3.3,0.2);
#4118 = AXIS2_PLACEMENT_3D('',#4119,#4120,#4121);
#4119 = CARTESIAN_POINT('',(46.5,-40.,-0.2));
#4120 = DIRECTION('',(0.,0.,1.));
#4121 = DIRECTION('',(1.,0.,0.));
#4122 = DEFINITIONAL_REPRESENTATION('',(#4123),#4127);
#4123 = LINE('',#4124,#4125);
#4124 = CARTESIAN_POINT('',(10.995574287564,1.570796326795));
#4125 = VECTOR('',#4126,1.);
#4126 = DIRECTION('',(-1.,-4.971649925017E-16));
#4127 = ( GEOMETRIC_REPRESENTATION_CONTEXT(2) 
PARAMETRIC_REPRESENTATION_CONTEXT() REPRESENTATION_CONTEXT('2D SPACE',''
  ) );
#4128 = ORIENTED_EDGE('',*,*,#4129,.F.);
#4129 = EDGE_CURVE('',#4130,#4097,#4132,.T.);
#4130 = VERTEX_POINT('',#4131);
#4131 = CARTESIAN_POINT('',(50.531128874149,-36.8,0.));
#4132 = SURFACE_CURVE('',#4133,(#4138,#4145),.PCURVE_S1.);
#4133 = CIRCLE('',#4134,1.2);
#4134 = AXIS2_PLACEMENT_3D('',#4135,#4136,#4137);
#4135 = CARTESIAN_POINT('',(50.531128874149,-38.,0.));
#4136 = DIRECTION('',(0.,0.,1.));
#4137 = DIRECTION('',(-0.849836585599,0.527046276695,0.));
#4138 = PCURVE('',#2466,#4139);
#4139 = DEFINITIONAL_REPRESENTATION('',(#4140),#4144);
#4140 = CIRCLE('',#4141,1.2);
#4141 = AXIS2_PLACEMENT_2D('',#4142,#4143);
#4142 = CARTESIAN_POINT('',(4.031128874149,20.5));
#4143 = DIRECTION('',(-0.849836585599,0.527046276695));
#4144 = ( GEOMETRIC_REPRESENTATION_CONTEXT(2) 
PARAMETRIC_REPRESENTATION_CONTEXT() REPRESENTATION_CONTEXT('2D SPACE',''
  ) );
#4145 = PCURVE('',#4146,#4151);
#4146 = TOROIDAL_SURFACE('',#4147,1.2,0.2);
#4147 = AXIS2_PLACEMENT_3D('',#4148,#4149,#4150);
#4148 = CARTESIAN_POINT('',(50.531128874149,-38.,-0.2));
#4149 = DIRECTION('',(0.,0.,1.));
#4150 = DIRECTION('',(-0.849836585599,0.527046276695,0.));
#4151 = DEFINITIONAL_REPRESENTATION('',(#4152),#4156);
#4152 = LINE('',#4153,#4154);
#4153 = CARTESIAN_POINT('',(-1.7763568394E-15,1.570796326795));
#4154 = VECTOR('',#4155,1.);
#4155 = DIRECTION('',(1.,1.880112538924E-14));
#4156 = ( GEOMETRIC_REPRESENTATION_CONTEXT(2) 
PARAMETRIC_REPRESENTATION_CONTEXT() REPRESENTATION_CONTEXT('2D SPACE',''
  ) );
#4157 = ORIENTED_EDGE('',*,*,#4158,.F.);
#4158 = EDGE_CURVE('',#4159,#4130,#4161,.T.);
#4159 = VERTEX_POINT('',#4160);
#4160 = CARTESIAN_POINT('',(64.999999893522,-36.8,0.));
#4161 = SURFACE_CURVE('',#4162,(#4166,#4173),.PCURVE_S1.);
#4162 = LINE('',#4163,#4164);
#4163 = CARTESIAN_POINT('',(55.749999946761,-36.8,0.));
#4164 = VECTOR('',#4165,1.);
#4165 = DIRECTION('',(-1.,6.001205555784E-16,0.));
#4166 = PCURVE('',#2466,#4167);
#4167 = DEFINITIONAL_REPRESENTATION('',(#4168),#4172);
#4168 = LINE('',#4169,#4170);
#4169 = CARTESIAN_POINT('',(9.249999946761,21.7));
#4170 = VECTOR('',#4171,1.);
#4171 = DIRECTION('',(-1.,6.001205555784E-16));
#4172 = ( GEOMETRIC_REPRESENTATION_CONTEXT(2) 
PARAMETRIC_REPRESENTATION_CONTEXT() REPRESENTATION_CONTEXT('2D SPACE',''
  ) );
#4173 = PCURVE('',#4174,#4179);
#4174 = CYLINDRICAL_SURFACE('',#4175,0.2);
#4175 = AXIS2_PLACEMENT_3D('',#4176,#4177,#4178);
#4176 = CARTESIAN_POINT('',(55.749999946761,-36.8,-0.2));
#4177 = DIRECTION('',(1.,-6.001205555784E-16,0.));
#4178 = DIRECTION('',(-4.243493143789E-16,-0.707106781187,0.707106781187
    ));
#4179 = DEFINITIONAL_REPRESENTATION('',(#4180),#4184);
#4180 = LINE('',#4181,#4182);
#4181 = CARTESIAN_POINT('',(5.497787143783,7.105427357601E-15));
#4182 = VECTOR('',#4183,1.);
#4183 = DIRECTION('',(0.,-1.));
#4184 = ( GEOMETRIC_REPRESENTATION_CONTEXT(2) 
PARAMETRIC_REPRESENTATION_CONTEXT() REPRESENTATION_CONTEXT('2D SPACE',''
  ) );
#4185 = ORIENTED_EDGE('',*,*,#4186,.F.);
#4186 = EDGE_CURVE('',#4013,#4159,#4187,.T.);
#4187 = SURFACE_CURVE('',#4188,(#4193,#4200),.PCURVE_S1.);
#4188 = CIRCLE('',#4189,3.20000042591);
#4189 = AXIS2_PLACEMENT_3D('',#4190,#4191,#4192);
#4190 = CARTESIAN_POINT('',(64.99999957409,-40.00000042591,0.));
#4191 = DIRECTION('',(0.,-0.,1.));
#4192 = DIRECTION('',(0.707106768638,0.707106793735,0.));
#4193 = PCURVE('',#2466,#4194);
#4194 = DEFINITIONAL_REPRESENTATION('',(#4195),#4199);
#4195 = CIRCLE('',#4196,3.20000042591);
#4196 = AXIS2_PLACEMENT_2D('',#4197,#4198);
#4197 = CARTESIAN_POINT('',(18.49999957409,18.49999957409));
#4198 = DIRECTION('',(0.707106768638,0.707106793735));
#4199 = ( GEOMETRIC_REPRESENTATION_CONTEXT(2) 
PARAMETRIC_REPRESENTATION_CONTEXT() REPRESENTATION_CONTEXT('2D SPACE',''
  ) );
#4200 = PCURVE('',#4201,#4206);
#4201 = TOROIDAL_SURFACE('',#4202,3.20000042591,0.2);
#4202 = AXIS2_PLACEMENT_3D('',#4203,#4204,#4205);
#4203 = CARTESIAN_POINT('',(64.99999957409,-40.00000042591,-0.2));
#4204 = DIRECTION('',(0.,0.,1.));
#4205 = DIRECTION('',(1.,0.,0.));
#4206 = DEFINITIONAL_REPRESENTATION('',(#4207),#4211);
#4207 = LINE('',#4208,#4209);
#4208 = CARTESIAN_POINT('',(-5.497787126036,1.570796326795));
#4209 = VECTOR('',#4210,1.);
#4210 = DIRECTION('',(1.,-1.554938083623E-14));
#4211 = ( GEOMETRIC_REPRESENTATION_CONTEXT(2) 
PARAMETRIC_REPRESENTATION_CONTEXT() REPRESENTATION_CONTEXT('2D SPACE',''
  ) );
#4212 = FACE_BOUND('',#4213,.T.);
#4213 = EDGE_LOOP('',(#4214));
#4214 = ORIENTED_EDGE('',*,*,#4215,.F.);
#4215 = EDGE_CURVE('',#4216,#4216,#4218,.T.);
#4216 = VERTEX_POINT('',#4217);
#4217 = CARTESIAN_POINT('',(47.6,-40.,3.330669073875E-14));
#4218 = SURFACE_CURVE('',#4219,(#4224,#4231),.PCURVE_S1.);
#4219 = CIRCLE('',#4220,1.1);
#4220 = AXIS2_PLACEMENT_3D('',#4221,#4222,#4223);
#4221 = CARTESIAN_POINT('',(46.5,-40.,3.330669073875E-14));
#4222 = DIRECTION('',(0.,0.,1.));
#4223 = DIRECTION('',(-1.,0.,0.));
#4224 = PCURVE('',#2466,#4225);
#4225 = DEFINITIONAL_REPRESENTATION('',(#4226),#4230);
#4226 = CIRCLE('',#4227,1.1);
#4227 = AXIS2_PLACEMENT_2D('',#4228,#4229);
#4228 = CARTESIAN_POINT('',(0.,18.5));
#4229 = DIRECTION('',(-1.,0.));
#4230 = ( GEOMETRIC_REPRESENTATION_CONTEXT(2) 
PARAMETRIC_REPRESENTATION_CONTEXT() REPRESENTATION_CONTEXT('2D SPACE',''
  ) );
#4231 = PCURVE('',#4232,#4237);
#4232 = CYLINDRICAL_SURFACE('',#4233,1.1);
#4233 = AXIS2_PLACEMENT_3D('',#4234,#4235,#4236);
#4234 = CARTESIAN_POINT('',(46.5,-40.,3.330669073875E-14));
#4235 = DIRECTION('',(0.,0.,-1.));
#4236 = DIRECTION('',(-1.,0.,0.));
#4237 = DEFINITIONAL_REPRESENTATION('',(#4238),#4242);
#4238 = LINE('',#4239,#4240);
#4239 = CARTESIAN_POINT('',(6.28318530718,0.));
#4240 = VECTOR('',#4241,1.);
#4241 = DIRECTION('',(-1.,0.));
#4242 = ( GEOMETRIC_REPRESENTATION_CONTEXT(2) 
PARAMETRIC_REPRESENTATION_CONTEXT() REPRESENTATION_CONTEXT('2D SPACE',''
  ) );
#4243 = FACE_BOUND('',#4244,.T.);
#4244 = EDGE_LOOP('',(#4245));
#4245 = ORIENTED_EDGE('',*,*,#4246,.F.);
#4246 = EDGE_CURVE('',#4247,#4247,#4249,.T.);
#4247 = VERTEX_POINT('',#4248);
#4248 = CARTESIAN_POINT('',(66.1,-58.5,3.330669073875E-14));
#4249 = SURFACE_CURVE('',#4250,(#4255,#4262),.PCURVE_S1.);
#4250 = CIRCLE('',#4251,1.1);
#4251 = AXIS2_PLACEMENT_3D('',#4252,#4253,#4254);
#4252 = CARTESIAN_POINT('',(65.,-58.5,3.330669073875E-14));
#4253 = DIRECTION('',(0.,0.,1.));
#4254 = DIRECTION('',(-1.,0.,0.));
#4255 = PCURVE('',#2466,#4256);
#4256 = DEFINITIONAL_REPRESENTATION('',(#4257),#4261);
#4257 = CIRCLE('',#4258,1.1);
#4258 = AXIS2_PLACEMENT_2D('',#4259,#4260);
#4259 = CARTESIAN_POINT('',(18.5,0.));
#4260 = DIRECTION('',(-1.,0.));
#4261 = ( GEOMETRIC_REPRESENTATION_CONTEXT(2) 
PARAMETRIC_REPRESENTATION_CONTEXT() REPRESENTATION_CONTEXT('2D SPACE',''
  ) );
#4262 = PCURVE('',#4263,#4268);
#4263 = CYLINDRICAL_SURFACE('',#4264,1.1);
#4264 = AXIS2_PLACEMENT_3D('',#4265,#4266,#4267);
#4265 = CARTESIAN_POINT('',(65.,-58.5,3.330669073875E-14));
#4266 = DIRECTION('',(0.,0.,-1.));
#4267 = DIRECTION('',(-1.,0.,0.));
#4268 = DEFINITIONAL_REPRESENTATION('',(#4269),#4273);
#4269 = LINE('',#4270,#4271);
#4270 = CARTESIAN_POINT('',(6.28318530718,0.));
#4271 = VECTOR('',#4272,1.);
#4272 = DIRECTION('',(-1.,0.));
#4273 = ( GEOMETRIC_REPRESENTATION_CONTEXT(2) 
PARAMETRIC_REPRESENTATION_CONTEXT() REPRESENTATION_CONTEXT('2D SPACE',''
  ) );
#4274 = FACE_BOUND('',#4275,.T.);
#4275 = EDGE_LOOP('',(#4276));
#4276 = ORIENTED_EDGE('',*,*,#4277,.F.);
#4277 = EDGE_CURVE('',#4278,#4278,#4280,.T.);
#4278 = VERTEX_POINT('',#4279);
#4279 = CARTESIAN_POINT('',(29.1,-77.,3.330669073875E-14));
#4280 = SURFACE_CURVE('',#4281,(#4286,#4293),.PCURVE_S1.);
#4281 = CIRCLE('',#4282,1.1);
#4282 = AXIS2_PLACEMENT_3D('',#4283,#4284,#4285);
#4283 = CARTESIAN_POINT('',(28.,-77.,3.330669073875E-14));
#4284 = DIRECTION('',(0.,0.,1.));
#4285 = DIRECTION('',(-1.,0.,0.));
#4286 = PCURVE('',#2466,#4287);
#4287 = DEFINITIONAL_REPRESENTATION('',(#4288),#4292);
#4288 = CIRCLE('',#4289,1.1);
#4289 = AXIS2_PLACEMENT_2D('',#4290,#4291);
#4290 = CARTESIAN_POINT('',(-18.5,-18.5));
#4291 = DIRECTION('',(-1.,0.));
#4292 = ( GEOMETRIC_REPRESENTATION_CONTEXT(2) 
PARAMETRIC_REPRESENTATION_CONTEXT() REPRESENTATION_CONTEXT('2D SPACE',''
  ) );
#4293 = PCURVE('',#4294,#4299);
#4294 = CYLINDRICAL_SURFACE('',#4295,1.1);
#4295 = AXIS2_PLACEMENT_3D('',#4296,#4297,#4298);
#4296 = CARTESIAN_POINT('',(28.,-77.,3.330669073875E-14));
#4297 = DIRECTION('',(0.,0.,-1.));
#4298 = DIRECTION('',(-1.,0.,0.));
#4299 = DEFINITIONAL_REPRESENTATION('',(#4300),#4304);
#4300 = LINE('',#4301,#4302);
#4301 = CARTESIAN_POINT('',(6.28318530718,0.));
#4302 = VECTOR('',#4303,1.);
#4303 = DIRECTION('',(-1.,0.));
#4304 = ( GEOMETRIC_REPRESENTATION_CONTEXT(2) 
PARAMETRIC_REPRESENTATION_CONTEXT() REPRESENTATION_CONTEXT('2D SPACE',''
  ) );
#4305 = ADVANCED_FACE('',(#4306,#4309),#3311,.F.);
#4306 = FACE_BOUND('',#4307,.T.);
#4307 = EDGE_LOOP('',(#4308));
#4308 = ORIENTED_EDGE('',*,*,#3296,.F.);
#4309 = FACE_BOUND('',#4310,.T.);
#4310 = EDGE_LOOP('',(#4311));
#4311 = ORIENTED_EDGE('',*,*,#4312,.F.);
#4312 = EDGE_CURVE('',#4313,#4313,#4315,.T.);
#4313 = VERTEX_POINT('',#4314);
#4314 = CARTESIAN_POINT('',(63.7,-58.5,-1.));
#4315 = SURFACE_CURVE('',#4316,(#4321,#4332),.PCURVE_S1.);
#4316 = CIRCLE('',#4317,1.3);
#4317 = AXIS2_PLACEMENT_3D('',#4318,#4319,#4320);
#4318 = CARTESIAN_POINT('',(65.,-58.5,-1.));
#4319 = DIRECTION('',(0.,0.,-1.));
#4320 = DIRECTION('',(-1.,0.,0.));
#4321 = PCURVE('',#3311,#4322);
#4322 = DEFINITIONAL_REPRESENTATION('',(#4323),#4331);
#4323 = ( BOUNDED_CURVE() B_SPLINE_CURVE(2,(#4324,#4325,#4326,#4327,
#4328,#4329,#4330),.UNSPECIFIED.,.T.,.F.) B_SPLINE_CURVE_WITH_KNOTS((1,2
    ,2,2,2,1),(-2.094395102393,0.,2.094395102393,4.188790204786,
6.28318530718,8.377580409573),.UNSPECIFIED.) CURVE() 
GEOMETRIC_REPRESENTATION_ITEM() RATIONAL_B_SPLINE_CURVE((1.,0.5,1.,0.5,
1.,0.5,1.)) REPRESENTATION_ITEM('') );
#4324 = CARTESIAN_POINT('',(-17.2,0.));
#4325 = CARTESIAN_POINT('',(-17.2,-2.25166604984));
#4326 = CARTESIAN_POINT('',(-19.15,-1.12583302492));
#4327 = CARTESIAN_POINT('',(-21.1,-3.184081677783E-16));
#4328 = CARTESIAN_POINT('',(-19.15,1.12583302492));
#4329 = CARTESIAN_POINT('',(-17.2,2.25166604984));
#4330 = CARTESIAN_POINT('',(-17.2,0.));
#4331 = ( GEOMETRIC_REPRESENTATION_CONTEXT(2) 
PARAMETRIC_REPRESENTATION_CONTEXT() REPRESENTATION_CONTEXT('2D SPACE',''
  ) );
#4332 = PCURVE('',#4333,#4338);
#4333 = TOROIDAL_SURFACE('',#4334,1.3,0.2);
#4334 = AXIS2_PLACEMENT_3D('',#4335,#4336,#4337);
#4335 = CARTESIAN_POINT('',(65.,-58.5,-0.8));
#4336 = DIRECTION('',(0.,0.,1.));
#4337 = DIRECTION('',(1.,0.,0.));
#4338 = DEFINITIONAL_REPRESENTATION('',(#4339),#4343);
#4339 = LINE('',#4340,#4341);
#4340 = CARTESIAN_POINT('',(3.14159265359,4.712388980385));
#4341 = VECTOR('',#4342,1.);
#4342 = DIRECTION('',(-1.,0.));
#4343 = ( GEOMETRIC_REPRESENTATION_CONTEXT(2) 
PARAMETRIC_REPRESENTATION_CONTEXT() REPRESENTATION_CONTEXT('2D SPACE',''
  ) );
#4344 = ADVANCED_FACE('',(#4345,#4348),#3368,.F.);
#4345 = FACE_BOUND('',#4346,.T.);
#4346 = EDGE_LOOP('',(#4347));
#4347 = ORIENTED_EDGE('',*,*,#3353,.F.);
#4348 = FACE_BOUND('',#4349,.T.);
#4349 = EDGE_LOOP('',(#4350));
#4350 = ORIENTED_EDGE('',*,*,#4351,.F.);
#4351 = EDGE_CURVE('',#4352,#4352,#4354,.T.);
#4352 = VERTEX_POINT('',#4353);
#4353 = CARTESIAN_POINT('',(47.8,-40.,-1.));
#4354 = SURFACE_CURVE('',#4355,(#4360,#4371),.PCURVE_S1.);
#4355 = CIRCLE('',#4356,1.3);
#4356 = AXIS2_PLACEMENT_3D('',#4357,#4358,#4359);
#4357 = CARTESIAN_POINT('',(46.5,-40.,-1.));
#4358 = DIRECTION('',(0.,0.,-1.));
#4359 = DIRECTION('',(-1.,0.,0.));
#4360 = PCURVE('',#3368,#4361);
#4361 = DEFINITIONAL_REPRESENTATION('',(#4362),#4370);
#4362 = ( BOUNDED_CURVE() B_SPLINE_CURVE(2,(#4363,#4364,#4365,#4366,
#4367,#4368,#4369),.UNSPECIFIED.,.T.,.F.) B_SPLINE_CURVE_WITH_KNOTS((1,2
    ,2,2,2,1),(-2.094395102393,0.,2.094395102393,4.188790204786,
6.28318530718,8.377580409573),.UNSPECIFIED.) CURVE() 
GEOMETRIC_REPRESENTATION_ITEM() RATIONAL_B_SPLINE_CURVE((1.,0.5,1.,0.5,
1.,0.5,1.)) REPRESENTATION_ITEM('') );
#4363 = CARTESIAN_POINT('',(1.3,-18.5));
#4364 = CARTESIAN_POINT('',(1.3,-20.75166604984));
#4365 = CARTESIAN_POINT('',(-0.65,-19.62583302492));
#4366 = CARTESIAN_POINT('',(-2.6,-18.5));
#4367 = CARTESIAN_POINT('',(-0.65,-17.37416697508));
#4368 = CARTESIAN_POINT('',(1.3,-16.24833395016));
#4369 = CARTESIAN_POINT('',(1.3,-18.5));
#4370 = ( GEOMETRIC_REPRESENTATION_CONTEXT(2) 
PARAMETRIC_REPRESENTATION_CONTEXT() REPRESENTATION_CONTEXT('2D SPACE',''
  ) );
#4371 = PCURVE('',#4372,#4377);
#4372 = CONICAL_SURFACE('',#4373,1.2,0.785398163397);
#4373 = AXIS2_PLACEMENT_3D('',#4374,#4375,#4376);
#4374 = CARTESIAN_POINT('',(46.5,-40.,-0.9));
#4375 = DIRECTION('',(0.,0.,-1.));
#4376 = DIRECTION('',(-1.,0.,0.));
#4377 = DEFINITIONAL_REPRESENTATION('',(#4378),#4382);
#4378 = LINE('',#4379,#4380);
#4379 = CARTESIAN_POINT('',(0.,0.1));
#4380 = VECTOR('',#4381,1.);
#4381 = DIRECTION('',(1.,0.));
#4382 = ( GEOMETRIC_REPRESENTATION_CONTEXT(2) 
PARAMETRIC_REPRESENTATION_CONTEXT() REPRESENTATION_CONTEXT('2D SPACE',''
  ) );
#4383 = ADVANCED_FACE('',(#4384,#4387),#3425,.F.);
#4384 = FACE_BOUND('',#4385,.T.);
#4385 = EDGE_LOOP('',(#4386));
#4386 = ORIENTED_EDGE('',*,*,#3410,.F.);
#4387 = FACE_BOUND('',#4388,.T.);
#4388 = EDGE_LOOP('',(#4389));
#4389 = ORIENTED_EDGE('',*,*,#4390,.F.);
#4390 = EDGE_CURVE('',#4391,#4391,#4393,.T.);
#4391 = VERTEX_POINT('',#4392);
#4392 = CARTESIAN_POINT('',(29.3,-77.,-1.));
#4393 = SURFACE_CURVE('',#4394,(#4399,#4410),.PCURVE_S1.);
#4394 = CIRCLE('',#4395,1.3);
#4395 = AXIS2_PLACEMENT_3D('',#4396,#4397,#4398);
#4396 = CARTESIAN_POINT('',(28.,-77.,-1.));
#4397 = DIRECTION('',(0.,0.,-1.));
#4398 = DIRECTION('',(-1.,0.,0.));
#4399 = PCURVE('',#3425,#4400);
#4400 = DEFINITIONAL_REPRESENTATION('',(#4401),#4409);
#4401 = ( BOUNDED_CURVE() B_SPLINE_CURVE(2,(#4402,#4403,#4404,#4405,
#4406,#4407,#4408),.UNSPECIFIED.,.T.,.F.) B_SPLINE_CURVE_WITH_KNOTS((1,2
    ,2,2,2,1),(-2.094395102393,0.,2.094395102393,4.188790204786,
6.28318530718,8.377580409573),.UNSPECIFIED.) CURVE() 
GEOMETRIC_REPRESENTATION_ITEM() RATIONAL_B_SPLINE_CURVE((1.,0.5,1.,0.5,
1.,0.5,1.)) REPRESENTATION_ITEM('') );
#4402 = CARTESIAN_POINT('',(19.8,18.5));
#4403 = CARTESIAN_POINT('',(19.8,16.24833395016));
#4404 = CARTESIAN_POINT('',(17.85,17.37416697508));
#4405 = CARTESIAN_POINT('',(15.9,18.5));
#4406 = CARTESIAN_POINT('',(17.85,19.62583302492));
#4407 = CARTESIAN_POINT('',(19.8,20.75166604984));
#4408 = CARTESIAN_POINT('',(19.8,18.5));
#4409 = ( GEOMETRIC_REPRESENTATION_CONTEXT(2) 
PARAMETRIC_REPRESENTATION_CONTEXT() REPRESENTATION_CONTEXT('2D SPACE',''
  ) );
#4410 = PCURVE('',#4411,#4416);
#4411 = CONICAL_SURFACE('',#4412,1.2,0.785398163397);
#4412 = AXIS2_PLACEMENT_3D('',#4413,#4414,#4415);
#4413 = CARTESIAN_POINT('',(28.,-77.,-0.9));
#4414 = DIRECTION('',(0.,0.,-1.));
#4415 = DIRECTION('',(-1.,0.,0.));
#4416 = DEFINITIONAL_REPRESENTATION('',(#4417),#4421);
#4417 = LINE('',#4418,#4419);
#4418 = CARTESIAN_POINT('',(0.,0.1));
#4419 = VECTOR('',#4420,1.);
#4420 = DIRECTION('',(1.,0.));
#4421 = ( GEOMETRIC_REPRESENTATION_CONTEXT(2) 
PARAMETRIC_REPRESENTATION_CONTEXT() REPRESENTATION_CONTEXT('2D SPACE',''
  ) );
#4422 = ADVANCED_FACE('',(#4423),#3470,.T.);
#4423 = FACE_BOUND('',#4424,.T.);
#4424 = EDGE_LOOP('',(#4425,#4455,#4477,#4478));
#4425 = ORIENTED_EDGE('',*,*,#4426,.T.);
#4426 = EDGE_CURVE('',#4427,#4429,#4431,.T.);
#4427 = VERTEX_POINT('',#4428);
#4428 = CARTESIAN_POINT('',(68.,-51.00000073015,-0.2));
#4429 = VERTEX_POINT('',#4430);
#4430 = CARTESIAN_POINT('',(68.,-54.46887112585,-0.2));
#4431 = SURFACE_CURVE('',#4432,(#4436,#4443),.PCURVE_S1.);
#4432 = LINE('',#4433,#4434);
#4433 = CARTESIAN_POINT('',(68.,-67.74999994676,-0.2));
#4434 = VECTOR('',#4435,1.);
#4435 = DIRECTION('',(2.400482222314E-16,-1.,0.));
#4436 = PCURVE('',#3470,#4437);
#4437 = DEFINITIONAL_REPRESENTATION('',(#4438),#4442);
#4438 = LINE('',#4439,#4440);
#4439 = CARTESIAN_POINT('',(7.068583470577,0.));
#4440 = VECTOR('',#4441,1.);
#4441 = DIRECTION('',(0.,1.));
#4442 = ( GEOMETRIC_REPRESENTATION_CONTEXT(2) 
PARAMETRIC_REPRESENTATION_CONTEXT() REPRESENTATION_CONTEXT('2D SPACE',''
  ) );
#4443 = PCURVE('',#4444,#4449);
#4444 = PLANE('',#4445);
#4445 = AXIS2_PLACEMENT_3D('',#4446,#4447,#4448);
#4446 = CARTESIAN_POINT('',(68.,-76.99999989352,3.995289423299E-26));
#4447 = DIRECTION('',(-1.,-2.400482222314E-16,0.));
#4448 = DIRECTION('',(-2.400482222314E-16,1.,-4.445553988577E-30));
#4449 = DEFINITIONAL_REPRESENTATION('',(#4450),#4454);
#4450 = LINE('',#4451,#4452);
#4451 = CARTESIAN_POINT('',(9.24999994676,0.2));
#4452 = VECTOR('',#4453,1.);
#4453 = DIRECTION('',(-1.,4.445553988577E-30));
#4454 = ( GEOMETRIC_REPRESENTATION_CONTEXT(2) 
PARAMETRIC_REPRESENTATION_CONTEXT() REPRESENTATION_CONTEXT('2D SPACE',''
  ) );
#4455 = ORIENTED_EDGE('',*,*,#4456,.T.);
#4456 = EDGE_CURVE('',#4429,#3453,#4457,.T.);
#4457 = SURFACE_CURVE('',#4458,(#4463,#4470),.PCURVE_S1.);
#4458 = CIRCLE('',#4459,0.2);
#4459 = AXIS2_PLACEMENT_3D('',#4460,#4461,#4462);
#4460 = CARTESIAN_POINT('',(68.2,-54.46887112585,-0.2));
#4461 = DIRECTION('',(0.,1.,0.));
#4462 = DIRECTION('',(-1.,0.,-6.938893903907E-16));
#4463 = PCURVE('',#3470,#4464);
#4464 = DEFINITIONAL_REPRESENTATION('',(#4465),#4469);
#4465 = LINE('',#4466,#4467);
#4466 = CARTESIAN_POINT('',(7.068583470577,-13.28112882091));
#4467 = VECTOR('',#4468,1.);
#4468 = DIRECTION('',(-1.,0.));
#4469 = ( GEOMETRIC_REPRESENTATION_CONTEXT(2) 
PARAMETRIC_REPRESENTATION_CONTEXT() REPRESENTATION_CONTEXT('2D SPACE',''
  ) );
#4470 = PCURVE('',#3499,#4471);
#4471 = DEFINITIONAL_REPRESENTATION('',(#4472),#4476);
#4472 = LINE('',#4473,#4474);
#4473 = CARTESIAN_POINT('',(6.28318530718,3.14159265359));
#4474 = VECTOR('',#4475,1.);
#4475 = DIRECTION('',(0.,-1.));
#4476 = ( GEOMETRIC_REPRESENTATION_CONTEXT(2) 
PARAMETRIC_REPRESENTATION_CONTEXT() REPRESENTATION_CONTEXT('2D SPACE',''
  ) );
#4477 = ORIENTED_EDGE('',*,*,#3452,.T.);
#4478 = ORIENTED_EDGE('',*,*,#4479,.T.);
#4479 = EDGE_CURVE('',#3455,#4427,#4480,.T.);
#4480 = SURFACE_CURVE('',#4481,(#4486,#4515),.PCURVE_S1.);
#4481 = ELLIPSE('',#4482,0.282842712475,0.2);
#4482 = AXIS2_PLACEMENT_3D('',#4483,#4484,#4485);
#4483 = CARTESIAN_POINT('',(68.2,-50.80000073015,-0.2));
#4484 = DIRECTION('',(0.707106781187,-0.707106781187,0.));
#4485 = DIRECTION('',(-0.707106781187,-0.707106781187,0.));
#4486 = PCURVE('',#3470,#4487);
#4487 = DEFINITIONAL_REPRESENTATION('',(#4488),#4514);
#4488 = B_SPLINE_CURVE_WITH_KNOTS('',3,(#4489,#4490,#4491,#4492,#4493,
    #4494,#4495,#4496,#4497,#4498,#4499,#4500,#4501,#4502,#4503,#4504,
    #4505,#4506,#4507,#4508,#4509,#4510,#4511,#4512,#4513),
  .UNSPECIFIED.,.F.,.F.,(4,1,1,1,1,1,1,1,1,1,1,1,1,1,1,1,1,1,1,1,1,1,4),
  (4.712388980385,4.783788813421,4.855188646457,4.926588479493,
    4.997988312529,5.069388145565,5.140787978601,5.212187811638,
    5.283587644674,5.35498747771,5.426387310746,5.497787143782,
    5.569186976818,5.640586809854,5.711986642891,5.783386475927,
    5.854786308963,5.926186141999,5.997585975035,6.068985808071,
    6.140385641107,6.211785474143,6.28318530718),.UNSPECIFIED.);
#4489 = CARTESIAN_POINT('',(5.497787143782,-16.9499992166));
#4490 = CARTESIAN_POINT('',(5.521587088127,-16.94523919069));
#4491 = CARTESIAN_POINT('',(5.569186976818,-16.93571926957));
#4492 = CARTESIAN_POINT('',(5.640586809854,-16.92151205025));
#4493 = CARTESIAN_POINT('',(5.71198664289,-16.90745002312));
#4494 = CARTESIAN_POINT('',(5.783386475927,-16.8936048094));
#4495 = CARTESIAN_POINT('',(5.854786308963,-16.88004697067));
#4496 = CARTESIAN_POINT('',(5.926186141999,-16.86684559201));
#4497 = CARTESIAN_POINT('',(5.997585975035,-16.8540679453));
#4498 = CARTESIAN_POINT('',(6.068985808071,-16.84177914232));
#4499 = CARTESIAN_POINT('',(6.140385641107,-16.83004180405));
#4500 = CARTESIAN_POINT('',(6.211785474143,-16.81891574125));
#4501 = CARTESIAN_POINT('',(6.28318530718,-16.8084576498));
#4502 = CARTESIAN_POINT('',(6.354585140216,-16.79872082172));
#4503 = CARTESIAN_POINT('',(6.425984973252,-16.78975487368));
#4504 = CARTESIAN_POINT('',(6.497384806288,-16.78160549405));
#4505 = CARTESIAN_POINT('',(6.568784639324,-16.77431421034));
#4506 = CARTESIAN_POINT('',(6.64018447236,-16.76791817671));
#4507 = CARTESIAN_POINT('',(6.711584305396,-16.76244998798));
#4508 = CARTESIAN_POINT('',(6.782984138433,-16.75793750095));
#4509 = CARTESIAN_POINT('',(6.854383971469,-16.75440373948));
#4510 = CARTESIAN_POINT('',(6.925783804505,-16.75186660157));
#4511 = CARTESIAN_POINT('',(6.997183637541,-16.75033942359));
#4512 = CARTESIAN_POINT('',(7.044783526232,-16.74999878529));
#4513 = CARTESIAN_POINT('',(7.068583470577,-16.7499992166));
#4514 = ( GEOMETRIC_REPRESENTATION_CONTEXT(2) 
PARAMETRIC_REPRESENTATION_CONTEXT() REPRESENTATION_CONTEXT('2D SPACE',''
  ) );
#4515 = PCURVE('',#3791,#4516);
#4516 = DEFINITIONAL_REPRESENTATION('',(#4517),#4543);
#4517 = B_SPLINE_CURVE_WITH_KNOTS('',3,(#4518,#4519,#4520,#4521,#4522,
    #4523,#4524,#4525,#4526,#4527,#4528,#4529,#4530,#4531,#4532,#4533,
    #4534,#4535,#4536,#4537,#4538,#4539,#4540,#4541,#4542),
  .UNSPECIFIED.,.F.,.F.,(4,1,1,1,1,1,1,1,1,1,1,1,1,1,1,1,1,1,1,1,1,1,4),
  (4.712388980385,4.783788813421,4.855188646457,4.926588479493,
    4.997988312529,5.069388145565,5.140787978601,5.212187811638,
    5.283587644674,5.35498747771,5.426387310746,5.497787143782,
    5.569186976818,5.640586809854,5.711986642891,5.783386475927,
    5.854786308963,5.926186141999,5.997585975035,6.068985808071,
    6.140385641107,6.211785474143,6.28318530718),.UNSPECIFIED.);
#4518 = CARTESIAN_POINT('',(5.497787143782,10.85));
#4519 = CARTESIAN_POINT('',(5.521587088128,10.845239974086));
#4520 = CARTESIAN_POINT('',(5.569186976818,10.835720052967));
#4521 = CARTESIAN_POINT('',(5.640586809854,10.821512833645));
#4522 = CARTESIAN_POINT('',(5.711986642891,10.807450806523));
#4523 = CARTESIAN_POINT('',(5.783386475927,10.7936055928));
#4524 = CARTESIAN_POINT('',(5.854786308963,10.780047754069));
#4525 = CARTESIAN_POINT('',(5.926186141999,10.766846375407));
#4526 = CARTESIAN_POINT('',(5.997585975035,10.754068728701));
#4527 = CARTESIAN_POINT('',(6.068985808071,10.741779925725));
#4528 = CARTESIAN_POINT('',(6.140385641107,10.730042587452));
#4529 = CARTESIAN_POINT('',(6.211785474143,10.718916524654));
#4530 = CARTESIAN_POINT('',(6.28318530718,10.7084584332));
#4531 = CARTESIAN_POINT('',(6.354585140216,10.698721605124));
#4532 = CARTESIAN_POINT('',(6.425984973252,10.68975565708));
#4533 = CARTESIAN_POINT('',(6.497384806288,10.681606277445));
#4534 = CARTESIAN_POINT('',(6.568784639324,10.67431499374));
#4535 = CARTESIAN_POINT('',(6.64018447236,10.667918960112));
#4536 = CARTESIAN_POINT('',(6.711584305396,10.662450771385));
#4537 = CARTESIAN_POINT('',(6.782984138432,10.65793828435));
#4538 = CARTESIAN_POINT('',(6.854383971469,10.654404522879));
#4539 = CARTESIAN_POINT('',(6.925783804505,10.651867384968));
#4540 = CARTESIAN_POINT('',(6.997183637541,10.65034020699));
#4541 = CARTESIAN_POINT('',(7.044783526232,10.649999568689));
#4542 = CARTESIAN_POINT('',(7.068583470577,10.65));
#4543 = ( GEOMETRIC_REPRESENTATION_CONTEXT(2) 
PARAMETRIC_REPRESENTATION_CONTEXT() REPRESENTATION_CONTEXT('2D SPACE',''
  ) );
#4544 = ADVANCED_FACE('',(#4545),#3499,.T.);
#4545 = FACE_BOUND('',#4546,.T.);
#4546 = EDGE_LOOP('',(#4547,#4571,#4572,#4573));
#4547 = ORIENTED_EDGE('',*,*,#4548,.T.);
#4548 = EDGE_CURVE('',#4549,#3483,#4551,.T.);
#4549 = VERTEX_POINT('',#4550);
#4550 = CARTESIAN_POINT('',(66.555555555556,-55.36467754232,-0.2));
#4551 = SURFACE_CURVE('',#4552,(#4557,#4564),.PCURVE_S1.);
#4552 = CIRCLE('',#4553,0.2);
#4553 = AXIS2_PLACEMENT_3D('',#4554,#4555,#4556);
#4554 = CARTESIAN_POINT('',(66.466666666667,-55.54383882562,-0.2));
#4555 = DIRECTION('',(0.895806416478,-0.444444444444,0.));
#4556 = DIRECTION('',(0.444444444444,0.895806416478,0.));
#4557 = PCURVE('',#3499,#4558);
#4558 = DEFINITIONAL_REPRESENTATION('',(#4559),#4563);
#4559 = LINE('',#4560,#4561);
#4560 = CARTESIAN_POINT('',(4.251834988703,3.14159265359));
#4561 = VECTOR('',#4562,1.);
#4562 = DIRECTION('',(-1.696295830114E-15,-1.));
#4563 = ( GEOMETRIC_REPRESENTATION_CONTEXT(2) 
PARAMETRIC_REPRESENTATION_CONTEXT() REPRESENTATION_CONTEXT('2D SPACE',''
  ) );
#4564 = PCURVE('',#3532,#4565);
#4565 = DEFINITIONAL_REPRESENTATION('',(#4566),#4570);
#4566 = LINE('',#4567,#4568);
#4567 = CARTESIAN_POINT('',(-2.031350318476,0.));
#4568 = VECTOR('',#4569,1.);
#4569 = DIRECTION('',(5.654319433714E-16,1.));
#4570 = ( GEOMETRIC_REPRESENTATION_CONTEXT(2) 
PARAMETRIC_REPRESENTATION_CONTEXT() REPRESENTATION_CONTEXT('2D SPACE',''
  ) );
#4571 = ORIENTED_EDGE('',*,*,#3482,.T.);
#4572 = ORIENTED_EDGE('',*,*,#4456,.F.);
#4573 = ORIENTED_EDGE('',*,*,#4574,.T.);
#4574 = EDGE_CURVE('',#4429,#4549,#4575,.T.);
#4575 = SURFACE_CURVE('',#4576,(#4581,#4588),.PCURVE_S1.);
#4576 = CIRCLE('',#4577,1.);
#4577 = AXIS2_PLACEMENT_3D('',#4578,#4579,#4580);
#4578 = CARTESIAN_POINT('',(67.,-54.46887112585,-0.2));
#4579 = DIRECTION('',(0.,0.,-1.));
#4580 = DIRECTION('',(0.527046276695,-0.849836585599,0.));
#4581 = PCURVE('',#3499,#4582);
#4582 = DEFINITIONAL_REPRESENTATION('',(#4583),#4587);
#4583 = LINE('',#4584,#4585);
#4584 = CARTESIAN_POINT('',(11.550695455121,3.14159265359));
#4585 = VECTOR('',#4586,1.);
#4586 = DIRECTION('',(-1.,-2.18617737084E-16));
#4587 = ( GEOMETRIC_REPRESENTATION_CONTEXT(2) 
PARAMETRIC_REPRESENTATION_CONTEXT() REPRESENTATION_CONTEXT('2D SPACE',''
  ) );
#4588 = PCURVE('',#4589,#4594);
#4589 = CYLINDRICAL_SURFACE('',#4590,1.);
#4590 = AXIS2_PLACEMENT_3D('',#4591,#4592,#4593);
#4591 = CARTESIAN_POINT('',(67.,-54.46887112585,-3.));
#4592 = DIRECTION('',(0.,0.,1.));
#4593 = DIRECTION('',(0.527046276695,-0.849836585599,0.));
#4594 = DEFINITIONAL_REPRESENTATION('',(#4595),#4599);
#4595 = LINE('',#4596,#4597);
#4596 = CARTESIAN_POINT('',(12.566370614359,2.8));
#4597 = VECTOR('',#4598,1.);
#4598 = DIRECTION('',(-1.,0.));
#4599 = ( GEOMETRIC_REPRESENTATION_CONTEXT(2) 
PARAMETRIC_REPRESENTATION_CONTEXT() REPRESENTATION_CONTEXT('2D SPACE',''
  ) );
#4600 = ADVANCED_FACE('',(#4601),#3532,.T.);
#4601 = FACE_BOUND('',#4602,.T.);
#4602 = EDGE_LOOP('',(#4603,#4627,#4628,#4629));
#4603 = ORIENTED_EDGE('',*,*,#4604,.T.);
#4604 = EDGE_CURVE('',#4605,#3512,#4607,.T.);
#4605 = VERTEX_POINT('',#4606);
#4606 = CARTESIAN_POINT('',(66.555555555556,-61.63532245767,-0.2));
#4607 = SURFACE_CURVE('',#4608,(#4613,#4620),.PCURVE_S1.);
#4608 = CIRCLE('',#4609,0.2);
#4609 = AXIS2_PLACEMENT_3D('',#4610,#4611,#4612);
#4610 = CARTESIAN_POINT('',(66.466666666667,-61.45616117437,-0.2));
#4611 = DIRECTION('',(-0.895806416478,-0.444444444444,0.));
#4612 = DIRECTION('',(0.444444444444,-0.895806416478,0.));
#4613 = PCURVE('',#3532,#4614);
#4614 = DEFINITIONAL_REPRESENTATION('',(#4615),#4619);
#4615 = LINE('',#4616,#4617);
#4616 = CARTESIAN_POINT('',(2.031350318476,0.));
#4617 = VECTOR('',#4618,1.);
#4618 = DIRECTION('',(5.654319433712E-16,1.));
#4619 = ( GEOMETRIC_REPRESENTATION_CONTEXT(2) 
PARAMETRIC_REPRESENTATION_CONTEXT() REPRESENTATION_CONTEXT('2D SPACE',''
  ) );
#4620 = PCURVE('',#3561,#4621);
#4621 = DEFINITIONAL_REPRESENTATION('',(#4622),#4626);
#4622 = LINE('',#4623,#4624);
#4623 = CARTESIAN_POINT('',(2.031350318476,3.14159265359));
#4624 = VECTOR('',#4625,1.);
#4625 = DIRECTION('',(6.502467348769E-15,-1.));
#4626 = ( GEOMETRIC_REPRESENTATION_CONTEXT(2) 
PARAMETRIC_REPRESENTATION_CONTEXT() REPRESENTATION_CONTEXT('2D SPACE',''
  ) );
#4627 = ORIENTED_EDGE('',*,*,#3511,.T.);
#4628 = ORIENTED_EDGE('',*,*,#4548,.F.);
#4629 = ORIENTED_EDGE('',*,*,#4630,.T.);
#4630 = EDGE_CURVE('',#4549,#4605,#4631,.T.);
#4631 = SURFACE_CURVE('',#4632,(#4637,#4644),.PCURVE_S1.);
#4632 = CIRCLE('',#4633,3.5);
#4633 = AXIS2_PLACEMENT_3D('',#4634,#4635,#4636);
#4634 = CARTESIAN_POINT('',(65.,-58.5,-0.2));
#4635 = DIRECTION('',(0.,0.,1.));
#4636 = DIRECTION('',(-1.,0.,0.));
#4637 = PCURVE('',#3532,#4638);
#4638 = DEFINITIONAL_REPRESENTATION('',(#4639),#4643);
#4639 = LINE('',#4640,#4641);
#4640 = CARTESIAN_POINT('',(-6.28318530718,0.));
#4641 = VECTOR('',#4642,1.);
#4642 = DIRECTION('',(1.,0.));
#4643 = ( GEOMETRIC_REPRESENTATION_CONTEXT(2) 
PARAMETRIC_REPRESENTATION_CONTEXT() REPRESENTATION_CONTEXT('2D SPACE',''
  ) );
#4644 = PCURVE('',#4645,#4650);
#4645 = CYLINDRICAL_SURFACE('',#4646,3.5);
#4646 = AXIS2_PLACEMENT_3D('',#4647,#4648,#4649);
#4647 = CARTESIAN_POINT('',(65.,-58.5,-3.));
#4648 = DIRECTION('',(0.,0.,1.));
#4649 = DIRECTION('',(-1.,1.224646799147E-16,0.));
#4650 = DEFINITIONAL_REPRESENTATION('',(#4651),#4655);
#4651 = LINE('',#4652,#4653);
#4652 = CARTESIAN_POINT('',(-6.28318530718,2.8));
#4653 = VECTOR('',#4654,1.);
#4654 = DIRECTION('',(1.,0.));
#4655 = ( GEOMETRIC_REPRESENTATION_CONTEXT(2) 
PARAMETRIC_REPRESENTATION_CONTEXT() REPRESENTATION_CONTEXT('2D SPACE',''
  ) );
#4656 = ADVANCED_FACE('',(#4657),#3561,.T.);
#4657 = FACE_BOUND('',#4658,.T.);
#4658 = EDGE_LOOP('',(#4659,#4683,#4684,#4685));
#4659 = ORIENTED_EDGE('',*,*,#4660,.T.);
#4660 = EDGE_CURVE('',#4661,#3545,#4663,.T.);
#4661 = VERTEX_POINT('',#4662);
#4662 = CARTESIAN_POINT('',(68.,-62.53112887414,-0.2));
#4663 = SURFACE_CURVE('',#4664,(#4669,#4676),.PCURVE_S1.);
#4664 = CIRCLE('',#4665,0.2);
#4665 = AXIS2_PLACEMENT_3D('',#4666,#4667,#4668);
#4666 = CARTESIAN_POINT('',(68.2,-62.53112887414,-0.2));
#4667 = DIRECTION('',(0.,1.,-0.));
#4668 = DIRECTION('',(-1.,0.,0.));
#4669 = PCURVE('',#3561,#4670);
#4670 = DEFINITIONAL_REPRESENTATION('',(#4671),#4675);
#4671 = LINE('',#4672,#4673);
#4672 = CARTESIAN_POINT('',(0.,3.14159265359));
#4673 = VECTOR('',#4674,1.);
#4674 = DIRECTION('',(0.,-1.));
#4675 = ( GEOMETRIC_REPRESENTATION_CONTEXT(2) 
PARAMETRIC_REPRESENTATION_CONTEXT() REPRESENTATION_CONTEXT('2D SPACE',''
  ) );
#4676 = PCURVE('',#3589,#4677);
#4677 = DEFINITIONAL_REPRESENTATION('',(#4678),#4682);
#4678 = LINE('',#4679,#4680);
#4679 = CARTESIAN_POINT('',(7.068583470577,-5.218871072612));
#4680 = VECTOR('',#4681,1.);
#4681 = DIRECTION('',(-1.,0.));
#4682 = ( GEOMETRIC_REPRESENTATION_CONTEXT(2) 
PARAMETRIC_REPRESENTATION_CONTEXT() REPRESENTATION_CONTEXT('2D SPACE',''
  ) );
#4683 = ORIENTED_EDGE('',*,*,#3544,.T.);
#4684 = ORIENTED_EDGE('',*,*,#4604,.F.);
#4685 = ORIENTED_EDGE('',*,*,#4686,.T.);
#4686 = EDGE_CURVE('',#4605,#4661,#4687,.T.);
#4687 = SURFACE_CURVE('',#4688,(#4693,#4700),.PCURVE_S1.);
#4688 = CIRCLE('',#4689,1.);
#4689 = AXIS2_PLACEMENT_3D('',#4690,#4691,#4692);
#4690 = CARTESIAN_POINT('',(67.,-62.53112887414,-0.2));
#4691 = DIRECTION('',(0.,0.,-1.));
#4692 = DIRECTION('',(0.527046276695,0.849836585599,0.));
#4693 = PCURVE('',#3561,#4694);
#4694 = DEFINITIONAL_REPRESENTATION('',(#4695),#4699);
#4695 = LINE('',#4696,#4697);
#4696 = CARTESIAN_POINT('',(7.298860466418,3.14159265359));
#4697 = VECTOR('',#4698,1.);
#4698 = DIRECTION('',(-1.,2.186177370836E-16));
#4699 = ( GEOMETRIC_REPRESENTATION_CONTEXT(2) 
PARAMETRIC_REPRESENTATION_CONTEXT() REPRESENTATION_CONTEXT('2D SPACE',''
  ) );
#4700 = PCURVE('',#4701,#4706);
#4701 = CYLINDRICAL_SURFACE('',#4702,1.);
#4702 = AXIS2_PLACEMENT_3D('',#4703,#4704,#4705);
#4703 = CARTESIAN_POINT('',(67.,-62.53112887414,-3.));
#4704 = DIRECTION('',(0.,0.,-1.));
#4705 = DIRECTION('',(0.527046276695,0.849836585599,0.));
#4706 = DEFINITIONAL_REPRESENTATION('',(#4707),#4711);
#4707 = LINE('',#4708,#4709);
#4708 = CARTESIAN_POINT('',(1.7763568394E-15,-2.8));
#4709 = VECTOR('',#4710,1.);
#4710 = DIRECTION('',(1.,0.));
#4711 = ( GEOMETRIC_REPRESENTATION_CONTEXT(2) 
PARAMETRIC_REPRESENTATION_CONTEXT() REPRESENTATION_CONTEXT('2D SPACE',''
  ) );
#4712 = ADVANCED_FACE('',(#4713),#3589,.T.);
#4713 = FACE_BOUND('',#4714,.T.);
#4714 = EDGE_LOOP('',(#4715,#4739,#4740,#4741));
#4715 = ORIENTED_EDGE('',*,*,#4716,.T.);
#4716 = EDGE_CURVE('',#4717,#3574,#4719,.T.);
#4717 = VERTEX_POINT('',#4718);
#4718 = CARTESIAN_POINT('',(68.,-76.99999989352,-0.2));
#4719 = SURFACE_CURVE('',#4720,(#4725,#4732),.PCURVE_S1.);
#4720 = CIRCLE('',#4721,0.2);
#4721 = AXIS2_PLACEMENT_3D('',#4722,#4723,#4724);
#4722 = CARTESIAN_POINT('',(68.2,-76.99999989352,-0.2));
#4723 = DIRECTION('',(0.,1.,-0.));
#4724 = DIRECTION('',(-1.,0.,0.));
#4725 = PCURVE('',#3589,#4726);
#4726 = DEFINITIONAL_REPRESENTATION('',(#4727),#4731);
#4727 = LINE('',#4728,#4729);
#4728 = CARTESIAN_POINT('',(7.068583470577,9.249999946761));
#4729 = VECTOR('',#4730,1.);
#4730 = DIRECTION('',(-1.,0.));
#4731 = ( GEOMETRIC_REPRESENTATION_CONTEXT(2) 
PARAMETRIC_REPRESENTATION_CONTEXT() REPRESENTATION_CONTEXT('2D SPACE',''
  ) );
#4732 = PCURVE('',#3618,#4733);
#4733 = DEFINITIONAL_REPRESENTATION('',(#4734),#4738);
#4734 = LINE('',#4735,#4736);
#4735 = CARTESIAN_POINT('',(6.283185200702,3.14159265359));
#4736 = VECTOR('',#4737,1.);
#4737 = DIRECTION('',(4.236604006051E-09,-1.));
#4738 = ( GEOMETRIC_REPRESENTATION_CONTEXT(2) 
PARAMETRIC_REPRESENTATION_CONTEXT() REPRESENTATION_CONTEXT('2D SPACE',''
  ) );
#4739 = ORIENTED_EDGE('',*,*,#3573,.T.);
#4740 = ORIENTED_EDGE('',*,*,#4660,.F.);
#4741 = ORIENTED_EDGE('',*,*,#4742,.T.);
#4742 = EDGE_CURVE('',#4661,#4717,#4743,.T.);
#4743 = SURFACE_CURVE('',#4744,(#4748,#4755),.PCURVE_S1.);
#4744 = LINE('',#4745,#4746);
#4745 = CARTESIAN_POINT('',(68.,-67.74999994676,-0.2));
#4746 = VECTOR('',#4747,1.);
#4747 = DIRECTION('',(2.400482222314E-16,-1.,0.));
#4748 = PCURVE('',#3589,#4749);
#4749 = DEFINITIONAL_REPRESENTATION('',(#4750),#4754);
#4750 = LINE('',#4751,#4752);
#4751 = CARTESIAN_POINT('',(7.068583470577,0.));
#4752 = VECTOR('',#4753,1.);
#4753 = DIRECTION('',(0.,1.));
#4754 = ( GEOMETRIC_REPRESENTATION_CONTEXT(2) 
PARAMETRIC_REPRESENTATION_CONTEXT() REPRESENTATION_CONTEXT('2D SPACE',''
  ) );
#4755 = PCURVE('',#4756,#4761);
#4756 = PLANE('',#4757);
#4757 = AXIS2_PLACEMENT_3D('',#4758,#4759,#4760);
#4758 = CARTESIAN_POINT('',(68.,-76.99999989352,3.995289423299E-26));
#4759 = DIRECTION('',(-1.,-2.400482222314E-16,0.));
#4760 = DIRECTION('',(-2.400482222314E-16,1.,-4.445553988577E-30));
#4761 = DEFINITIONAL_REPRESENTATION('',(#4762),#4766);
#4762 = LINE('',#4763,#4764);
#4763 = CARTESIAN_POINT('',(9.24999994676,0.2));
#4764 = VECTOR('',#4765,1.);
#4765 = DIRECTION('',(-1.,4.445553988577E-30));
#4766 = ( GEOMETRIC_REPRESENTATION_CONTEXT(2) 
PARAMETRIC_REPRESENTATION_CONTEXT() REPRESENTATION_CONTEXT('2D SPACE',''
  ) );
#4767 = ADVANCED_FACE('',(#4768),#3618,.T.);
#4768 = FACE_BOUND('',#4769,.T.);
#4769 = EDGE_LOOP('',(#4770,#4794,#4795,#4796));
#4770 = ORIENTED_EDGE('',*,*,#4771,.T.);
#4771 = EDGE_CURVE('',#4772,#3602,#4774,.T.);
#4772 = VERTEX_POINT('',#4773);
#4773 = CARTESIAN_POINT('',(65.,-80.,-0.2));
#4774 = SURFACE_CURVE('',#4775,(#4780,#4787),.PCURVE_S1.);
#4775 = CIRCLE('',#4776,0.2);
#4776 = AXIS2_PLACEMENT_3D('',#4777,#4778,#4779);
#4777 = CARTESIAN_POINT('',(65.000000028394,-80.2,-0.2));
#4778 = DIRECTION('',(1.,1.419699469096E-07,-0.));
#4779 = DIRECTION('',(-1.419699469096E-07,1.,0.));
#4780 = PCURVE('',#3618,#4781);
#4781 = DEFINITIONAL_REPRESENTATION('',(#4782),#4786);
#4782 = LINE('',#4783,#4784);
#4783 = CARTESIAN_POINT('',(4.712389122355,3.14159265359));
#4784 = VECTOR('',#4785,1.);
#4785 = DIRECTION('',(-2.261727773485E-15,-1.));
#4786 = ( GEOMETRIC_REPRESENTATION_CONTEXT(2) 
PARAMETRIC_REPRESENTATION_CONTEXT() REPRESENTATION_CONTEXT('2D SPACE',''
  ) );
#4787 = PCURVE('',#3646,#4788);
#4788 = DEFINITIONAL_REPRESENTATION('',(#4789),#4793);
#4789 = LINE('',#4790,#4791);
#4790 = CARTESIAN_POINT('',(7.068583470577,-27.74999994676));
#4791 = VECTOR('',#4792,1.);
#4792 = DIRECTION('',(-1.,-1.807617166434E-08));
#4793 = ( GEOMETRIC_REPRESENTATION_CONTEXT(2) 
PARAMETRIC_REPRESENTATION_CONTEXT() REPRESENTATION_CONTEXT('2D SPACE',''
  ) );
#4794 = ORIENTED_EDGE('',*,*,#3601,.T.);
#4795 = ORIENTED_EDGE('',*,*,#4716,.F.);
#4796 = ORIENTED_EDGE('',*,*,#4797,.T.);
#4797 = EDGE_CURVE('',#4717,#4772,#4798,.T.);
#4798 = SURFACE_CURVE('',#4799,(#4804,#4811),.PCURVE_S1.);
#4799 = CIRCLE('',#4800,3.00000042591);
#4800 = AXIS2_PLACEMENT_3D('',#4801,#4802,#4803);
#4801 = CARTESIAN_POINT('',(64.99999957409,-76.99999957409,-0.2));
#4802 = DIRECTION('',(0.,0.,-1.));
#4803 = DIRECTION('',(0.707106793735,-0.707106768638,0.));
#4804 = PCURVE('',#3618,#4805);
#4805 = DEFINITIONAL_REPRESENTATION('',(#4806),#4810);
#4806 = LINE('',#4807,#4808);
#4807 = CARTESIAN_POINT('',(11.780972468708,3.14159265359));
#4808 = VECTOR('',#4809,1.);
#4809 = DIRECTION('',(-1.,1.130864065607E-15));
#4810 = ( GEOMETRIC_REPRESENTATION_CONTEXT(2) 
PARAMETRIC_REPRESENTATION_CONTEXT() REPRESENTATION_CONTEXT('2D SPACE',''
  ) );
#4811 = PCURVE('',#4812,#4817);
#4812 = CYLINDRICAL_SURFACE('',#4813,3.00000042591);
#4813 = AXIS2_PLACEMENT_3D('',#4814,#4815,#4816);
#4814 = CARTESIAN_POINT('',(64.99999957409,-76.99999957409,
    3.825726147158E-26));
#4815 = DIRECTION('',(0.,0.,-1.));
#4816 = DIRECTION('',(1.419699830054E-07,-1.,0.));
#4817 = DEFINITIONAL_REPRESENTATION('',(#4818),#4822);
#4818 = LINE('',#4819,#4820);
#4819 = CARTESIAN_POINT('',(-0.785398039174,0.2));
#4820 = VECTOR('',#4821,1.);
#4821 = DIRECTION('',(1.,0.));
#4822 = ( GEOMETRIC_REPRESENTATION_CONTEXT(2) 
PARAMETRIC_REPRESENTATION_CONTEXT() REPRESENTATION_CONTEXT('2D SPACE',''
  ) );
#4823 = ADVANCED_FACE('',(#4824),#3646,.T.);
#4824 = FACE_BOUND('',#4825,.T.);
#4825 = EDGE_LOOP('',(#4826,#4827,#4828,#4856));
#4826 = ORIENTED_EDGE('',*,*,#3630,.T.);
#4827 = ORIENTED_EDGE('',*,*,#4771,.F.);
#4828 = ORIENTED_EDGE('',*,*,#4829,.T.);
#4829 = EDGE_CURVE('',#4772,#4830,#4832,.T.);
#4830 = VERTEX_POINT('',#4831);
#4831 = CARTESIAN_POINT('',(32.031128874149,-80.,-0.2));
#4832 = SURFACE_CURVE('',#4833,(#4837,#4844),.PCURVE_S1.);
#4833 = LINE('',#4834,#4835);
#4834 = CARTESIAN_POINT('',(37.250000053239,-80.,-0.2));
#4835 = VECTOR('',#4836,1.);
#4836 = DIRECTION('',(-1.,-2.400482222314E-16,0.));
#4837 = PCURVE('',#3646,#4838);
#4838 = DEFINITIONAL_REPRESENTATION('',(#4839),#4843);
#4839 = LINE('',#4840,#4841);
#4840 = CARTESIAN_POINT('',(7.068583470577,-7.105427357601E-15));
#4841 = VECTOR('',#4842,1.);
#4842 = DIRECTION('',(0.,1.));
#4843 = ( GEOMETRIC_REPRESENTATION_CONTEXT(2) 
PARAMETRIC_REPRESENTATION_CONTEXT() REPRESENTATION_CONTEXT('2D SPACE',''
  ) );
#4844 = PCURVE('',#4845,#4850);
#4845 = PLANE('',#4846);
#4846 = AXIS2_PLACEMENT_3D('',#4847,#4848,#4849);
#4847 = CARTESIAN_POINT('',(28.000000106478,-80.,1.740362533814E-26));
#4848 = DIRECTION('',(-2.400482222314E-16,1.,0.));
#4849 = DIRECTION('',(1.,2.400482222314E-16,5.652108381255E-28));
#4850 = DEFINITIONAL_REPRESENTATION('',(#4851),#4855);
#4851 = LINE('',#4852,#4853);
#4852 = CARTESIAN_POINT('',(9.249999946761,0.2));
#4853 = VECTOR('',#4854,1.);
#4854 = DIRECTION('',(-1.,-5.652108381255E-28));
#4855 = ( GEOMETRIC_REPRESENTATION_CONTEXT(2) 
PARAMETRIC_REPRESENTATION_CONTEXT() REPRESENTATION_CONTEXT('2D SPACE',''
  ) );
#4856 = ORIENTED_EDGE('',*,*,#4857,.T.);
#4857 = EDGE_CURVE('',#4830,#3631,#4858,.T.);
#4858 = SURFACE_CURVE('',#4859,(#4864,#4871),.PCURVE_S1.);
#4859 = CIRCLE('',#4860,0.2);
#4860 = AXIS2_PLACEMENT_3D('',#4861,#4862,#4863);
#4861 = CARTESIAN_POINT('',(32.031128874149,-80.2,-0.2));
#4862 = DIRECTION('',(1.,-0.,0.));
#4863 = DIRECTION('',(0.,1.,-6.938893903907E-16));
#4864 = PCURVE('',#3646,#4865);
#4865 = DEFINITIONAL_REPRESENTATION('',(#4866),#4870);
#4866 = LINE('',#4867,#4868);
#4867 = CARTESIAN_POINT('',(7.068583470577,5.218871179089));
#4868 = VECTOR('',#4869,1.);
#4869 = DIRECTION('',(-1.,0.));
#4870 = ( GEOMETRIC_REPRESENTATION_CONTEXT(2) 
PARAMETRIC_REPRESENTATION_CONTEXT() REPRESENTATION_CONTEXT('2D SPACE',''
  ) );
#4871 = PCURVE('',#3675,#4872);
#4872 = DEFINITIONAL_REPRESENTATION('',(#4873),#4877);
#4873 = LINE('',#4874,#4875);
#4874 = CARTESIAN_POINT('',(7.298860466418,3.14159265359));
#4875 = VECTOR('',#4876,1.);
#4876 = DIRECTION('',(2.261727773485E-15,-1.));
#4877 = ( GEOMETRIC_REPRESENTATION_CONTEXT(2) 
PARAMETRIC_REPRESENTATION_CONTEXT() REPRESENTATION_CONTEXT('2D SPACE',''
  ) );
#4878 = ADVANCED_FACE('',(#4879),#3675,.T.);
#4879 = FACE_BOUND('',#4880,.T.);
#4880 = EDGE_LOOP('',(#4881,#4905,#4906,#4907));
#4881 = ORIENTED_EDGE('',*,*,#4882,.T.);
#4882 = EDGE_CURVE('',#4883,#3659,#4885,.T.);
#4883 = VERTEX_POINT('',#4884);
#4884 = CARTESIAN_POINT('',(31.135322457672,-78.55555555555,-0.2));
#4885 = SURFACE_CURVE('',#4886,(#4891,#4898),.PCURVE_S1.);
#4886 = CIRCLE('',#4887,0.2);
#4887 = AXIS2_PLACEMENT_3D('',#4888,#4889,#4890);
#4888 = CARTESIAN_POINT('',(30.956161174376,-78.46666666666,-0.2));
#4889 = DIRECTION('',(-0.444444444444,-0.895806416478,0.));
#4890 = DIRECTION('',(0.895806416478,-0.444444444444,0.));
#4891 = PCURVE('',#3675,#4892);
#4892 = DEFINITIONAL_REPRESENTATION('',(#4893),#4897);
#4893 = LINE('',#4894,#4895);
#4894 = CARTESIAN_POINT('',(5.267510147942,3.14159265359));
#4895 = VECTOR('',#4896,1.);
#4896 = DIRECTION('',(-4.52345554697E-15,-1.));
#4897 = ( GEOMETRIC_REPRESENTATION_CONTEXT(2) 
PARAMETRIC_REPRESENTATION_CONTEXT() REPRESENTATION_CONTEXT('2D SPACE',''
  ) );
#4898 = PCURVE('',#3708,#4899);
#4899 = DEFINITIONAL_REPRESENTATION('',(#4900),#4904);
#4900 = LINE('',#4901,#4902);
#4901 = CARTESIAN_POINT('',(-0.46055399168,0.));
#4902 = VECTOR('',#4903,1.);
#4903 = DIRECTION('',(4.466912352589E-14,1.));
#4904 = ( GEOMETRIC_REPRESENTATION_CONTEXT(2) 
PARAMETRIC_REPRESENTATION_CONTEXT() REPRESENTATION_CONTEXT('2D SPACE',''
  ) );
#4905 = ORIENTED_EDGE('',*,*,#3658,.T.);
#4906 = ORIENTED_EDGE('',*,*,#4857,.F.);
#4907 = ORIENTED_EDGE('',*,*,#4908,.T.);
#4908 = EDGE_CURVE('',#4830,#4883,#4909,.T.);
#4909 = SURFACE_CURVE('',#4910,(#4915,#4922),.PCURVE_S1.);
#4910 = CIRCLE('',#4911,1.);
#4911 = AXIS2_PLACEMENT_3D('',#4912,#4913,#4914);
#4912 = CARTESIAN_POINT('',(32.031128874149,-79.,-0.2));
#4913 = DIRECTION('',(0.,0.,-1.));
#4914 = DIRECTION('',(-0.849836585599,-0.527046276695,-0.));
#4915 = PCURVE('',#3675,#4916);
#4916 = DEFINITIONAL_REPRESENTATION('',(#4917),#4921);
#4917 = LINE('',#4918,#4919);
#4918 = CARTESIAN_POINT('',(12.566370614359,3.14159265359));
#4919 = VECTOR('',#4920,1.);
#4920 = DIRECTION('',(-1.,-2.186177370834E-16));
#4921 = ( GEOMETRIC_REPRESENTATION_CONTEXT(2) 
PARAMETRIC_REPRESENTATION_CONTEXT() REPRESENTATION_CONTEXT('2D SPACE',''
  ) );
#4922 = PCURVE('',#4923,#4928);
#4923 = CYLINDRICAL_SURFACE('',#4924,1.);
#4924 = AXIS2_PLACEMENT_3D('',#4925,#4926,#4927);
#4925 = CARTESIAN_POINT('',(32.031128874149,-79.,-3.));
#4926 = DIRECTION('',(0.,0.,1.));
#4927 = DIRECTION('',(-0.849836585599,-0.527046276695,0.));
#4928 = DEFINITIONAL_REPRESENTATION('',(#4929),#4933);
#4929 = LINE('',#4930,#4931);
#4930 = CARTESIAN_POINT('',(12.566370614359,2.8));
#4931 = VECTOR('',#4932,1.);
#4932 = DIRECTION('',(-1.,0.));
#4933 = ( GEOMETRIC_REPRESENTATION_CONTEXT(2) 
PARAMETRIC_REPRESENTATION_CONTEXT() REPRESENTATION_CONTEXT('2D SPACE',''
  ) );
#4934 = ADVANCED_FACE('',(#4935),#3708,.T.);
#4935 = FACE_BOUND('',#4936,.T.);
#4936 = EDGE_LOOP('',(#4937,#4961,#4962,#4963));
#4937 = ORIENTED_EDGE('',*,*,#4938,.T.);
#4938 = EDGE_CURVE('',#4939,#3688,#4941,.T.);
#4939 = VERTEX_POINT('',#4940);
#4940 = CARTESIAN_POINT('',(26.444444444444,-73.86467754232,-0.2));
#4941 = SURFACE_CURVE('',#4942,(#4947,#4954),.PCURVE_S1.);
#4942 = CIRCLE('',#4943,0.2);
#4943 = AXIS2_PLACEMENT_3D('',#4944,#4945,#4946);
#4944 = CARTESIAN_POINT('',(26.533333333333,-74.04383882562,-0.2));
#4945 = DIRECTION('',(0.895806416478,0.444444444444,-0.));
#4946 = DIRECTION('',(-0.444444444444,0.895806416478,0.));
#4947 = PCURVE('',#3708,#4948);
#4948 = DEFINITIONAL_REPRESENTATION('',(#4949),#4953);
#4949 = LINE('',#4950,#4951);
#4950 = CARTESIAN_POINT('',(2.031350318476,0.));
#4951 = VECTOR('',#4952,1.);
#4952 = DIRECTION('',(0.,1.));
#4953 = ( GEOMETRIC_REPRESENTATION_CONTEXT(2) 
PARAMETRIC_REPRESENTATION_CONTEXT() REPRESENTATION_CONTEXT('2D SPACE',''
  ) );
#4954 = PCURVE('',#3737,#4955);
#4955 = DEFINITIONAL_REPRESENTATION('',(#4956),#4960);
#4956 = LINE('',#4957,#4958);
#4957 = CARTESIAN_POINT('',(5.172942972066,3.14159265359));
#4958 = VECTOR('',#4959,1.);
#4959 = DIRECTION('',(-5.08888749034E-15,-1.));
#4960 = ( GEOMETRIC_REPRESENTATION_CONTEXT(2) 
PARAMETRIC_REPRESENTATION_CONTEXT() REPRESENTATION_CONTEXT('2D SPACE',''
  ) );
#4961 = ORIENTED_EDGE('',*,*,#3687,.T.);
#4962 = ORIENTED_EDGE('',*,*,#4882,.F.);
#4963 = ORIENTED_EDGE('',*,*,#4964,.T.);
#4964 = EDGE_CURVE('',#4883,#4939,#4965,.T.);
#4965 = SURFACE_CURVE('',#4966,(#4971,#4978),.PCURVE_S1.);
#4966 = CIRCLE('',#4967,3.5);
#4967 = AXIS2_PLACEMENT_3D('',#4968,#4969,#4970);
#4968 = CARTESIAN_POINT('',(28.,-77.,-0.2));
#4969 = DIRECTION('',(0.,-0.,1.));
#4970 = DIRECTION('',(0.707106781187,0.707106781187,0.));
#4971 = PCURVE('',#3708,#4972);
#4972 = DEFINITIONAL_REPRESENTATION('',(#4973),#4977);
#4973 = LINE('',#4974,#4975);
#4974 = CARTESIAN_POINT('',(-5.497787143782,0.));
#4975 = VECTOR('',#4976,1.);
#4976 = DIRECTION('',(1.,0.));
#4977 = ( GEOMETRIC_REPRESENTATION_CONTEXT(2) 
PARAMETRIC_REPRESENTATION_CONTEXT() REPRESENTATION_CONTEXT('2D SPACE',''
  ) );
#4978 = PCURVE('',#4979,#4984);
#4979 = CYLINDRICAL_SURFACE('',#4980,3.5);
#4980 = AXIS2_PLACEMENT_3D('',#4981,#4982,#4983);
#4981 = CARTESIAN_POINT('',(28.,-77.,-3.));
#4982 = DIRECTION('',(0.,0.,1.));
#4983 = DIRECTION('',(1.,0.,0.));
#4984 = DEFINITIONAL_REPRESENTATION('',(#4985),#4989);
#4985 = LINE('',#4986,#4987);
#4986 = CARTESIAN_POINT('',(-5.497787143782,2.8));
#4987 = VECTOR('',#4988,1.);
#4988 = DIRECTION('',(1.,0.));
#4989 = ( GEOMETRIC_REPRESENTATION_CONTEXT(2) 
PARAMETRIC_REPRESENTATION_CONTEXT() REPRESENTATION_CONTEXT('2D SPACE',''
  ) );
#4990 = ADVANCED_FACE('',(#4991),#3737,.T.);
#4991 = FACE_BOUND('',#4992,.T.);
#4992 = EDGE_LOOP('',(#4993,#5017,#5018,#5019));
#4993 = ORIENTED_EDGE('',*,*,#4994,.T.);
#4994 = EDGE_CURVE('',#4995,#3721,#4997,.T.);
#4995 = VERTEX_POINT('',#4996);
#4996 = CARTESIAN_POINT('',(25.,-72.96887112585,-0.2));
#4997 = SURFACE_CURVE('',#4998,(#5003,#5010),.PCURVE_S1.);
#4998 = CIRCLE('',#4999,0.2);
#4999 = AXIS2_PLACEMENT_3D('',#5000,#5001,#5002);
#5000 = CARTESIAN_POINT('',(24.8,-72.96887112585,-0.2));
#5001 = DIRECTION('',(0.,-1.,0.));
#5002 = DIRECTION('',(1.,0.,0.));
#5003 = PCURVE('',#3737,#5004);
#5004 = DEFINITIONAL_REPRESENTATION('',(#5005),#5009);
#5005 = LINE('',#5006,#5007);
#5006 = CARTESIAN_POINT('',(3.14159265359,3.14159265359));
#5007 = VECTOR('',#5008,1.);
#5008 = DIRECTION('',(0.,-1.));
#5009 = ( GEOMETRIC_REPRESENTATION_CONTEXT(2) 
PARAMETRIC_REPRESENTATION_CONTEXT() REPRESENTATION_CONTEXT('2D SPACE',''
  ) );
#5010 = PCURVE('',#3765,#5011);
#5011 = DEFINITIONAL_REPRESENTATION('',(#5012),#5016);
#5012 = LINE('',#5013,#5014);
#5013 = CARTESIAN_POINT('',(7.068583470577,-23.71887107261));
#5014 = VECTOR('',#5015,1.);
#5015 = DIRECTION('',(-1.,0.));
#5016 = ( GEOMETRIC_REPRESENTATION_CONTEXT(2) 
PARAMETRIC_REPRESENTATION_CONTEXT() REPRESENTATION_CONTEXT('2D SPACE',''
  ) );
#5017 = ORIENTED_EDGE('',*,*,#3720,.T.);
#5018 = ORIENTED_EDGE('',*,*,#4938,.F.);
#5019 = ORIENTED_EDGE('',*,*,#5020,.T.);
#5020 = EDGE_CURVE('',#4939,#4995,#5021,.T.);
#5021 = SURFACE_CURVE('',#5022,(#5027,#5034),.PCURVE_S1.);
#5022 = CIRCLE('',#5023,1.);
#5023 = AXIS2_PLACEMENT_3D('',#5024,#5025,#5026);
#5024 = CARTESIAN_POINT('',(26.,-72.96887112585,-0.2));
#5025 = DIRECTION('',(0.,0.,-1.));
#5026 = DIRECTION('',(-0.527046276695,-0.849836585599,-0.));
#5027 = PCURVE('',#3737,#5028);
#5028 = DEFINITIONAL_REPRESENTATION('',(#5029),#5033);
#5029 = LINE('',#5030,#5031);
#5030 = CARTESIAN_POINT('',(10.440453120007,3.14159265359));
#5031 = VECTOR('',#5032,1.);
#5032 = DIRECTION('',(-1.,6.558532112519E-16));
#5033 = ( GEOMETRIC_REPRESENTATION_CONTEXT(2) 
PARAMETRIC_REPRESENTATION_CONTEXT() REPRESENTATION_CONTEXT('2D SPACE',''
  ) );
#5034 = PCURVE('',#5035,#5040);
#5035 = CYLINDRICAL_SURFACE('',#5036,1.);
#5036 = AXIS2_PLACEMENT_3D('',#5037,#5038,#5039);
#5037 = CARTESIAN_POINT('',(26.,-72.96887112585,-3.));
#5038 = DIRECTION('',(0.,0.,-1.));
#5039 = DIRECTION('',(-0.527046276695,-0.849836585599,-0.));
#5040 = DEFINITIONAL_REPRESENTATION('',(#5041),#5045);
#5041 = LINE('',#5042,#5043);
#5042 = CARTESIAN_POINT('',(8.881784197001E-16,-2.8));
#5043 = VECTOR('',#5044,1.);
#5044 = DIRECTION('',(1.,0.));
#5045 = ( GEOMETRIC_REPRESENTATION_CONTEXT(2) 
PARAMETRIC_REPRESENTATION_CONTEXT() REPRESENTATION_CONTEXT('2D SPACE',''
  ) );
#5046 = ADVANCED_FACE('',(#5047),#3765,.T.);
#5047 = FACE_BOUND('',#5048,.T.);
#5048 = EDGE_LOOP('',(#5049,#5050,#5051,#5079));
#5049 = ORIENTED_EDGE('',*,*,#3749,.T.);
#5050 = ORIENTED_EDGE('',*,*,#4994,.F.);
#5051 = ORIENTED_EDGE('',*,*,#5052,.T.);
#5052 = EDGE_CURVE('',#4995,#5053,#5055,.T.);
#5053 = VERTEX_POINT('',#5054);
#5054 = CARTESIAN_POINT('',(25.,-51.00000073015,-0.2));
#5055 = SURFACE_CURVE('',#5056,(#5060,#5067),.PCURVE_S1.);
#5056 = LINE('',#5057,#5058);
#5057 = CARTESIAN_POINT('',(25.,-49.25000005323,-0.2));
#5058 = VECTOR('',#5059,1.);
#5059 = DIRECTION('',(-1.200241111157E-16,1.,0.));
#5060 = PCURVE('',#3765,#5061);
#5061 = DEFINITIONAL_REPRESENTATION('',(#5062),#5066);
#5062 = LINE('',#5063,#5064);
#5063 = CARTESIAN_POINT('',(7.068583470577,0.));
#5064 = VECTOR('',#5065,1.);
#5065 = DIRECTION('',(0.,1.));
#5066 = ( GEOMETRIC_REPRESENTATION_CONTEXT(2) 
PARAMETRIC_REPRESENTATION_CONTEXT() REPRESENTATION_CONTEXT('2D SPACE',''
  ) );
#5067 = PCURVE('',#5068,#5073);
#5068 = PLANE('',#5069);
#5069 = AXIS2_PLACEMENT_3D('',#5070,#5071,#5072);
#5070 = CARTESIAN_POINT('',(25.,-40.00000010647,1.491913186046E-26));
#5071 = DIRECTION('',(1.,1.200241111157E-16,0.));
#5072 = DIRECTION('',(1.200241111157E-16,-1.,4.445553988577E-30));
#5073 = DEFINITIONAL_REPRESENTATION('',(#5074),#5078);
#5074 = LINE('',#5075,#5076);
#5075 = CARTESIAN_POINT('',(9.24999994676,0.2));
#5076 = VECTOR('',#5077,1.);
#5077 = DIRECTION('',(-1.,-4.445553988577E-30));
#5078 = ( GEOMETRIC_REPRESENTATION_CONTEXT(2) 
PARAMETRIC_REPRESENTATION_CONTEXT() REPRESENTATION_CONTEXT('2D SPACE',''
  ) );
#5079 = ORIENTED_EDGE('',*,*,#5080,.T.);
#5080 = EDGE_CURVE('',#5053,#3750,#5081,.T.);
#5081 = SURFACE_CURVE('',#5082,(#5087,#5116),.PCURVE_S1.);
#5082 = ELLIPSE('',#5083,0.282842712475,0.2);
#5083 = AXIS2_PLACEMENT_3D('',#5084,#5085,#5086);
#5084 = CARTESIAN_POINT('',(24.8,-50.80000073015,-0.2));
#5085 = DIRECTION('',(-0.707106781187,-0.707106781187,0.));
#5086 = DIRECTION('',(0.707106781187,-0.707106781187,0.));
#5087 = PCURVE('',#3765,#5088);
#5088 = DEFINITIONAL_REPRESENTATION('',(#5089),#5115);
#5089 = B_SPLINE_CURVE_WITH_KNOTS('',3,(#5090,#5091,#5092,#5093,#5094,
    #5095,#5096,#5097,#5098,#5099,#5100,#5101,#5102,#5103,#5104,#5105,
    #5106,#5107,#5108,#5109,#5110,#5111,#5112,#5113,#5114),
  .UNSPECIFIED.,.F.,.F.,(4,1,1,1,1,1,1,1,1,1,1,1,1,1,1,1,1,1,1,1,1,1,4),
  (0.,7.139983303613E-02,0.142799666072,0.214199499108,0.285599332145,
    0.356999165181,0.428398998217,0.499798831253,0.571198664289,
    0.642598497325,0.713998330361,0.785398163397,0.856797996434,
    0.92819782947,0.999597662506,1.070997495542,1.142397328578,
    1.213797161614,1.28519699465,1.356596827687,1.427996660723,
    1.499396493759,1.570796326795),.UNSPECIFIED.);
#5090 = CARTESIAN_POINT('',(7.068583470577,-1.750000676918));
#5091 = CARTESIAN_POINT('',(7.044783526232,-1.750001108229));
#5092 = CARTESIAN_POINT('',(6.997183637541,-1.749660469928));
#5093 = CARTESIAN_POINT('',(6.925783804505,-1.74813329195));
#5094 = CARTESIAN_POINT('',(6.854383971469,-1.745596154039));
#5095 = CARTESIAN_POINT('',(6.782984138433,-1.742062392568));
#5096 = CARTESIAN_POINT('',(6.711584305397,-1.737549905534));
#5097 = CARTESIAN_POINT('',(6.640184472361,-1.732081716806));
#5098 = CARTESIAN_POINT('',(6.568784639325,-1.725685683178));
#5099 = CARTESIAN_POINT('',(6.497384806288,-1.718394399473));
#5100 = CARTESIAN_POINT('',(6.425984973252,-1.710245019838));
#5101 = CARTESIAN_POINT('',(6.354585140216,-1.701279071795));
#5102 = CARTESIAN_POINT('',(6.28318530718,-1.691542243718));
#5103 = CARTESIAN_POINT('',(6.211785474143,-1.681084152265));
#5104 = CARTESIAN_POINT('',(6.140385641108,-1.669958089466));
#5105 = CARTESIAN_POINT('',(6.068985808072,-1.658220751193));
#5106 = CARTESIAN_POINT('',(5.997585975035,-1.645931948217));
#5107 = CARTESIAN_POINT('',(5.926186141999,-1.633154301511));
#5108 = CARTESIAN_POINT('',(5.854786308963,-1.61995292285));
#5109 = CARTESIAN_POINT('',(5.783386475927,-1.606395084118));
#5110 = CARTESIAN_POINT('',(5.711986642891,-1.592549870395));
#5111 = CARTESIAN_POINT('',(5.640586809855,-1.578487843273));
#5112 = CARTESIAN_POINT('',(5.569186976819,-1.564280623951));
#5113 = CARTESIAN_POINT('',(5.521587088128,-1.554760702832));
#5114 = CARTESIAN_POINT('',(5.497787143783,-1.550000676918));
#5115 = ( GEOMETRIC_REPRESENTATION_CONTEXT(2) 
PARAMETRIC_REPRESENTATION_CONTEXT() REPRESENTATION_CONTEXT('2D SPACE',''
  ) );
#5116 = PCURVE('',#3791,#5117);
#5117 = DEFINITIONAL_REPRESENTATION('',(#5118),#5144);
#5118 = B_SPLINE_CURVE_WITH_KNOTS('',3,(#5119,#5120,#5121,#5122,#5123,
    #5124,#5125,#5126,#5127,#5128,#5129,#5130,#5131,#5132,#5133,#5134,
    #5135,#5136,#5137,#5138,#5139,#5140,#5141,#5142,#5143),
  .UNSPECIFIED.,.F.,.F.,(4,1,1,1,1,1,1,1,1,1,1,1,1,1,1,1,1,1,1,1,1,1,4),
  (0.,7.139983303613E-02,0.142799666072,0.214199499108,0.285599332145,
    0.356999165181,0.428398998217,0.499798831253,0.571198664289,
    0.642598497325,0.713998330361,0.785398163397,0.856797996434,
    0.92819782947,0.999597662506,1.070997495542,1.142397328578,
    1.213797161614,1.28519699465,1.356596827687,1.427996660723,
    1.499396493759,1.570796326795),.UNSPECIFIED.);
#5119 = CARTESIAN_POINT('',(7.068583470577,-32.35));
#5120 = CARTESIAN_POINT('',(7.044783526232,-32.34999956868));
#5121 = CARTESIAN_POINT('',(6.997183637541,-32.35034020699));
#5122 = CARTESIAN_POINT('',(6.925783804505,-32.35186738496));
#5123 = CARTESIAN_POINT('',(6.854383971469,-32.35440452287));
#5124 = CARTESIAN_POINT('',(6.782984138432,-32.35793828435));
#5125 = CARTESIAN_POINT('',(6.711584305396,-32.36245077138));
#5126 = CARTESIAN_POINT('',(6.64018447236,-32.36791896011));
#5127 = CARTESIAN_POINT('',(6.568784639324,-32.37431499374));
#5128 = CARTESIAN_POINT('',(6.497384806288,-32.38160627744));
#5129 = CARTESIAN_POINT('',(6.425984973252,-32.38975565708));
#5130 = CARTESIAN_POINT('',(6.354585140216,-32.39872160512));
#5131 = CARTESIAN_POINT('',(6.28318530718,-32.4084584332));
#5132 = CARTESIAN_POINT('',(6.211785474143,-32.41891652465));
#5133 = CARTESIAN_POINT('',(6.140385641107,-32.43004258745));
#5134 = CARTESIAN_POINT('',(6.068985808071,-32.44177992572));
#5135 = CARTESIAN_POINT('',(5.997585975035,-32.4540687287));
#5136 = CARTESIAN_POINT('',(5.926186141999,-32.4668463754));
#5137 = CARTESIAN_POINT('',(5.854786308963,-32.48004775406));
#5138 = CARTESIAN_POINT('',(5.783386475927,-32.4936055928));
#5139 = CARTESIAN_POINT('',(5.711986642891,-32.50745080652));
#5140 = CARTESIAN_POINT('',(5.640586809854,-32.52151283364));
#5141 = CARTESIAN_POINT('',(5.569186976818,-32.53572005296));
#5142 = CARTESIAN_POINT('',(5.521587088128,-32.54523997408));
#5143 = CARTESIAN_POINT('',(5.497787143782,-32.55));
#5144 = ( GEOMETRIC_REPRESENTATION_CONTEXT(2) 
PARAMETRIC_REPRESENTATION_CONTEXT() REPRESENTATION_CONTEXT('2D SPACE',''
  ) );
#5145 = ADVANCED_FACE('',(#5146),#3791,.T.);
#5146 = FACE_BOUND('',#5147,.T.);
#5147 = EDGE_LOOP('',(#5148,#5149,#5175,#5176));
#5148 = ORIENTED_EDGE('',*,*,#5080,.F.);
#5149 = ORIENTED_EDGE('',*,*,#5150,.T.);
#5150 = EDGE_CURVE('',#5053,#4427,#5151,.T.);
#5151 = SURFACE_CURVE('',#5152,(#5156,#5163),.PCURVE_S1.);
#5152 = LINE('',#5153,#5154);
#5153 = CARTESIAN_POINT('',(57.35,-51.00000073015,-0.2));
#5154 = VECTOR('',#5155,1.);
#5155 = DIRECTION('',(1.,0.,0.));
#5156 = PCURVE('',#3791,#5157);
#5157 = DEFINITIONAL_REPRESENTATION('',(#5158),#5162);
#5158 = LINE('',#5159,#5160);
#5159 = CARTESIAN_POINT('',(7.068583470577,0.));
#5160 = VECTOR('',#5161,1.);
#5161 = DIRECTION('',(0.,1.));
#5162 = ( GEOMETRIC_REPRESENTATION_CONTEXT(2) 
PARAMETRIC_REPRESENTATION_CONTEXT() REPRESENTATION_CONTEXT('2D SPACE',''
  ) );
#5163 = PCURVE('',#5164,#5169);
#5164 = PLANE('',#5165);
#5165 = AXIS2_PLACEMENT_3D('',#5166,#5167,#5168);
#5166 = CARTESIAN_POINT('',(68.2,-51.00000073015,0.));
#5167 = DIRECTION('',(0.,-1.,0.));
#5168 = DIRECTION('',(-1.,0.,0.));
#5169 = DEFINITIONAL_REPRESENTATION('',(#5170),#5174);
#5170 = LINE('',#5171,#5172);
#5171 = CARTESIAN_POINT('',(10.85,0.2));
#5172 = VECTOR('',#5173,1.);
#5173 = DIRECTION('',(-1.,-0.));
#5174 = ( GEOMETRIC_REPRESENTATION_CONTEXT(2) 
PARAMETRIC_REPRESENTATION_CONTEXT() REPRESENTATION_CONTEXT('2D SPACE',''
  ) );
#5175 = ORIENTED_EDGE('',*,*,#4479,.F.);
#5176 = ORIENTED_EDGE('',*,*,#3777,.T.);
#5177 = ADVANCED_FACE('',(#5178),#3828,.T.);
#5178 = FACE_BOUND('',#5179,.T.);
#5179 = EDGE_LOOP('',(#5180,#5181,#5205,#5234));
#5180 = ORIENTED_EDGE('',*,*,#3805,.T.);
#5181 = ORIENTED_EDGE('',*,*,#5182,.F.);
#5182 = EDGE_CURVE('',#5183,#3808,#5185,.T.);
#5183 = VERTEX_POINT('',#5184);
#5184 = CARTESIAN_POINT('',(43.364677542328,-38.44444444444,-0.2));
#5185 = SURFACE_CURVE('',#5186,(#5191,#5198),.PCURVE_S1.);
#5186 = CIRCLE('',#5187,0.2);
#5187 = AXIS2_PLACEMENT_3D('',#5188,#5189,#5190);
#5188 = CARTESIAN_POINT('',(43.543838825624,-38.53333333333,-0.2));
#5189 = DIRECTION('',(0.444444444444,0.895806416478,-0.));
#5190 = DIRECTION('',(-0.895806416478,0.444444444444,0.));
#5191 = PCURVE('',#3828,#5192);
#5192 = DEFINITIONAL_REPRESENTATION('',(#5193),#5197);
#5193 = LINE('',#5194,#5195);
#5194 = CARTESIAN_POINT('',(5.389941969158,0.));
#5195 = VECTOR('',#5196,1.);
#5196 = DIRECTION('',(-1.696295830114E-15,1.));
#5197 = ( GEOMETRIC_REPRESENTATION_CONTEXT(2) 
PARAMETRIC_REPRESENTATION_CONTEXT() REPRESENTATION_CONTEXT('2D SPACE',''
  ) );
#5198 = PCURVE('',#3996,#5199);
#5199 = DEFINITIONAL_REPRESENTATION('',(#5200),#5204);
#5200 = LINE('',#5201,#5202);
#5201 = CARTESIAN_POINT('',(-0.460553991679,3.14159265359));
#5202 = VECTOR('',#5203,1.);
#5203 = DIRECTION('',(-2.397431439907E-13,-1.));
#5204 = ( GEOMETRIC_REPRESENTATION_CONTEXT(2) 
PARAMETRIC_REPRESENTATION_CONTEXT() REPRESENTATION_CONTEXT('2D SPACE',''
  ) );
#5205 = ORIENTED_EDGE('',*,*,#5206,.T.);
#5206 = EDGE_CURVE('',#5183,#5207,#5209,.T.);
#5207 = VERTEX_POINT('',#5208);
#5208 = CARTESIAN_POINT('',(45.500000678003,-43.35410216839,-0.2));
#5209 = SURFACE_CURVE('',#5210,(#5215,#5222),.PCURVE_S1.);
#5210 = CIRCLE('',#5211,3.5);
#5211 = AXIS2_PLACEMENT_3D('',#5212,#5213,#5214);
#5212 = CARTESIAN_POINT('',(46.5,-40.,-0.2));
#5213 = DIRECTION('',(-0.,0.,1.));
#5214 = DIRECTION('',(0.,-1.,0.));
#5215 = PCURVE('',#3828,#5216);
#5216 = DEFINITIONAL_REPRESENTATION('',(#5217),#5221);
#5217 = LINE('',#5218,#5219);
#5218 = CARTESIAN_POINT('',(1.138106980455,0.));
#5219 = VECTOR('',#5220,1.);
#5220 = DIRECTION('',(1.,0.));
#5221 = ( GEOMETRIC_REPRESENTATION_CONTEXT(2) 
PARAMETRIC_REPRESENTATION_CONTEXT() REPRESENTATION_CONTEXT('2D SPACE',''
  ) );
#5222 = PCURVE('',#5223,#5228);
#5223 = CYLINDRICAL_SURFACE('',#5224,3.5);
#5224 = AXIS2_PLACEMENT_3D('',#5225,#5226,#5227);
#5225 = CARTESIAN_POINT('',(46.5,-40.,-3.));
#5226 = DIRECTION('',(0.,0.,1.));
#5227 = DIRECTION('',(-0.917022969331,-0.398834393853,0.));
#5228 = DEFINITIONAL_REPRESENTATION('',(#5229),#5233);
#5229 = LINE('',#5230,#5231);
#5230 = CARTESIAN_POINT('',(1.160550908885,2.8));
#5231 = VECTOR('',#5232,1.);
#5232 = DIRECTION('',(1.,0.));
#5233 = ( GEOMETRIC_REPRESENTATION_CONTEXT(2) 
PARAMETRIC_REPRESENTATION_CONTEXT() REPRESENTATION_CONTEXT('2D SPACE',''
  ) );
#5234 = ORIENTED_EDGE('',*,*,#5235,.T.);
#5235 = EDGE_CURVE('',#5207,#3806,#5236,.T.);
#5236 = SURFACE_CURVE('',#5237,(#5252,#5303),.PCURVE_S1.);
#5237 = B_SPLINE_CURVE_WITH_KNOTS('',3,(#5238,#5239,#5240,#5241,#5242,
    #5243,#5244,#5245,#5246,#5247,#5248,#5249,#5250,#5251),
  .UNSPECIFIED.,.F.,.F.,(4,2,2,2,2,2,4),(-3.55290969204E-02,
    -2.921341308413E-02,-2.250305558195E-02,-1.45137284949E-02,
    -7.182570008406E-03,0.,2.330108481238E-04),.UNSPECIFIED.);
#5238 = CARTESIAN_POINT('',(45.500000678003,-43.35410216839,-0.2));
#5239 = CARTESIAN_POINT('',(45.500000678003,-43.35410216839,
    -0.179083368761));
#5240 = CARTESIAN_POINT('',(45.503280159056,-43.35166010876,
    -0.158555998197));
#5241 = CARTESIAN_POINT('',(45.516095113807,-43.34208818998,
    -0.118458589727));
#5242 = CARTESIAN_POINT('',(45.525802452318,-43.33482724418,
    -9.964592701887E-02));
#5243 = CARTESIAN_POINT('',(45.551916997332,-43.3151973568,
    -6.339525068218E-02));
#5244 = CARTESIAN_POINT('',(45.569025704264,-43.30228353596,
    -4.718595800744E-02));
#5245 = CARTESIAN_POINT('',(45.604731782006,-43.27513579157,
    -2.293959717579E-02));
#5246 = CARTESIAN_POINT('',(45.623085178945,-43.26110236713,
    -1.433702339748E-02));
#5247 = CARTESIAN_POINT('',(45.660338901817,-43.23241574664,
    -3.027513314786E-03));
#5248 = CARTESIAN_POINT('',(45.679291021198,-43.21772689822,
    -1.817574640421E-04));
#5249 = CARTESIAN_POINT('',(45.698776276637,-43.20251827811,
    -2.810676596685E-06));
#5250 = CARTESIAN_POINT('',(45.699388504101,-43.20204031574,
    -1.524083541291E-16));
#5251 = CARTESIAN_POINT('',(45.700000678003,-43.20156228813,
    -1.387778780781E-16));
#5252 = PCURVE('',#3828,#5253);
#5253 = DEFINITIONAL_REPRESENTATION('',(#5254),#5302);
#5254 = B_SPLINE_CURVE_WITH_KNOTS('',3,(#5255,#5256,#5257,#5258,#5259,
    #5260,#5261,#5262,#5263,#5264,#5265,#5266,#5267,#5268,#5269,#5270,
    #5271,#5272,#5273,#5274,#5275,#5276,#5277,#5278,#5279,#5280,#5281,
    #5282,#5283,#5284,#5285,#5286,#5287,#5288,#5289,#5290,#5291,#5292,
    #5293,#5294,#5295,#5296,#5297,#5298,#5299,#5300,#5301),
  .UNSPECIFIED.,.F.,.F.,(4,1,1,1,1,1,1,1,1,1,1,1,1,1,1,1,1,1,1,1,1,1,1,1
    ,1,1,1,1,1,1,1,1,1,1,1,1,1,1,1,1,1,1,1,1,4),(-3.55290969204E-02,
    -3.471632174384E-02,-3.390354656728E-02,-3.309077139072E-02,
    -3.227799621417E-02,-3.146522103761E-02,-3.065244586105E-02,
    -2.98396706845E-02,-2.902689550794E-02,-2.821412033138E-02,
    -2.740134515482E-02,-2.658856997827E-02,-2.577579480171E-02,
    -2.496301962515E-02,-2.415024444859E-02,-2.333746927204E-02,
    -2.252469409548E-02,-2.171191891892E-02,-2.089914374237E-02,
    -2.008636856581E-02,-1.927359338925E-02,-1.846081821269E-02,
    -1.764804303614E-02,-1.683526785958E-02,-1.602249268302E-02,
    -1.520971750646E-02,-1.439694232991E-02,-1.358416715335E-02,
    -1.277139197679E-02,-1.195861680024E-02,-1.114584162368E-02,
    -1.033306644712E-02,-9.520291270564E-03,-8.707516094006E-03,
    -7.894740917449E-03,-7.081965740892E-03,-6.269190564334E-03,
    -5.456415387777E-03,-4.64364021122E-03,-3.830865034663E-03,
    -3.018089858105E-03,-2.205314681548E-03,-1.392539504991E-03,
    -5.797643284335E-04,2.330108481238E-04),.UNSPECIFIED.);
#5255 = CARTESIAN_POINT('',(7.13154078834,0.));
#5256 = CARTESIAN_POINT('',(7.1315407914,1.345884595736E-02));
#5257 = CARTESIAN_POINT('',(7.131563925031,4.031253576409E-02));
#5258 = CARTESIAN_POINT('',(7.131667111659,8.041973650814E-02));
#5259 = CARTESIAN_POINT('',(7.131837872294,0.120372717122));
#5260 = CARTESIAN_POINT('',(7.132075350159,0.160189046269));
#5261 = CARTESIAN_POINT('',(7.132378695294,0.199883500569));
#5262 = CARTESIAN_POINT('',(7.132747178206,0.239475559511));
#5263 = CARTESIAN_POINT('',(7.13317977472,0.278961310101));
#5264 = CARTESIAN_POINT('',(7.133676704118,0.318419074568));
#5265 = CARTESIAN_POINT('',(7.134233053858,0.35757076491));
#5266 = CARTESIAN_POINT('',(7.134846115901,0.396382494318));
#5267 = CARTESIAN_POINT('',(7.135514332031,0.434889725342));
#5268 = CARTESIAN_POINT('',(7.136235853393,0.473106008587));
#5269 = CARTESIAN_POINT('',(7.13700890962,0.511047026485));
#5270 = CARTESIAN_POINT('',(7.137831756586,0.548726132489));
#5271 = CARTESIAN_POINT('',(7.138702500635,0.586148811893));
#5272 = CARTESIAN_POINT('',(7.139619838812,0.623340145582));
#5273 = CARTESIAN_POINT('',(7.140580259112,0.660241503741));
#5274 = CARTESIAN_POINT('',(7.141580023439,0.696797030808));
#5275 = CARTESIAN_POINT('',(7.142618031044,0.733046453412));
#5276 = CARTESIAN_POINT('',(7.143692465992,0.769001077828));
#5277 = CARTESIAN_POINT('',(7.144801691481,0.804677001874));
#5278 = CARTESIAN_POINT('',(7.145944008052,0.840086297774));
#5279 = CARTESIAN_POINT('',(7.147117716171,0.875239489934));
#5280 = CARTESIAN_POINT('',(7.148321097865,0.910145019305));
#5281 = CARTESIAN_POINT('',(7.149552418163,0.944809586899));
#5282 = CARTESIAN_POINT('',(7.150809928684,0.979238099177));
#5283 = CARTESIAN_POINT('',(7.152091839558,1.013434382081));
#5284 = CARTESIAN_POINT('',(7.153396898859,1.047413338763));
#5285 = CARTESIAN_POINT('',(7.154723830594,1.081187979745));
#5286 = CARTESIAN_POINT('',(7.156071345841,1.114770208636));
#5287 = CARTESIAN_POINT('',(7.157438136539,1.148170627831));
#5288 = CARTESIAN_POINT('',(7.158822884294,1.181398853676));
#5289 = CARTESIAN_POINT('',(7.160224226698,1.214462837056));
#5290 = CARTESIAN_POINT('',(7.161640878813,1.247371708092));
#5291 = CARTESIAN_POINT('',(7.163071176733,1.280125567011));
#5292 = CARTESIAN_POINT('',(7.164514835674,1.312755320568));
#5293 = CARTESIAN_POINT('',(7.16597128367,1.345282513948));
#5294 = CARTESIAN_POINT('',(7.167439301264,1.377713966134));
#5295 = CARTESIAN_POINT('',(7.168917821359,1.41005981356));
#5296 = CARTESIAN_POINT('',(7.170405714722,1.442328747141));
#5297 = CARTESIAN_POINT('',(7.171901845747,1.47452933006));
#5298 = CARTESIAN_POINT('',(7.173405061729,1.506669814475));
#5299 = CARTESIAN_POINT('',(7.174914178003,1.538757893604));
#5300 = CARTESIAN_POINT('',(7.175923423539,1.560120779168));
#5301 = CARTESIAN_POINT('',(7.176428645201,1.570796326795));
#5302 = ( GEOMETRIC_REPRESENTATION_CONTEXT(2) 
PARAMETRIC_REPRESENTATION_CONTEXT() REPRESENTATION_CONTEXT('2D SPACE',''
  ) );
#5303 = PCURVE('',#3856,#5304);
#5304 = DEFINITIONAL_REPRESENTATION('',(#5305),#5353);
#5305 = B_SPLINE_CURVE_WITH_KNOTS('',3,(#5306,#5307,#5308,#5309,#5310,
    #5311,#5312,#5313,#5314,#5315,#5316,#5317,#5318,#5319,#5320,#5321,
    #5322,#5323,#5324,#5325,#5326,#5327,#5328,#5329,#5330,#5331,#5332,
    #5333,#5334,#5335,#5336,#5337,#5338,#5339,#5340,#5341,#5342,#5343,
    #5344,#5345,#5346,#5347,#5348,#5349,#5350,#5351,#5352),
  .UNSPECIFIED.,.F.,.F.,(4,1,1,1,1,1,1,1,1,1,1,1,1,1,1,1,1,1,1,1,1,1,1,1
    ,1,1,1,1,1,1,1,1,1,1,1,1,1,1,1,1,1,1,1,1,4),(-3.55290969204E-02,
    -3.471632174384E-02,-3.390354656728E-02,-3.309077139072E-02,
    -3.227799621417E-02,-3.146522103761E-02,-3.065244586105E-02,
    -2.98396706845E-02,-2.902689550794E-02,-2.821412033138E-02,
    -2.740134515482E-02,-2.658856997827E-02,-2.577579480171E-02,
    -2.496301962515E-02,-2.415024444859E-02,-2.333746927204E-02,
    -2.252469409548E-02,-2.171191891892E-02,-2.089914374237E-02,
    -2.008636856581E-02,-1.927359338925E-02,-1.846081821269E-02,
    -1.764804303614E-02,-1.683526785958E-02,-1.602249268302E-02,
    -1.520971750646E-02,-1.439694232991E-02,-1.358416715335E-02,
    -1.277139197679E-02,-1.195861680024E-02,-1.114584162368E-02,
    -1.033306644712E-02,-9.520291270564E-03,-8.707516094006E-03,
    -7.894740917449E-03,-7.081965740892E-03,-6.269190564334E-03,
    -5.456415387777E-03,-4.64364021122E-03,-3.830865034663E-03,
    -3.018089858105E-03,-2.205314681548E-03,-1.392539504991E-03,
    -5.797643284335E-04,2.330108481238E-04),.UNSPECIFIED.);
#5306 = CARTESIAN_POINT('',(0.785398163397,-10.39589819668));
#5307 = CARTESIAN_POINT('',(0.771939324428,-10.39589819668));
#5308 = CARTESIAN_POINT('',(0.745085620726,-10.39597908493));
#5309 = CARTESIAN_POINT('',(0.704978340143,-10.39633997396));
#5310 = CARTESIAN_POINT('',(0.665025223656,-10.3969373054));
#5311 = CARTESIAN_POINT('',(0.625208781369,-10.39776798654));
#5312 = CARTESIAN_POINT('',(0.585514309494,-10.39882884463));
#5313 = CARTESIAN_POINT('',(0.545922356351,-10.40011700562));
#5314 = CARTESIAN_POINT('',(0.506436807007,-10.40162848062));
#5315 = CARTESIAN_POINT('',(0.466979109417,-10.40336344147));
#5316 = CARTESIAN_POINT('',(0.427827349087,-10.40530437002));
#5317 = CARTESIAN_POINT('',(0.389015541083,-10.40744148812));
#5318 = CARTESIAN_POINT('',(0.350508246271,-10.40976889791));
#5319 = CARTESIAN_POINT('',(0.312291945787,-10.4122796714));
#5320 = CARTESIAN_POINT('',(0.274350962907,-10.41496712078));
#5321 = CARTESIAN_POINT('',(0.236671924725,-10.41782462771));
#5322 = CARTESIAN_POINT('',(0.199249333232,-10.42084505581));
#5323 = CARTESIAN_POINT('',(0.162057995992,-10.42402327129));
#5324 = CARTESIAN_POINT('',(0.125156765058,-10.42734664811));
#5325 = CARTESIAN_POINT('',(8.860166175235E-02,-10.43080177581));
#5326 = CARTESIAN_POINT('',(5.235271776183E-02,-10.43438421801));
#5327 = CARTESIAN_POINT('',(1.639850101527E-02,-10.43808713959));
#5328 = CARTESIAN_POINT('',(-1.927721276785E-02,-10.44190434813));
#5329 = CARTESIAN_POINT('',(-5.468656733319E-02,-10.44582947913));
#5330 = CARTESIAN_POINT('',(-8.98400951549E-02,-10.44985621369));
#5331 = CARTESIAN_POINT('',(-0.124746156504,-10.45397822267));
#5332 = CARTESIAN_POINT('',(-0.159411279112,-10.45818917223));
#5333 = CARTESIAN_POINT('',(-0.193840034109,-10.46248275756));
#5334 = CARTESIAN_POINT('',(-0.228035931875,-10.46685254822));
#5335 = CARTESIAN_POINT('',(-0.262014274211,-10.47129375563));
#5336 = CARTESIAN_POINT('',(-0.29578832959,-10.47580158805));
#5337 = CARTESIAN_POINT('',(-0.329370210011,-10.4803712561));
#5338 = CARTESIAN_POINT('',(-0.362770631398,-10.48499796408));
#5339 = CARTESIAN_POINT('',(-0.395999223484,-10.48967693924));
#5340 = CARTESIAN_POINT('',(-0.429063830581,-10.49440332329));
#5341 = CARTESIAN_POINT('',(-0.461973364521,-10.4991725772));
#5342 = CARTESIAN_POINT('',(-0.494727516782,-10.50397897048));
#5343 = CARTESIAN_POINT('',(-0.527356853436,-10.50882141144));
#5344 = CARTESIAN_POINT('',(-0.55988340707,-10.51369762846));
#5345 = CARTESIAN_POINT('',(-0.592314277831,-10.5186032642));
#5346 = CARTESIAN_POINT('',(-0.624659816091,-10.52353451995));
#5347 = CARTESIAN_POINT('',(-0.656928811127,-10.52848744822));
#5348 = CARTESIAN_POINT('',(-0.689129812707,-10.53345813801));
#5349 = CARTESIAN_POINT('',(-0.721270941371,-10.53844268117));
#5350 = CARTESIAN_POINT('',(-0.753359634265,-10.54343712164));
#5351 = CARTESIAN_POINT('',(-0.774722664946,-10.54677083531));
#5352 = CARTESIAN_POINT('',(-0.785398163397,-10.54843807694));
#5353 = ( GEOMETRIC_REPRESENTATION_CONTEXT(2) 
PARAMETRIC_REPRESENTATION_CONTEXT() REPRESENTATION_CONTEXT('2D SPACE',''
  ) );
#5354 = ADVANCED_FACE('',(#5355),#3856,.T.);
#5355 = FACE_BOUND('',#5356,.T.);
#5356 = EDGE_LOOP('',(#5357,#5358,#5359,#5387));
#5357 = ORIENTED_EDGE('',*,*,#3840,.T.);
#5358 = ORIENTED_EDGE('',*,*,#5235,.F.);
#5359 = ORIENTED_EDGE('',*,*,#5360,.T.);
#5360 = EDGE_CURVE('',#5207,#5361,#5363,.T.);
#5361 = VERTEX_POINT('',#5362);
#5362 = CARTESIAN_POINT('',(45.500000678003,-49.00000073015,-0.2));
#5363 = SURFACE_CURVE('',#5364,(#5368,#5375),.PCURVE_S1.);
#5364 = LINE('',#5365,#5366);
#5365 = CARTESIAN_POINT('',(45.500000678003,-53.75000036507,-0.2));
#5366 = VECTOR('',#5367,1.);
#5367 = DIRECTION('',(0.,-1.,0.));
#5368 = PCURVE('',#3856,#5369);
#5369 = DEFINITIONAL_REPRESENTATION('',(#5370),#5374);
#5370 = LINE('',#5371,#5372);
#5371 = CARTESIAN_POINT('',(0.785398163397,0.));
#5372 = VECTOR('',#5373,1.);
#5373 = DIRECTION('',(0.,1.));
#5374 = ( GEOMETRIC_REPRESENTATION_CONTEXT(2) 
PARAMETRIC_REPRESENTATION_CONTEXT() REPRESENTATION_CONTEXT('2D SPACE',''
  ) );
#5375 = PCURVE('',#5376,#5381);
#5376 = PLANE('',#5377);
#5377 = AXIS2_PLACEMENT_3D('',#5378,#5379,#5380);
#5378 = CARTESIAN_POINT('',(45.500000678003,-49.00000073015,0.));
#5379 = DIRECTION('',(-1.,0.,0.));
#5380 = DIRECTION('',(0.,1.,0.));
#5381 = DEFINITIONAL_REPRESENTATION('',(#5382),#5386);
#5382 = LINE('',#5383,#5384);
#5383 = CARTESIAN_POINT('',(-4.74999963492,0.2));
#5384 = VECTOR('',#5385,1.);
#5385 = DIRECTION('',(-1.,0.));
#5386 = ( GEOMETRIC_REPRESENTATION_CONTEXT(2) 
PARAMETRIC_REPRESENTATION_CONTEXT() REPRESENTATION_CONTEXT('2D SPACE',''
  ) );
#5387 = ORIENTED_EDGE('',*,*,#5388,.T.);
#5388 = EDGE_CURVE('',#5361,#3841,#5389,.T.);
#5389 = SURFACE_CURVE('',#5390,(#5395,#5424),.PCURVE_S1.);
#5390 = ELLIPSE('',#5391,0.282842712475,0.2);
#5391 = AXIS2_PLACEMENT_3D('',#5392,#5393,#5394);
#5392 = CARTESIAN_POINT('',(45.700000678003,-49.20000073015,-0.2));
#5393 = DIRECTION('',(0.707106781187,0.707106781187,-0.));
#5394 = DIRECTION('',(-0.707106781187,0.707106781187,0.));
#5395 = PCURVE('',#3856,#5396);
#5396 = DEFINITIONAL_REPRESENTATION('',(#5397),#5423);
#5397 = B_SPLINE_CURVE_WITH_KNOTS('',3,(#5398,#5399,#5400,#5401,#5402,
    #5403,#5404,#5405,#5406,#5407,#5408,#5409,#5410,#5411,#5412,#5413,
    #5414,#5415,#5416,#5417,#5418,#5419,#5420,#5421,#5422),
  .UNSPECIFIED.,.F.,.F.,(4,1,1,1,1,1,1,1,1,1,1,1,1,1,1,1,1,1,1,1,1,1,4),
  (0.,7.139983303613E-02,0.142799666072,0.214199499108,0.285599332145,
    0.356999165181,0.428398998217,0.499798831253,0.571198664289,
    0.642598497325,0.713998330361,0.785398163397,0.856797996434,
    0.92819782947,0.999597662506,1.070997495542,1.142397328578,
    1.213797161614,1.28519699465,1.356596827687,1.427996660723,
    1.499396493759,1.570796326795),.UNSPECIFIED.);
#5398 = CARTESIAN_POINT('',(0.785398163397,-4.749999634922));
#5399 = CARTESIAN_POINT('',(0.761598219052,-4.750000066233));
#5400 = CARTESIAN_POINT('',(0.713998330361,-4.749659427931));
#5401 = CARTESIAN_POINT('',(0.642598497325,-4.748132249953));
#5402 = CARTESIAN_POINT('',(0.571198664289,-4.745595112042));
#5403 = CARTESIAN_POINT('',(0.499798831253,-4.742061350572));
#5404 = CARTESIAN_POINT('',(0.428398998217,-4.737548863537));
#5405 = CARTESIAN_POINT('',(0.356999165181,-4.732080674809));
#5406 = CARTESIAN_POINT('',(0.285599332145,-4.725684641181));
#5407 = CARTESIAN_POINT('',(0.214199499108,-4.718393357476));
#5408 = CARTESIAN_POINT('',(0.142799666072,-4.710243977841));
#5409 = CARTESIAN_POINT('',(7.139983303613E-02,-4.701278029798));
#5410 = CARTESIAN_POINT('',(8.506164906973E-16,-4.691541201722));
#5411 = CARTESIAN_POINT('',(-7.139983303613E-02,-4.681083110268));
#5412 = CARTESIAN_POINT('',(-0.142799666072,-4.66995704747));
#5413 = CARTESIAN_POINT('',(-0.214199499108,-4.658219709196));
#5414 = CARTESIAN_POINT('',(-0.285599332145,-4.645930906221));
#5415 = CARTESIAN_POINT('',(-0.356999165181,-4.633153259514));
#5416 = CARTESIAN_POINT('',(-0.428398998217,-4.619951880853));
#5417 = CARTESIAN_POINT('',(-0.499798831253,-4.606394042122));
#5418 = CARTESIAN_POINT('',(-0.571198664289,-4.592548828399));
#5419 = CARTESIAN_POINT('',(-0.642598497325,-4.578486801276));
#5420 = CARTESIAN_POINT('',(-0.713998330361,-4.564279581954));
#5421 = CARTESIAN_POINT('',(-0.761598219052,-4.554759660835));
#5422 = CARTESIAN_POINT('',(-0.785398163397,-4.549999634921));
#5423 = ( GEOMETRIC_REPRESENTATION_CONTEXT(2) 
PARAMETRIC_REPRESENTATION_CONTEXT() REPRESENTATION_CONTEXT('2D SPACE',''
  ) );
#5424 = PCURVE('',#3884,#5425);
#5425 = DEFINITIONAL_REPRESENTATION('',(#5426),#5452);
#5426 = B_SPLINE_CURVE_WITH_KNOTS('',3,(#5427,#5428,#5429,#5430,#5431,
    #5432,#5433,#5434,#5435,#5436,#5437,#5438,#5439,#5440,#5441,#5442,
    #5443,#5444,#5445,#5446,#5447,#5448,#5449,#5450,#5451),
  .UNSPECIFIED.,.F.,.F.,(4,1,1,1,1,1,1,1,1,1,1,1,1,1,1,1,1,1,1,1,1,1,4),
  (0.,7.139983303613E-02,0.142799666072,0.214199499108,0.285599332145,
    0.356999165181,0.428398998217,0.499798831253,0.571198664289,
    0.642598497325,0.713998330361,0.785398163397,0.856797996434,
    0.92819782947,0.999597662506,1.070997495542,1.142397328578,
    1.213797161614,1.28519699465,1.356596827687,1.427996660723,
    1.499396493759,1.570796326795),.UNSPECIFIED.);
#5427 = CARTESIAN_POINT('',(0.785398163397,-9.850000678003));
#5428 = CARTESIAN_POINT('',(0.761598219052,-9.850000246692));
#5429 = CARTESIAN_POINT('',(0.713998330361,-9.850340884993));
#5430 = CARTESIAN_POINT('',(0.642598497325,-9.851868062971));
#5431 = CARTESIAN_POINT('',(0.571198664289,-9.854405200882));
#5432 = CARTESIAN_POINT('',(0.499798831253,-9.857938962353));
#5433 = CARTESIAN_POINT('',(0.428398998217,-9.862451449387));
#5434 = CARTESIAN_POINT('',(0.356999165181,-9.867919638115));
#5435 = CARTESIAN_POINT('',(0.285599332145,-9.874315671743));
#5436 = CARTESIAN_POINT('',(0.214199499108,-9.881606955448));
#5437 = CARTESIAN_POINT('',(0.142799666072,-9.889756335083));
#5438 = CARTESIAN_POINT('',(7.139983303608E-02,-9.898722283126));
#5439 = CARTESIAN_POINT('',(2.504438061135E-14,-9.908459111203));
#5440 = CARTESIAN_POINT('',(-7.139983303618E-02,-9.918917202656));
#5441 = CARTESIAN_POINT('',(-0.142799666072,-9.930043265455));
#5442 = CARTESIAN_POINT('',(-0.214199499108,-9.941780603728));
#5443 = CARTESIAN_POINT('',(-0.285599332145,-9.954069406704));
#5444 = CARTESIAN_POINT('',(-0.356999165181,-9.96684705341));
#5445 = CARTESIAN_POINT('',(-0.428398998217,-9.980048432071));
#5446 = CARTESIAN_POINT('',(-0.499798831253,-9.993606270803));
#5447 = CARTESIAN_POINT('',(-0.571198664289,-10.00745148452));
#5448 = CARTESIAN_POINT('',(-0.642598497325,-10.02151351164));
#5449 = CARTESIAN_POINT('',(-0.713998330361,-10.03572073097));
#5450 = CARTESIAN_POINT('',(-0.761598219052,-10.04524065208));
#5451 = CARTESIAN_POINT('',(-0.785398163397,-10.050000678));
#5452 = ( GEOMETRIC_REPRESENTATION_CONTEXT(2) 
PARAMETRIC_REPRESENTATION_CONTEXT() REPRESENTATION_CONTEXT('2D SPACE',''
  ) );
#5453 = ADVANCED_FACE('',(#5454),#3884,.T.);
#5454 = FACE_BOUND('',#5455,.T.);
#5455 = EDGE_LOOP('',(#5456,#5484,#5550,#5551));
#5456 = ORIENTED_EDGE('',*,*,#5457,.T.);
#5457 = EDGE_CURVE('',#5361,#5458,#5460,.T.);
#5458 = VERTEX_POINT('',#5459);
#5459 = CARTESIAN_POINT('',(25.,-49.00000073015,-0.2));
#5460 = SURFACE_CURVE('',#5461,(#5465,#5472),.PCURVE_S1.);
#5461 = LINE('',#5462,#5463);
#5462 = CARTESIAN_POINT('',(35.65,-49.00000073015,-0.2));
#5463 = VECTOR('',#5464,1.);
#5464 = DIRECTION('',(-1.,0.,0.));
#5465 = PCURVE('',#3884,#5466);
#5466 = DEFINITIONAL_REPRESENTATION('',(#5467),#5471);
#5467 = LINE('',#5468,#5469);
#5468 = CARTESIAN_POINT('',(0.785398163397,0.));
#5469 = VECTOR('',#5470,1.);
#5470 = DIRECTION('',(0.,1.));
#5471 = ( GEOMETRIC_REPRESENTATION_CONTEXT(2) 
PARAMETRIC_REPRESENTATION_CONTEXT() REPRESENTATION_CONTEXT('2D SPACE',''
  ) );
#5472 = PCURVE('',#5473,#5478);
#5473 = PLANE('',#5474);
#5474 = AXIS2_PLACEMENT_3D('',#5475,#5476,#5477);
#5475 = CARTESIAN_POINT('',(24.8,-49.00000073015,0.));
#5476 = DIRECTION('',(0.,1.,0.));
#5477 = DIRECTION('',(1.,0.,0.));
#5478 = DEFINITIONAL_REPRESENTATION('',(#5479),#5483);
#5479 = LINE('',#5480,#5481);
#5480 = CARTESIAN_POINT('',(10.85,0.2));
#5481 = VECTOR('',#5482,1.);
#5482 = DIRECTION('',(-1.,0.));
#5483 = ( GEOMETRIC_REPRESENTATION_CONTEXT(2) 
PARAMETRIC_REPRESENTATION_CONTEXT() REPRESENTATION_CONTEXT('2D SPACE',''
  ) );
#5484 = ORIENTED_EDGE('',*,*,#5485,.F.);
#5485 = EDGE_CURVE('',#3869,#5458,#5486,.T.);
#5486 = SURFACE_CURVE('',#5487,(#5492,#5521),.PCURVE_S1.);
#5487 = ELLIPSE('',#5488,0.282842712475,0.2);
#5488 = AXIS2_PLACEMENT_3D('',#5489,#5490,#5491);
#5489 = CARTESIAN_POINT('',(24.8,-49.20000073015,-0.2));
#5490 = DIRECTION('',(-0.707106781187,0.707106781187,0.));
#5491 = DIRECTION('',(0.707106781187,0.707106781187,0.));
#5492 = PCURVE('',#3884,#5493);
#5493 = DEFINITIONAL_REPRESENTATION('',(#5494),#5520);
#5494 = B_SPLINE_CURVE_WITH_KNOTS('',3,(#5495,#5496,#5497,#5498,#5499,
    #5500,#5501,#5502,#5503,#5504,#5505,#5506,#5507,#5508,#5509,#5510,
    #5511,#5512,#5513,#5514,#5515,#5516,#5517,#5518,#5519),
  .UNSPECIFIED.,.F.,.F.,(4,1,1,1,1,1,1,1,1,1,1,1,1,1,1,1,1,1,1,1,1,1,4),
  (4.712388980385,4.783788813421,4.855188646457,4.926588479493,
    4.997988312529,5.069388145565,5.140787978601,5.212187811638,
    5.283587644674,5.35498747771,5.426387310746,5.497787143782,
    5.569186976818,5.640586809854,5.711986642891,5.783386475927,
    5.854786308963,5.926186141999,5.997585975035,6.068985808071,
    6.140385641107,6.211785474143,6.28318530718),.UNSPECIFIED.);
#5495 = CARTESIAN_POINT('',(-0.785398163397,10.85));
#5496 = CARTESIAN_POINT('',(-0.761598219052,10.845239974086));
#5497 = CARTESIAN_POINT('',(-0.713998330361,10.835720052967));
#5498 = CARTESIAN_POINT('',(-0.642598497325,10.821512833645));
#5499 = CARTESIAN_POINT('',(-0.571198664289,10.807450806523));
#5500 = CARTESIAN_POINT('',(-0.499798831253,10.7936055928));
#5501 = CARTESIAN_POINT('',(-0.428398998217,10.780047754069));
#5502 = CARTESIAN_POINT('',(-0.356999165181,10.766846375407));
#5503 = CARTESIAN_POINT('',(-0.285599332145,10.754068728701));
#5504 = CARTESIAN_POINT('',(-0.214199499108,10.741779925725));
#5505 = CARTESIAN_POINT('',(-0.142799666072,10.730042587452));
#5506 = CARTESIAN_POINT('',(-7.139983303618E-02,10.718916524653));
#5507 = CARTESIAN_POINT('',(2.48689957516E-14,10.7084584332));
#5508 = CARTESIAN_POINT('',(7.139983303608E-02,10.698721605124));
#5509 = CARTESIAN_POINT('',(0.142799666072,10.68975565708));
#5510 = CARTESIAN_POINT('',(0.214199499108,10.681606277445));
#5511 = CARTESIAN_POINT('',(0.285599332145,10.67431499374));
#5512 = CARTESIAN_POINT('',(0.356999165181,10.667918960112));
#5513 = CARTESIAN_POINT('',(0.428398998217,10.662450771385));
#5514 = CARTESIAN_POINT('',(0.499798831253,10.65793828435));
#5515 = CARTESIAN_POINT('',(0.571198664289,10.654404522879));
#5516 = CARTESIAN_POINT('',(0.642598497325,10.651867384968));
#5517 = CARTESIAN_POINT('',(0.713998330361,10.65034020699));
#5518 = CARTESIAN_POINT('',(0.761598219052,10.649999568689));
#5519 = CARTESIAN_POINT('',(0.785398163397,10.65));
#5520 = ( GEOMETRIC_REPRESENTATION_CONTEXT(2) 
PARAMETRIC_REPRESENTATION_CONTEXT() REPRESENTATION_CONTEXT('2D SPACE',''
  ) );
#5521 = PCURVE('',#3912,#5522);
#5522 = DEFINITIONAL_REPRESENTATION('',(#5523),#5549);
#5523 = B_SPLINE_CURVE_WITH_KNOTS('',3,(#5524,#5525,#5526,#5527,#5528,
    #5529,#5530,#5531,#5532,#5533,#5534,#5535,#5536,#5537,#5538,#5539,
    #5540,#5541,#5542,#5543,#5544,#5545,#5546,#5547,#5548),
  .UNSPECIFIED.,.F.,.F.,(4,1,1,1,1,1,1,1,1,1,1,1,1,1,1,1,1,1,1,1,1,1,4),
  (4.712388980385,4.783788813421,4.855188646457,4.926588479493,
    4.997988312529,5.069388145565,5.140787978601,5.212187811638,
    5.283587644674,5.35498747771,5.426387310746,5.497787143782,
    5.569186976818,5.640586809854,5.711986642891,5.783386475927,
    5.854786308963,5.926186141999,5.997585975035,6.068985808071,
    6.140385641107,6.211785474143,6.28318530718),.UNSPECIFIED.);
#5524 = CARTESIAN_POINT('',(5.497787143783,4.99993230818E-02));
#5525 = CARTESIAN_POINT('',(5.521587088128,5.47593489955E-02));
#5526 = CARTESIAN_POINT('',(5.569186976819,6.427927011437E-02));
#5527 = CARTESIAN_POINT('',(5.640586809855,7.848648943634E-02));
#5528 = CARTESIAN_POINT('',(5.711986642891,9.254851655899E-02));
#5529 = CARTESIAN_POINT('',(5.783386475927,0.106393730282));
#5530 = CARTESIAN_POINT('',(5.854786308963,0.119951569013));
#5531 = CARTESIAN_POINT('',(5.926186141999,0.133152947675));
#5532 = CARTESIAN_POINT('',(5.997585975035,0.145930594381));
#5533 = CARTESIAN_POINT('',(6.068985808072,0.158219397357));
#5534 = CARTESIAN_POINT('',(6.140385641108,0.16995673563));
#5535 = CARTESIAN_POINT('',(6.211785474143,0.181082798428));
#5536 = CARTESIAN_POINT('',(6.28318530718,0.191540889882));
#5537 = CARTESIAN_POINT('',(6.354585140216,0.201277717958));
#5538 = CARTESIAN_POINT('',(6.425984973252,0.210243666001));
#5539 = CARTESIAN_POINT('',(6.497384806288,0.218393045636));
#5540 = CARTESIAN_POINT('',(6.568784639325,0.225684329341));
#5541 = CARTESIAN_POINT('',(6.640184472361,0.232080362969));
#5542 = CARTESIAN_POINT('',(6.711584305397,0.237548551697));
#5543 = CARTESIAN_POINT('',(6.782984138433,0.242061038732));
#5544 = CARTESIAN_POINT('',(6.854383971469,0.245594800203));
#5545 = CARTESIAN_POINT('',(6.925783804505,0.248131938113));
#5546 = CARTESIAN_POINT('',(6.997183637541,0.249659116092));
#5547 = CARTESIAN_POINT('',(7.044783526232,0.249999754393));
#5548 = CARTESIAN_POINT('',(7.068583470577,0.249999323082));
#5549 = ( GEOMETRIC_REPRESENTATION_CONTEXT(2) 
PARAMETRIC_REPRESENTATION_CONTEXT() REPRESENTATION_CONTEXT('2D SPACE',''
  ) );
#5550 = ORIENTED_EDGE('',*,*,#3868,.T.);
#5551 = ORIENTED_EDGE('',*,*,#5388,.F.);
#5552 = ADVANCED_FACE('',(#5553),#3912,.T.);
#5553 = FACE_BOUND('',#5554,.T.);
#5554 = EDGE_LOOP('',(#5555,#5583,#5605,#5606));
#5555 = ORIENTED_EDGE('',*,*,#5556,.T.);
#5556 = EDGE_CURVE('',#5458,#5557,#5559,.T.);
#5557 = VERTEX_POINT('',#5558);
#5558 = CARTESIAN_POINT('',(25.,-40.00000010647,-0.2));
#5559 = SURFACE_CURVE('',#5560,(#5564,#5571),.PCURVE_S1.);
#5560 = LINE('',#5561,#5562);
#5561 = CARTESIAN_POINT('',(25.,-49.25000005323,-0.2));
#5562 = VECTOR('',#5563,1.);
#5563 = DIRECTION('',(-1.200241111157E-16,1.,0.));
#5564 = PCURVE('',#3912,#5565);
#5565 = DEFINITIONAL_REPRESENTATION('',(#5566),#5570);
#5566 = LINE('',#5567,#5568);
#5567 = CARTESIAN_POINT('',(7.068583470577,0.));
#5568 = VECTOR('',#5569,1.);
#5569 = DIRECTION('',(0.,1.));
#5570 = ( GEOMETRIC_REPRESENTATION_CONTEXT(2) 
PARAMETRIC_REPRESENTATION_CONTEXT() REPRESENTATION_CONTEXT('2D SPACE',''
  ) );
#5571 = PCURVE('',#5572,#5577);
#5572 = PLANE('',#5573);
#5573 = AXIS2_PLACEMENT_3D('',#5574,#5575,#5576);
#5574 = CARTESIAN_POINT('',(25.,-40.00000010647,1.491913186046E-26));
#5575 = DIRECTION('',(1.,1.200241111157E-16,0.));
#5576 = DIRECTION('',(1.200241111157E-16,-1.,4.445553988577E-30));
#5577 = DEFINITIONAL_REPRESENTATION('',(#5578),#5582);
#5578 = LINE('',#5579,#5580);
#5579 = CARTESIAN_POINT('',(9.24999994676,0.2));
#5580 = VECTOR('',#5581,1.);
#5581 = DIRECTION('',(-1.,-4.445553988577E-30));
#5582 = ( GEOMETRIC_REPRESENTATION_CONTEXT(2) 
PARAMETRIC_REPRESENTATION_CONTEXT() REPRESENTATION_CONTEXT('2D SPACE',''
  ) );
#5583 = ORIENTED_EDGE('',*,*,#5584,.T.);
#5584 = EDGE_CURVE('',#5557,#3897,#5585,.T.);
#5585 = SURFACE_CURVE('',#5586,(#5591,#5598),.PCURVE_S1.);
#5586 = CIRCLE('',#5587,0.2);
#5587 = AXIS2_PLACEMENT_3D('',#5588,#5589,#5590);
#5588 = CARTESIAN_POINT('',(24.8,-40.00000010647,-0.2));
#5589 = DIRECTION('',(0.,-1.,0.));
#5590 = DIRECTION('',(1.,0.,0.));
#5591 = PCURVE('',#3912,#5592);
#5592 = DEFINITIONAL_REPRESENTATION('',(#5593),#5597);
#5593 = LINE('',#5594,#5595);
#5594 = CARTESIAN_POINT('',(7.068583470577,9.249999946761));
#5595 = VECTOR('',#5596,1.);
#5596 = DIRECTION('',(-1.,0.));
#5597 = ( GEOMETRIC_REPRESENTATION_CONTEXT(2) 
PARAMETRIC_REPRESENTATION_CONTEXT() REPRESENTATION_CONTEXT('2D SPACE',''
  ) );
#5598 = PCURVE('',#3941,#5599);
#5599 = DEFINITIONAL_REPRESENTATION('',(#5600),#5604);
#5600 = LINE('',#5601,#5602);
#5601 = CARTESIAN_POINT('',(3.141592547112,3.14159265359));
#5602 = VECTOR('',#5603,1.);
#5603 = DIRECTION('',(4.236604006051E-09,-1.));
#5604 = ( GEOMETRIC_REPRESENTATION_CONTEXT(2) 
PARAMETRIC_REPRESENTATION_CONTEXT() REPRESENTATION_CONTEXT('2D SPACE',''
  ) );
#5605 = ORIENTED_EDGE('',*,*,#3896,.T.);
#5606 = ORIENTED_EDGE('',*,*,#5485,.T.);
#5607 = ADVANCED_FACE('',(#5608),#3941,.T.);
#5608 = FACE_BOUND('',#5609,.T.);
#5609 = EDGE_LOOP('',(#5610,#5634,#5635,#5636));
#5610 = ORIENTED_EDGE('',*,*,#5611,.T.);
#5611 = EDGE_CURVE('',#5612,#3925,#5614,.T.);
#5612 = VERTEX_POINT('',#5613);
#5613 = CARTESIAN_POINT('',(28.,-37.,-0.2));
#5614 = SURFACE_CURVE('',#5615,(#5620,#5627),.PCURVE_S1.);
#5615 = CIRCLE('',#5616,0.2);
#5616 = AXIS2_PLACEMENT_3D('',#5617,#5618,#5619);
#5617 = CARTESIAN_POINT('',(27.999999971606,-36.8,-0.2));
#5618 = DIRECTION('',(-1.,-1.419699691141E-07,0.));
#5619 = DIRECTION('',(1.419699691141E-07,-1.,0.));
#5620 = PCURVE('',#3941,#5621);
#5621 = DEFINITIONAL_REPRESENTATION('',(#5622),#5626);
#5622 = LINE('',#5623,#5624);
#5623 = CARTESIAN_POINT('',(1.570796468765,3.14159265359));
#5624 = VECTOR('',#5625,1.);
#5625 = DIRECTION('',(-2.827159716856E-16,-1.));
#5626 = ( GEOMETRIC_REPRESENTATION_CONTEXT(2) 
PARAMETRIC_REPRESENTATION_CONTEXT() REPRESENTATION_CONTEXT('2D SPACE',''
  ) );
#5627 = PCURVE('',#3969,#5628);
#5628 = DEFINITIONAL_REPRESENTATION('',(#5629),#5633);
#5629 = LINE('',#5630,#5631);
#5630 = CARTESIAN_POINT('',(7.068583470577,-27.74999994676));
#5631 = VECTOR('',#5632,1.);
#5632 = DIRECTION('',(-1.,-1.807617844952E-08));
#5633 = ( GEOMETRIC_REPRESENTATION_CONTEXT(2) 
PARAMETRIC_REPRESENTATION_CONTEXT() REPRESENTATION_CONTEXT('2D SPACE',''
  ) );
#5634 = ORIENTED_EDGE('',*,*,#3924,.T.);
#5635 = ORIENTED_EDGE('',*,*,#5584,.F.);
#5636 = ORIENTED_EDGE('',*,*,#5637,.T.);
#5637 = EDGE_CURVE('',#5557,#5612,#5638,.T.);
#5638 = SURFACE_CURVE('',#5639,(#5644,#5651),.PCURVE_S1.);
#5639 = CIRCLE('',#5640,3.00000042591);
#5640 = AXIS2_PLACEMENT_3D('',#5641,#5642,#5643);
#5641 = CARTESIAN_POINT('',(28.00000042591,-40.00000042591,-0.2));
#5642 = DIRECTION('',(0.,0.,-1.));
#5643 = DIRECTION('',(-0.707106793735,0.707106768638,0.));
#5644 = PCURVE('',#3941,#5645);
#5645 = DEFINITIONAL_REPRESENTATION('',(#5646),#5650);
#5646 = LINE('',#5647,#5648);
#5647 = CARTESIAN_POINT('',(8.639379815118,3.14159265359));
#5648 = VECTOR('',#5649,1.);
#5649 = DIRECTION('',(-1.,1.130864065607E-15));
#5650 = ( GEOMETRIC_REPRESENTATION_CONTEXT(2) 
PARAMETRIC_REPRESENTATION_CONTEXT() REPRESENTATION_CONTEXT('2D SPACE',''
  ) );
#5651 = PCURVE('',#5652,#5657);
#5652 = CYLINDRICAL_SURFACE('',#5653,3.00000042591);
#5653 = AXIS2_PLACEMENT_3D('',#5654,#5655,#5656);
#5654 = CARTESIAN_POINT('',(28.00000042591,-40.00000042591,
    1.661476462186E-26));
#5655 = DIRECTION('',(0.,0.,-1.));
#5656 = DIRECTION('',(-1.419699770843E-07,1.,0.));
#5657 = DEFINITIONAL_REPRESENTATION('',(#5658),#5662);
#5658 = LINE('',#5659,#5660);
#5659 = CARTESIAN_POINT('',(-0.785398039174,0.2));
#5660 = VECTOR('',#5661,1.);
#5661 = DIRECTION('',(1.,0.));
#5662 = ( GEOMETRIC_REPRESENTATION_CONTEXT(2) 
PARAMETRIC_REPRESENTATION_CONTEXT() REPRESENTATION_CONTEXT('2D SPACE',''
  ) );
#5663 = ADVANCED_FACE('',(#5664),#3969,.T.);
#5664 = FACE_BOUND('',#5665,.T.);
#5665 = EDGE_LOOP('',(#5666,#5690,#5691,#5692));
#5666 = ORIENTED_EDGE('',*,*,#5667,.T.);
#5667 = EDGE_CURVE('',#5668,#3954,#5670,.T.);
#5668 = VERTEX_POINT('',#5669);
#5669 = CARTESIAN_POINT('',(42.468871125851,-37.,-0.2));
#5670 = SURFACE_CURVE('',#5671,(#5676,#5683),.PCURVE_S1.);
#5671 = CIRCLE('',#5672,0.2);
#5672 = AXIS2_PLACEMENT_3D('',#5673,#5674,#5675);
#5673 = CARTESIAN_POINT('',(42.468871125851,-36.8,-0.2));
#5674 = DIRECTION('',(-1.,0.,0.));
#5675 = DIRECTION('',(-0.,-1.,-6.938893903907E-16));
#5676 = PCURVE('',#3969,#5677);
#5677 = DEFINITIONAL_REPRESENTATION('',(#5678),#5682);
#5678 = LINE('',#5679,#5680);
#5679 = CARTESIAN_POINT('',(7.068583470577,-13.28112882091));
#5680 = VECTOR('',#5681,1.);
#5681 = DIRECTION('',(-1.,0.));
#5682 = ( GEOMETRIC_REPRESENTATION_CONTEXT(2) 
PARAMETRIC_REPRESENTATION_CONTEXT() REPRESENTATION_CONTEXT('2D SPACE',''
  ) );
#5683 = PCURVE('',#3996,#5684);
#5684 = DEFINITIONAL_REPRESENTATION('',(#5685),#5689);
#5685 = LINE('',#5686,#5687);
#5686 = CARTESIAN_POINT('',(1.570796326795,3.14159265359));
#5687 = VECTOR('',#5688,1.);
#5688 = DIRECTION('',(0.,-1.));
#5689 = ( GEOMETRIC_REPRESENTATION_CONTEXT(2) 
PARAMETRIC_REPRESENTATION_CONTEXT() REPRESENTATION_CONTEXT('2D SPACE',''
  ) );
#5690 = ORIENTED_EDGE('',*,*,#3953,.T.);
#5691 = ORIENTED_EDGE('',*,*,#5611,.F.);
#5692 = ORIENTED_EDGE('',*,*,#5693,.T.);
#5693 = EDGE_CURVE('',#5612,#5668,#5694,.T.);
#5694 = SURFACE_CURVE('',#5695,(#5699,#5706),.PCURVE_S1.);
#5695 = LINE('',#5696,#5697);
#5696 = CARTESIAN_POINT('',(55.749999946761,-37.,-0.2));
#5697 = VECTOR('',#5698,1.);
#5698 = DIRECTION('',(1.,-6.001205555784E-16,0.));
#5699 = PCURVE('',#3969,#5700);
#5700 = DEFINITIONAL_REPRESENTATION('',(#5701),#5705);
#5701 = LINE('',#5702,#5703);
#5702 = CARTESIAN_POINT('',(7.068583470577,0.));
#5703 = VECTOR('',#5704,1.);
#5704 = DIRECTION('',(-8.670697298457E-16,1.));
#5705 = ( GEOMETRIC_REPRESENTATION_CONTEXT(2) 
PARAMETRIC_REPRESENTATION_CONTEXT() REPRESENTATION_CONTEXT('2D SPACE',''
  ) );
#5706 = PCURVE('',#5707,#5712);
#5707 = PLANE('',#5708);
#5708 = AXIS2_PLACEMENT_3D('',#5709,#5710,#5711);
#5709 = CARTESIAN_POINT('',(64.999999893522,-37.,3.746840075531E-26));
#5710 = DIRECTION('',(-6.001205555784E-16,-1.,0.));
#5711 = DIRECTION('',(-1.,6.001205555784E-16,-5.657438522522E-28));
#5712 = DEFINITIONAL_REPRESENTATION('',(#5713),#5717);
#5713 = LINE('',#5714,#5715);
#5714 = CARTESIAN_POINT('',(9.249999946761,0.2));
#5715 = VECTOR('',#5716,1.);
#5716 = DIRECTION('',(-1.,5.657438522522E-28));
#5717 = ( GEOMETRIC_REPRESENTATION_CONTEXT(2) 
PARAMETRIC_REPRESENTATION_CONTEXT() REPRESENTATION_CONTEXT('2D SPACE',''
  ) );
#5718 = ADVANCED_FACE('',(#5719),#3996,.T.);
#5719 = FACE_BOUND('',#5720,.T.);
#5720 = EDGE_LOOP('',(#5721,#5722,#5723,#5724));
#5721 = ORIENTED_EDGE('',*,*,#5182,.T.);
#5722 = ORIENTED_EDGE('',*,*,#3981,.T.);
#5723 = ORIENTED_EDGE('',*,*,#5667,.F.);
#5724 = ORIENTED_EDGE('',*,*,#5725,.T.);
#5725 = EDGE_CURVE('',#5668,#5183,#5726,.T.);
#5726 = SURFACE_CURVE('',#5727,(#5732,#5739),.PCURVE_S1.);
#5727 = CIRCLE('',#5728,1.);
#5728 = AXIS2_PLACEMENT_3D('',#5729,#5730,#5731);
#5729 = CARTESIAN_POINT('',(42.468871125851,-38.,-0.2));
#5730 = DIRECTION('',(0.,0.,-1.));
#5731 = DIRECTION('',(0.849836585599,0.527046276695,0.));
#5732 = PCURVE('',#3996,#5733);
#5733 = DEFINITIONAL_REPRESENTATION('',(#5734),#5738);
#5734 = LINE('',#5735,#5736);
#5735 = CARTESIAN_POINT('',(6.838306474736,3.14159265359));
#5736 = VECTOR('',#5737,1.);
#5737 = DIRECTION('',(-1.,0.));
#5738 = ( GEOMETRIC_REPRESENTATION_CONTEXT(2) 
PARAMETRIC_REPRESENTATION_CONTEXT() REPRESENTATION_CONTEXT('2D SPACE',''
  ) );
#5739 = PCURVE('',#5740,#5745);
#5740 = CYLINDRICAL_SURFACE('',#5741,1.);
#5741 = AXIS2_PLACEMENT_3D('',#5742,#5743,#5744);
#5742 = CARTESIAN_POINT('',(42.468871125851,-38.,-3.));
#5743 = DIRECTION('',(0.,0.,1.));
#5744 = DIRECTION('',(0.849836585599,0.527046276695,0.));
#5745 = DEFINITIONAL_REPRESENTATION('',(#5746),#5750);
#5746 = LINE('',#5747,#5748);
#5747 = CARTESIAN_POINT('',(12.566370614359,2.8));
#5748 = VECTOR('',#5749,1.);
#5749 = DIRECTION('',(-1.,0.));
#5750 = ( GEOMETRIC_REPRESENTATION_CONTEXT(2) 
PARAMETRIC_REPRESENTATION_CONTEXT() REPRESENTATION_CONTEXT('2D SPACE',''
  ) );
#5751 = ADVANCED_FACE('',(#5752),#4028,.T.);
#5752 = FACE_BOUND('',#5753,.T.);
#5753 = EDGE_LOOP('',(#5754,#5755,#5779,#5807));
#5754 = ORIENTED_EDGE('',*,*,#4010,.T.);
#5755 = ORIENTED_EDGE('',*,*,#5756,.F.);
#5756 = EDGE_CURVE('',#5757,#4013,#5759,.T.);
#5757 = VERTEX_POINT('',#5758);
#5758 = CARTESIAN_POINT('',(68.,-40.,-0.2));
#5759 = SURFACE_CURVE('',#5760,(#5765,#5772),.PCURVE_S1.);
#5760 = CIRCLE('',#5761,0.2);
#5761 = AXIS2_PLACEMENT_3D('',#5762,#5763,#5764);
#5762 = CARTESIAN_POINT('',(68.2,-39.9999999716,-0.2));
#5763 = DIRECTION('',(-1.419699913185E-07,1.,0.));
#5764 = DIRECTION('',(-1.,-1.419699913185E-07,0.));
#5765 = PCURVE('',#4028,#5766);
#5766 = DEFINITIONAL_REPRESENTATION('',(#5767),#5771);
#5767 = LINE('',#5768,#5769);
#5768 = CARTESIAN_POINT('',(7.068583470577,-27.74999994676));
#5769 = VECTOR('',#5770,1.);
#5770 = DIRECTION('',(-1.,-1.807618071125E-08));
#5771 = ( GEOMETRIC_REPRESENTATION_CONTEXT(2) 
PARAMETRIC_REPRESENTATION_CONTEXT() REPRESENTATION_CONTEXT('2D SPACE',''
  ) );
#5772 = PCURVE('',#4201,#5773);
#5773 = DEFINITIONAL_REPRESENTATION('',(#5774),#5778);
#5774 = LINE('',#5775,#5776);
#5775 = CARTESIAN_POINT('',(1.41969980637E-07,3.14159265359));
#5776 = VECTOR('',#5777,1.);
#5777 = DIRECTION('',(4.250062324909E-16,-1.));
#5778 = ( GEOMETRIC_REPRESENTATION_CONTEXT(2) 
PARAMETRIC_REPRESENTATION_CONTEXT() REPRESENTATION_CONTEXT('2D SPACE',''
  ) );
#5779 = ORIENTED_EDGE('',*,*,#5780,.T.);
#5780 = EDGE_CURVE('',#5757,#5781,#5783,.T.);
#5781 = VERTEX_POINT('',#5782);
#5782 = CARTESIAN_POINT('',(68.,-49.00000073015,-0.2));
#5783 = SURFACE_CURVE('',#5784,(#5788,#5795),.PCURVE_S1.);
#5784 = LINE('',#5785,#5786);
#5785 = CARTESIAN_POINT('',(68.,-67.74999994676,-0.2));
#5786 = VECTOR('',#5787,1.);
#5787 = DIRECTION('',(2.400482222314E-16,-1.,0.));
#5788 = PCURVE('',#4028,#5789);
#5789 = DEFINITIONAL_REPRESENTATION('',(#5790),#5794);
#5790 = LINE('',#5791,#5792);
#5791 = CARTESIAN_POINT('',(7.068583470577,0.));
#5792 = VECTOR('',#5793,1.);
#5793 = DIRECTION('',(0.,1.));
#5794 = ( GEOMETRIC_REPRESENTATION_CONTEXT(2) 
PARAMETRIC_REPRESENTATION_CONTEXT() REPRESENTATION_CONTEXT('2D SPACE',''
  ) );
#5795 = PCURVE('',#5796,#5801);
#5796 = PLANE('',#5797);
#5797 = AXIS2_PLACEMENT_3D('',#5798,#5799,#5800);
#5798 = CARTESIAN_POINT('',(68.,-76.99999989352,3.995289423299E-26));
#5799 = DIRECTION('',(-1.,-2.400482222314E-16,0.));
#5800 = DIRECTION('',(-2.400482222314E-16,1.,-4.445553988577E-30));
#5801 = DEFINITIONAL_REPRESENTATION('',(#5802),#5806);
#5802 = LINE('',#5803,#5804);
#5803 = CARTESIAN_POINT('',(9.24999994676,0.2));
#5804 = VECTOR('',#5805,1.);
#5805 = DIRECTION('',(-1.,4.445553988577E-30));
#5806 = ( GEOMETRIC_REPRESENTATION_CONTEXT(2) 
PARAMETRIC_REPRESENTATION_CONTEXT() REPRESENTATION_CONTEXT('2D SPACE',''
  ) );
#5807 = ORIENTED_EDGE('',*,*,#5808,.T.);
#5808 = EDGE_CURVE('',#5781,#4011,#5809,.T.);
#5809 = SURFACE_CURVE('',#5810,(#5815,#5844),.PCURVE_S1.);
#5810 = ELLIPSE('',#5811,0.282842712475,0.2);
#5811 = AXIS2_PLACEMENT_3D('',#5812,#5813,#5814);
#5812 = CARTESIAN_POINT('',(68.2,-49.20000073015,-0.2));
#5813 = DIRECTION('',(0.707106781187,0.707106781187,0.));
#5814 = DIRECTION('',(-0.707106781187,0.707106781187,1.839952100019E-16)
  );
#5815 = PCURVE('',#4028,#5816);
#5816 = DEFINITIONAL_REPRESENTATION('',(#5817),#5843);
#5817 = B_SPLINE_CURVE_WITH_KNOTS('',3,(#5818,#5819,#5820,#5821,#5822,
    #5823,#5824,#5825,#5826,#5827,#5828,#5829,#5830,#5831,#5832,#5833,
    #5834,#5835,#5836,#5837,#5838,#5839,#5840,#5841,#5842),
  .UNSPECIFIED.,.F.,.F.,(4,1,1,1,1,1,1,1,1,1,1,1,1,1,1,1,1,1,1,1,1,1,4),
  (0.,7.139983303613E-02,0.142799666072,0.214199499108,0.285599332145,
    0.356999165181,0.428398998217,0.499798831253,0.571198664289,
    0.642598497325,0.713998330361,0.785398163397,0.856797996434,
    0.92819782947,0.999597662506,1.070997495542,1.142397328578,
    1.213797161614,1.28519699465,1.356596827687,1.427996660723,
    1.499396493759,1.570796326795),.UNSPECIFIED.);
#5818 = CARTESIAN_POINT('',(7.068583470577,-18.7499992166));
#5819 = CARTESIAN_POINT('',(7.044783526232,-18.74999964791));
#5820 = CARTESIAN_POINT('',(6.997183637541,-18.74965900961));
#5821 = CARTESIAN_POINT('',(6.925783804505,-18.74813183163));
#5822 = CARTESIAN_POINT('',(6.854383971469,-18.74559469372));
#5823 = CARTESIAN_POINT('',(6.782984138433,-18.74206093225));
#5824 = CARTESIAN_POINT('',(6.711584305396,-18.73754844522));
#5825 = CARTESIAN_POINT('',(6.64018447236,-18.73208025649));
#5826 = CARTESIAN_POINT('',(6.568784639324,-18.72568422286));
#5827 = CARTESIAN_POINT('',(6.497384806288,-18.71839293915));
#5828 = CARTESIAN_POINT('',(6.425984973252,-18.71024355952));
#5829 = CARTESIAN_POINT('',(6.354585140216,-18.70127761148));
#5830 = CARTESIAN_POINT('',(6.28318530718,-18.6915407834));
#5831 = CARTESIAN_POINT('',(6.211785474143,-18.68108269195));
#5832 = CARTESIAN_POINT('',(6.140385641107,-18.66995662915));
#5833 = CARTESIAN_POINT('',(6.068985808071,-18.65821929087));
#5834 = CARTESIAN_POINT('',(5.997585975035,-18.6459304879));
#5835 = CARTESIAN_POINT('',(5.926186141999,-18.63315284119));
#5836 = CARTESIAN_POINT('',(5.854786308963,-18.61995146253));
#5837 = CARTESIAN_POINT('',(5.783386475927,-18.6063936238));
#5838 = CARTESIAN_POINT('',(5.71198664289,-18.59254841008));
#5839 = CARTESIAN_POINT('',(5.640586809854,-18.57848638295));
#5840 = CARTESIAN_POINT('',(5.569186976818,-18.56427916363));
#5841 = CARTESIAN_POINT('',(5.521587088127,-18.55475924251));
#5842 = CARTESIAN_POINT('',(5.497787143782,-18.5499992166));
#5843 = ( GEOMETRIC_REPRESENTATION_CONTEXT(2) 
PARAMETRIC_REPRESENTATION_CONTEXT() REPRESENTATION_CONTEXT('2D SPACE',''
  ) );
#5844 = PCURVE('',#4056,#5845);
#5845 = DEFINITIONAL_REPRESENTATION('',(#5846),#5872);
#5846 = B_SPLINE_CURVE_WITH_KNOTS('',3,(#5847,#5848,#5849,#5850,#5851,
    #5852,#5853,#5854,#5855,#5856,#5857,#5858,#5859,#5860,#5861,#5862,
    #5863,#5864,#5865,#5866,#5867,#5868,#5869,#5870,#5871),
  .UNSPECIFIED.,.F.,.F.,(4,1,1,1,1,1,1,1,1,1,1,1,1,1,1,1,1,1,1,1,1,1,4),
  (0.,7.139983303613E-02,0.142799666072,0.214199499108,0.285599332145,
    0.356999165181,0.428398998217,0.499798831253,0.571198664289,
    0.642598497325,0.713998330361,0.785398163397,0.856797996434,
    0.92819782947,0.999597662506,1.070997495542,1.142397328578,
    1.213797161614,1.28519699465,1.356596827687,1.427996660723,
    1.499396493759,1.570796326795),.UNSPECIFIED.);
#5847 = CARTESIAN_POINT('',(0.785398163397,-20.99999964609));
#5848 = CARTESIAN_POINT('',(0.761598219052,-20.99999921478));
#5849 = CARTESIAN_POINT('',(0.713998330361,-21.00033985308));
#5850 = CARTESIAN_POINT('',(0.642598497325,-21.00186703106));
#5851 = CARTESIAN_POINT('',(0.571198664289,-21.00440416897));
#5852 = CARTESIAN_POINT('',(0.499798831253,-21.00793793044));
#5853 = CARTESIAN_POINT('',(0.428398998217,-21.01245041748));
#5854 = CARTESIAN_POINT('',(0.356999165181,-21.01791860621));
#5855 = CARTESIAN_POINT('',(0.285599332145,-21.02431463983));
#5856 = CARTESIAN_POINT('',(0.214199499108,-21.03160592354));
#5857 = CARTESIAN_POINT('',(0.142799666072,-21.03975530317));
#5858 = CARTESIAN_POINT('',(7.139983303608E-02,-21.04872125122));
#5859 = CARTESIAN_POINT('',(2.505553623746E-14,-21.05845807929));
#5860 = CARTESIAN_POINT('',(-7.139983303618E-02,-21.06891617075));
#5861 = CARTESIAN_POINT('',(-0.142799666072,-21.08004223354));
#5862 = CARTESIAN_POINT('',(-0.214199499108,-21.09177957182));
#5863 = CARTESIAN_POINT('',(-0.285599332145,-21.10406837479));
#5864 = CARTESIAN_POINT('',(-0.356999165181,-21.1168460215));
#5865 = CARTESIAN_POINT('',(-0.428398998217,-21.13004740016));
#5866 = CARTESIAN_POINT('',(-0.499798831253,-21.14360523889));
#5867 = CARTESIAN_POINT('',(-0.571198664289,-21.15745045262));
#5868 = CARTESIAN_POINT('',(-0.642598497325,-21.17151247974));
#5869 = CARTESIAN_POINT('',(-0.713998330361,-21.18571969906));
#5870 = CARTESIAN_POINT('',(-0.761598219052,-21.19523962018));
#5871 = CARTESIAN_POINT('',(-0.785398163397,-21.19999964609));
#5872 = ( GEOMETRIC_REPRESENTATION_CONTEXT(2) 
PARAMETRIC_REPRESENTATION_CONTEXT() REPRESENTATION_CONTEXT('2D SPACE',''
  ) );
#5873 = ADVANCED_FACE('',(#5874),#4056,.T.);
#5874 = FACE_BOUND('',#5875,.T.);
#5875 = EDGE_LOOP('',(#5876,#5877,#5878,#5906));
#5876 = ORIENTED_EDGE('',*,*,#4040,.T.);
#5877 = ORIENTED_EDGE('',*,*,#5808,.F.);
#5878 = ORIENTED_EDGE('',*,*,#5879,.T.);
#5879 = EDGE_CURVE('',#5781,#5880,#5882,.T.);
#5880 = VERTEX_POINT('',#5881);
#5881 = CARTESIAN_POINT('',(47.500000707805,-49.00000073015,-0.2));
#5882 = SURFACE_CURVE('',#5883,(#5887,#5894),.PCURVE_S1.);
#5883 = LINE('',#5884,#5885);
#5884 = CARTESIAN_POINT('',(47.000000353903,-49.00000073015,-0.2));
#5885 = VECTOR('',#5886,1.);
#5886 = DIRECTION('',(-1.,0.,0.));
#5887 = PCURVE('',#4056,#5888);
#5888 = DEFINITIONAL_REPRESENTATION('',(#5889),#5893);
#5889 = LINE('',#5890,#5891);
#5890 = CARTESIAN_POINT('',(0.785398163397,0.));
#5891 = VECTOR('',#5892,1.);
#5892 = DIRECTION('',(0.,1.));
#5893 = ( GEOMETRIC_REPRESENTATION_CONTEXT(2) 
PARAMETRIC_REPRESENTATION_CONTEXT() REPRESENTATION_CONTEXT('2D SPACE',''
  ) );
#5894 = PCURVE('',#5895,#5900);
#5895 = PLANE('',#5896);
#5896 = AXIS2_PLACEMENT_3D('',#5897,#5898,#5899);
#5897 = CARTESIAN_POINT('',(47.500000707805,-49.00000073015,0.));
#5898 = DIRECTION('',(0.,1.,0.));
#5899 = DIRECTION('',(1.,0.,0.));
#5900 = DEFINITIONAL_REPRESENTATION('',(#5901),#5905);
#5901 = LINE('',#5902,#5903);
#5902 = CARTESIAN_POINT('',(-0.500000353902,0.2));
#5903 = VECTOR('',#5904,1.);
#5904 = DIRECTION('',(-1.,0.));
#5905 = ( GEOMETRIC_REPRESENTATION_CONTEXT(2) 
PARAMETRIC_REPRESENTATION_CONTEXT() REPRESENTATION_CONTEXT('2D SPACE',''
  ) );
#5906 = ORIENTED_EDGE('',*,*,#5907,.T.);
#5907 = EDGE_CURVE('',#5880,#4041,#5908,.T.);
#5908 = SURFACE_CURVE('',#5909,(#5914,#5943),.PCURVE_S1.);
#5909 = ELLIPSE('',#5910,0.282842712475,0.2);
#5910 = AXIS2_PLACEMENT_3D('',#5911,#5912,#5913);
#5911 = CARTESIAN_POINT('',(47.300000707805,-49.20000073015,-0.2));
#5912 = DIRECTION('',(0.707106781187,-0.707106781187,0.));
#5913 = DIRECTION('',(0.707106781187,0.707106781187,0.));
#5914 = PCURVE('',#4056,#5915);
#5915 = DEFINITIONAL_REPRESENTATION('',(#5916),#5942);
#5916 = B_SPLINE_CURVE_WITH_KNOTS('',3,(#5917,#5918,#5919,#5920,#5921,
    #5922,#5923,#5924,#5925,#5926,#5927,#5928,#5929,#5930,#5931,#5932,
    #5933,#5934,#5935,#5936,#5937,#5938,#5939,#5940,#5941),
  .UNSPECIFIED.,.F.,.F.,(4,1,1,1,1,1,1,1,1,1,1,1,1,1,1,1,1,1,1,1,1,1,4),
  (0.,7.139983303613E-02,0.142799666072,0.214199499108,0.285599332145,
    0.356999165181,0.428398998217,0.499798831253,0.571198664289,
    0.642598497325,0.713998330361,0.785398163397,0.856797996434,
    0.92819782947,0.999597662506,1.070997495542,1.142397328578,
    1.213797161614,1.28519699465,1.356596827687,1.427996660723,
    1.499396493759,1.570796326795),.UNSPECIFIED.);
#5917 = CARTESIAN_POINT('',(0.785398163397,-0.500000353903));
#5918 = CARTESIAN_POINT('',(0.761598219052,-0.500000785214));
#5919 = CARTESIAN_POINT('',(0.713998330361,-0.499660146912));
#5920 = CARTESIAN_POINT('',(0.642598497325,-0.498132968934));
#5921 = CARTESIAN_POINT('',(0.571198664289,-0.495595831023));
#5922 = CARTESIAN_POINT('',(0.499798831253,-0.492062069553));
#5923 = CARTESIAN_POINT('',(0.428398998217,-0.487549582518));
#5924 = CARTESIAN_POINT('',(0.356999165181,-0.48208139379));
#5925 = CARTESIAN_POINT('',(0.285599332145,-0.475685360162));
#5926 = CARTESIAN_POINT('',(0.214199499108,-0.468394076457));
#5927 = CARTESIAN_POINT('',(0.142799666072,-0.460244696822));
#5928 = CARTESIAN_POINT('',(7.139983303608E-02,-0.451278748779));
#5929 = CARTESIAN_POINT('',(2.504438061135E-14,-0.441541920703));
#5930 = CARTESIAN_POINT('',(-7.139983303618E-02,-0.431083829249));
#5931 = CARTESIAN_POINT('',(-0.142799666072,-0.419957766451));
#5932 = CARTESIAN_POINT('',(-0.214199499108,-0.408220428177));
#5933 = CARTESIAN_POINT('',(-0.285599332145,-0.395931625202));
#5934 = CARTESIAN_POINT('',(-0.356999165181,-0.383153978496));
#5935 = CARTESIAN_POINT('',(-0.428398998217,-0.369952599834));
#5936 = CARTESIAN_POINT('',(-0.499798831253,-0.356394761103));
#5937 = CARTESIAN_POINT('',(-0.571198664289,-0.34254954738));
#5938 = CARTESIAN_POINT('',(-0.642598497325,-0.328487520257));
#5939 = CARTESIAN_POINT('',(-0.713998330361,-0.314280300935));
#5940 = CARTESIAN_POINT('',(-0.761598219052,-0.304760379816));
#5941 = CARTESIAN_POINT('',(-0.785398163397,-0.300000353903));
#5942 = ( GEOMETRIC_REPRESENTATION_CONTEXT(2) 
PARAMETRIC_REPRESENTATION_CONTEXT() REPRESENTATION_CONTEXT('2D SPACE',''
  ) );
#5943 = PCURVE('',#4084,#5944);
#5944 = DEFINITIONAL_REPRESENTATION('',(#5945),#5971);
#5945 = B_SPLINE_CURVE_WITH_KNOTS('',3,(#5946,#5947,#5948,#5949,#5950,
    #5951,#5952,#5953,#5954,#5955,#5956,#5957,#5958,#5959,#5960,#5961,
    #5962,#5963,#5964,#5965,#5966,#5967,#5968,#5969,#5970),
  .UNSPECIFIED.,.F.,.F.,(4,1,1,1,1,1,1,1,1,1,1,1,1,1,1,1,1,1,1,1,1,1,4),
  (0.,7.139983303613E-02,0.142799666072,0.214199499108,0.285599332145,
    0.356999165181,0.428398998217,0.499798831253,0.571198664289,
    0.642598497325,0.713998330361,0.785398163397,0.856797996434,
    0.92819782947,0.999597662506,1.070997495542,1.142397328578,
    1.213797161614,1.28519699465,1.356596827687,1.427996660723,
    1.499396493759,1.570796326795),.UNSPECIFIED.);
#5946 = CARTESIAN_POINT('',(0.785398163397,1.82241767666));
#5947 = CARTESIAN_POINT('',(0.761598219052,1.822418107971));
#5948 = CARTESIAN_POINT('',(0.713998330361,1.82207746967));
#5949 = CARTESIAN_POINT('',(0.642598497325,1.820550291692));
#5950 = CARTESIAN_POINT('',(0.571198664289,1.818013153781));
#5951 = CARTESIAN_POINT('',(0.499798831253,1.81447939231));
#5952 = CARTESIAN_POINT('',(0.428398998217,1.809966905276));
#5953 = CARTESIAN_POINT('',(0.356999165181,1.804498716548));
#5954 = CARTESIAN_POINT('',(0.285599332145,1.79810268292));
#5955 = CARTESIAN_POINT('',(0.214199499108,1.790811399215));
#5956 = CARTESIAN_POINT('',(0.142799666072,1.78266201958));
#5957 = CARTESIAN_POINT('',(7.139983303608E-02,1.773696071537));
#5958 = CARTESIAN_POINT('',(2.439735429712E-14,1.76395924346));
#5959 = CARTESIAN_POINT('',(-7.139983303618E-02,1.753501152007));
#5960 = CARTESIAN_POINT('',(-0.142799666072,1.742375089208));
#5961 = CARTESIAN_POINT('',(-0.214199499108,1.730637750935));
#5962 = CARTESIAN_POINT('',(-0.285599332145,1.718348947959));
#5963 = CARTESIAN_POINT('',(-0.356999165181,1.705571301253));
#5964 = CARTESIAN_POINT('',(-0.428398998217,1.692369922592));
#5965 = CARTESIAN_POINT('',(-0.499798831253,1.67881208386));
#5966 = CARTESIAN_POINT('',(-0.571198664289,1.664966870137));
#5967 = CARTESIAN_POINT('',(-0.642598497325,1.650904843015));
#5968 = CARTESIAN_POINT('',(-0.713998330361,1.636697623693));
#5969 = CARTESIAN_POINT('',(-0.761598219052,1.627177702574));
#5970 = CARTESIAN_POINT('',(-0.785398163397,1.62241767666));
#5971 = ( GEOMETRIC_REPRESENTATION_CONTEXT(2) 
PARAMETRIC_REPRESENTATION_CONTEXT() REPRESENTATION_CONTEXT('2D SPACE',''
  ) );
#5972 = ADVANCED_FACE('',(#5973),#4084,.T.);
#5973 = FACE_BOUND('',#5974,.T.);
#5974 = EDGE_LOOP('',(#5975,#6003,#6123,#6124));
#5975 = ORIENTED_EDGE('',*,*,#5976,.T.);
#5976 = EDGE_CURVE('',#5880,#5977,#5979,.T.);
#5977 = VERTEX_POINT('',#5978);
#5978 = CARTESIAN_POINT('',(47.500000707805,-43.35410175522,-0.2));
#5979 = SURFACE_CURVE('',#5980,(#5984,#5991),.PCURVE_S1.);
#5980 = LINE('',#5981,#5982);
#5981 = CARTESIAN_POINT('',(47.500000707805,-50.82241840681,-0.2));
#5982 = VECTOR('',#5983,1.);
#5983 = DIRECTION('',(0.,1.,0.));
#5984 = PCURVE('',#4084,#5985);
#5985 = DEFINITIONAL_REPRESENTATION('',(#5986),#5990);
#5986 = LINE('',#5987,#5988);
#5987 = CARTESIAN_POINT('',(0.785398163397,0.));
#5988 = VECTOR('',#5989,1.);
#5989 = DIRECTION('',(0.,1.));
#5990 = ( GEOMETRIC_REPRESENTATION_CONTEXT(2) 
PARAMETRIC_REPRESENTATION_CONTEXT() REPRESENTATION_CONTEXT('2D SPACE',''
  ) );
#5991 = PCURVE('',#5992,#5997);
#5992 = PLANE('',#5993);
#5993 = AXIS2_PLACEMENT_3D('',#5994,#5995,#5996);
#5994 = CARTESIAN_POINT('',(47.500000707805,-43.14483681363,0.));
#5995 = DIRECTION('',(1.,0.,0.));
#5996 = DIRECTION('',(0.,-1.,0.));
#5997 = DEFINITIONAL_REPRESENTATION('',(#5998),#6002);
#5998 = LINE('',#5999,#6000);
#5999 = CARTESIAN_POINT('',(7.67758159318,0.2));
#6000 = VECTOR('',#6001,1.);
#6001 = DIRECTION('',(-1.,0.));
#6002 = ( GEOMETRIC_REPRESENTATION_CONTEXT(2) 
PARAMETRIC_REPRESENTATION_CONTEXT() REPRESENTATION_CONTEXT('2D SPACE',''
  ) );
#6003 = ORIENTED_EDGE('',*,*,#6004,.F.);
#6004 = EDGE_CURVE('',#4069,#5977,#6005,.T.);
#6005 = SURFACE_CURVE('',#6006,(#6021,#6072),.PCURVE_S1.);
#6006 = B_SPLINE_CURVE_WITH_KNOTS('',3,(#6007,#6008,#6009,#6010,#6011,
    #6012,#6013,#6014,#6015,#6016,#6017,#6018,#6019,#6020),
  .UNSPECIFIED.,.F.,.F.,(4,2,2,2,2,2,4),(-3.553167502395E-02,
    -3.530016564818E-02,-2.81638787185E-02,-2.08799613541E-02,
    -1.294211172623E-02,-6.274990448528E-03,0.),.UNSPECIFIED.);
#6007 = CARTESIAN_POINT('',(47.300000707805,-43.20156194185,
    -1.387778780781E-16));
#6008 = CARTESIAN_POINT('',(47.300612881568,-43.20203996914,
    -1.404465214863E-16));
#6009 = CARTESIAN_POINT('',(47.301225108893,-43.20251793118,
    -2.810675325048E-06));
#6010 = CARTESIAN_POINT('',(47.32071035959,-43.21772654081,
    -1.817573787025E-04));
#6011 = CARTESIAN_POINT('',(47.33966247419,-43.23241537904,
    -3.02751184246E-03));
#6012 = CARTESIAN_POINT('',(47.37691618653,-43.26110197885,
    -1.433701569034E-02));
#6013 = CARTESIAN_POINT('',(47.395269577564,-43.27513539269,
    -2.293958402683E-02));
#6014 = CARTESIAN_POINT('',(47.430975656802,-43.30228312654,
    -4.718593611929E-02));
#6015 = CARTESIAN_POINT('',(47.44808436933,-43.31519694604,
    -6.339522922689E-02));
#6016 = CARTESIAN_POINT('',(47.474198923901,-43.33482683216,
    -9.964590940575E-02));
#6017 = CARTESIAN_POINT('',(47.483906266183,-43.34208777764,
    -0.118458575426));
#6018 = CARTESIAN_POINT('',(47.496721225626,-43.35165969581,
    -0.158555991003));
#6019 = CARTESIAN_POINT('',(47.500000707805,-43.35410175522,
    -0.179083365172));
#6020 = CARTESIAN_POINT('',(47.500000707805,-43.35410175522,-0.2));
#6021 = PCURVE('',#4084,#6022);
#6022 = DEFINITIONAL_REPRESENTATION('',(#6023),#6071);
#6023 = B_SPLINE_CURVE_WITH_KNOTS('',3,(#6024,#6025,#6026,#6027,#6028,
    #6029,#6030,#6031,#6032,#6033,#6034,#6035,#6036,#6037,#6038,#6039,
    #6040,#6041,#6042,#6043,#6044,#6045,#6046,#6047,#6048,#6049,#6050,
    #6051,#6052,#6053,#6054,#6055,#6056,#6057,#6058,#6059,#6060,#6061,
    #6062,#6063,#6064,#6065,#6066,#6067,#6068,#6069,#6070),
  .UNSPECIFIED.,.F.,.F.,(4,1,1,1,1,1,1,1,1,1,1,1,1,1,1,1,1,1,1,1,1,1,1,1
    ,1,1,1,1,1,1,1,1,1,1,1,1,1,1,1,1,1,1,1,1,4),(-3.553167502395E-02,
    -3.472413695522E-02,-3.39165988865E-02,-3.310906081777E-02,
    -3.230152274904E-02,-3.149398468032E-02,-3.068644661159E-02,
    -2.987890854286E-02,-2.907137047414E-02,-2.826383240541E-02,
    -2.745629433669E-02,-2.664875626796E-02,-2.584121819923E-02,
    -2.503368013051E-02,-2.422614206178E-02,-2.341860399306E-02,
    -2.261106592433E-02,-2.18035278556E-02,-2.099598978688E-02,
    -2.018845171815E-02,-1.938091364943E-02,-1.85733755807E-02,
    -1.776583751197E-02,-1.695829944325E-02,-1.615076137452E-02,
    -1.53432233058E-02,-1.453568523707E-02,-1.372814716834E-02,
    -1.292060909962E-02,-1.211307103089E-02,-1.130553296217E-02,
    -1.049799489344E-02,-9.690456824713E-03,-8.882918755987E-03,
    -8.075380687261E-03,-7.267842618535E-03,-6.460304549809E-03,
    -5.652766481083E-03,-4.845228412356E-03,-4.03769034363E-03,
    -3.230152274904E-03,-2.422614206178E-03,-1.615076137452E-03,
    -8.075380687261E-04,0.),.UNSPECIFIED.);
#6024 = CARTESIAN_POINT('',(-0.785398163397,7.620856464966));
#6025 = CARTESIAN_POINT('',(-0.774722664152,7.619189223954));
#6026 = CARTESIAN_POINT('',(-0.753359631898,7.615855511532));
#6027 = CARTESIAN_POINT('',(-0.721270936691,7.610861072927));
#6028 = CARTESIAN_POINT('',(-0.689129805757,7.605876531636));
#6029 = CARTESIAN_POINT('',(-0.656928801948,7.600905843715));
#6030 = CARTESIAN_POINT('',(-0.624659804722,7.595952917313));
#6031 = CARTESIAN_POINT('',(-0.592314264307,7.591021663435));
#6032 = CARTESIAN_POINT('',(-0.559883391428,7.586116029567));
#6033 = CARTESIAN_POINT('',(-0.527356835702,7.581239814418));
#6034 = CARTESIAN_POINT('',(-0.494727497011,7.576397375321));
#6035 = CARTESIAN_POINT('',(-0.46197334265,7.571590983893));
#6036 = CARTESIAN_POINT('',(-0.429063806758,7.566821731846));
#6037 = CARTESIAN_POINT('',(-0.395999197806,7.562095349656));
#6038 = CARTESIAN_POINT('',(-0.362770603967,7.557416376365));
#6039 = CARTESIAN_POINT('',(-0.329370180918,7.552789670262));
#6040 = CARTESIAN_POINT('',(-0.295788298921,7.548220004078));
#6041 = CARTESIAN_POINT('',(-0.262014242045,7.543712173522));
#6042 = CARTESIAN_POINT('',(-0.22803589829,7.539270967962));
#6043 = CARTESIAN_POINT('',(-0.19383999916,7.534901179144));
#6044 = CARTESIAN_POINT('',(-0.159411242922,7.530607595645));
#6045 = CARTESIAN_POINT('',(-0.124746119314,7.526396647929));
#6046 = CARTESIAN_POINT('',(-8.984005715577E-02,7.522274640784));
#6047 = CARTESIAN_POINT('',(-5.468652871119E-02,7.518247908048));
#6048 = CARTESIAN_POINT('',(-1.927717369304E-02,7.514322778847));
#6049 = CARTESIAN_POINT('',(1.639854038581E-02,7.510505572094));
#6050 = CARTESIAN_POINT('',(5.23527572765E-02,7.506802652272));
#6051 = CARTESIAN_POINT('',(8.860170128867E-02,7.503220211795));
#6052 = CARTESIAN_POINT('',(0.125156804428,7.499765085787));
#6053 = CARTESIAN_POINT('',(0.162058035287,7.496441710592));
#6054 = CARTESIAN_POINT('',(0.199249371451,7.493263496762));
#6055 = CARTESIAN_POINT('',(0.23667196186,7.490243070237));
#6056 = CARTESIAN_POINT('',(0.274350998698,7.487385564834));
#6057 = CARTESIAN_POINT('',(0.312291980055,7.484698116898));
#6058 = CARTESIAN_POINT('',(0.350508278823,7.482187344778));
#6059 = CARTESIAN_POINT('',(0.389015571752,7.479859936282));
#6060 = CARTESIAN_POINT('',(0.427827377644,7.477722819382));
#6061 = CARTESIAN_POINT('',(0.466979135875,7.475781891927));
#6062 = CARTESIAN_POINT('',(0.506436830483,7.4740469321));
#6063 = CARTESIAN_POINT('',(0.54592237675,7.472535457997));
#6064 = CARTESIAN_POINT('',(0.585514326728,7.471247297772));
#6065 = CARTESIAN_POINT('',(0.625208795349,7.470186440323));
#6066 = CARTESIAN_POINT('',(0.66502523429,7.46935575968));
#6067 = CARTESIAN_POINT('',(0.704978347338,7.468758428606));
#6068 = CARTESIAN_POINT('',(0.745085624384,7.468397539795));
#6069 = CARTESIAN_POINT('',(0.77193932566,7.468316651594));
#6070 = CARTESIAN_POINT('',(0.785398163397,7.468316651594));
#6071 = ( GEOMETRIC_REPRESENTATION_CONTEXT(2) 
PARAMETRIC_REPRESENTATION_CONTEXT() REPRESENTATION_CONTEXT('2D SPACE',''
  ) );
#6072 = PCURVE('',#4117,#6073);
#6073 = DEFINITIONAL_REPRESENTATION('',(#6074),#6122);
#6074 = B_SPLINE_CURVE_WITH_KNOTS('',3,(#6075,#6076,#6077,#6078,#6079,
    #6080,#6081,#6082,#6083,#6084,#6085,#6086,#6087,#6088,#6089,#6090,
    #6091,#6092,#6093,#6094,#6095,#6096,#6097,#6098,#6099,#6100,#6101,
    #6102,#6103,#6104,#6105,#6106,#6107,#6108,#6109,#6110,#6111,#6112,
    #6113,#6114,#6115,#6116,#6117,#6118,#6119,#6120,#6121),
  .UNSPECIFIED.,.F.,.F.,(4,1,1,1,1,1,1,1,1,1,1,1,1,1,1,1,1,1,1,1,1,1,1,1
    ,1,1,1,1,1,1,1,1,1,1,1,1,1,1,1,1,1,1,1,1,4),(-3.553167502395E-02,
    -3.472413695522E-02,-3.39165988865E-02,-3.310906081777E-02,
    -3.230152274904E-02,-3.149398468032E-02,-3.068644661159E-02,
    -2.987890854286E-02,-2.907137047414E-02,-2.826383240541E-02,
    -2.745629433669E-02,-2.664875626796E-02,-2.584121819923E-02,
    -2.503368013051E-02,-2.422614206178E-02,-2.341860399306E-02,
    -2.261106592433E-02,-2.18035278556E-02,-2.099598978688E-02,
    -2.018845171815E-02,-1.938091364943E-02,-1.85733755807E-02,
    -1.776583751197E-02,-1.695829944325E-02,-1.615076137452E-02,
    -1.53432233058E-02,-1.453568523707E-02,-1.372814716834E-02,
    -1.292060909962E-02,-1.211307103089E-02,-1.130553296217E-02,
    -1.049799489344E-02,-9.690456824713E-03,-8.882918755987E-03,
    -8.075380687261E-03,-7.267842618535E-03,-6.460304549809E-03,
    -5.652766481083E-03,-4.845228412356E-03,-4.03769034363E-03,
    -3.230152274904E-03,-2.422614206178E-03,-1.615076137452E-03,
    -8.075380687261E-04,0.),.UNSPECIFIED.);
#6075 = CARTESIAN_POINT('',(4.957253055672,1.570796326795));
#6076 = CARTESIAN_POINT('',(4.957758277146,1.560120778374));
#6077 = CARTESIAN_POINT('',(4.958767522306,1.538757891237));
#6078 = CARTESIAN_POINT('',(4.960276638016,1.506669809794));
#6079 = CARTESIAN_POINT('',(4.961779853433,1.474529323107));
#6080 = CARTESIAN_POINT('',(4.963275983895,1.442328737959));
#6081 = CARTESIAN_POINT('',(4.964763876695,1.410059802186));
#6082 = CARTESIAN_POINT('',(4.966242396228,1.377713952605));
#6083 = CARTESIAN_POINT('',(4.967710413261,1.345282498302));
#6084 = CARTESIAN_POINT('',(4.969166860697,1.312755302831));
#6085 = CARTESIAN_POINT('',(4.97061051908,1.280125547239));
#6086 = CARTESIAN_POINT('',(4.972040816449,1.247371686223));
#6087 = CARTESIAN_POINT('',(4.973457468008,1.214462813233));
#6088 = CARTESIAN_POINT('',(4.974858809856,1.181398827997));
#6089 = CARTESIAN_POINT('',(4.976243557056,1.148170600397));
#6090 = CARTESIAN_POINT('',(4.9776103472,1.114770179538));
#6091 = CARTESIAN_POINT('',(4.978957861894,1.08118794907));
#6092 = CARTESIAN_POINT('',(4.980284793079,1.047413306591));
#6093 = CARTESIAN_POINT('',(4.981589851833,1.013434348492));
#6094 = CARTESIAN_POINT('',(4.982871762165,0.979238064228));
#6095 = CARTESIAN_POINT('',(4.984129272146,0.944809550712));
#6096 = CARTESIAN_POINT('',(4.985360591905,0.910144982119));
#6097 = CARTESIAN_POINT('',(4.986563973061,0.875239451937));
#6098 = CARTESIAN_POINT('',(4.987737680647,0.840086259153));
#6099 = CARTESIAN_POINT('',(4.98887999669,0.804676962799));
#6100 = CARTESIAN_POINT('',(4.989989221659,0.769001038455));
#6101 = CARTESIAN_POINT('',(4.991063656095,0.733046413895));
#6102 = CARTESIAN_POINT('',(4.992101663199,0.69679699127));
#6103 = CARTESIAN_POINT('',(4.993101427036,0.660241464369));
#6104 = CARTESIAN_POINT('',(4.994061846865,0.623340106289));
#6105 = CARTESIAN_POINT('',(4.994979184563,0.586148773674));
#6106 = CARTESIAN_POINT('',(4.995849928157,0.548726095354));
#6107 = CARTESIAN_POINT('',(4.996672774684,0.511046990693));
#6108 = CARTESIAN_POINT('',(4.997445830494,0.473105974318));
#6109 = CARTESIAN_POINT('',(4.99816735146,0.43488969279));
#6110 = CARTESIAN_POINT('',(4.998835567221,0.39638246365));
#6111 = CARTESIAN_POINT('',(4.999448628918,0.357570736354));
#6112 = CARTESIAN_POINT('',(5.000004978344,0.31841904811));
#6113 = CARTESIAN_POINT('',(5.000501907449,0.278961286625));
#6114 = CARTESIAN_POINT('',(5.000934503706,0.239475539112));
#6115 = CARTESIAN_POINT('',(5.001302986398,0.199883483335));
#6116 = CARTESIAN_POINT('',(5.001606331352,0.160189032289));
#6117 = CARTESIAN_POINT('',(5.001843809074,0.120372706488));
#6118 = CARTESIAN_POINT('',(5.002014569605,8.041972931299E-02));
#6119 = CARTESIAN_POINT('',(5.00211775617,4.031253210583E-02));
#6120 = CARTESIAN_POINT('',(5.002140889787,1.345884472589E-02));
#6121 = CARTESIAN_POINT('',(5.002140892847,0.));
#6122 = ( GEOMETRIC_REPRESENTATION_CONTEXT(2) 
PARAMETRIC_REPRESENTATION_CONTEXT() REPRESENTATION_CONTEXT('2D SPACE',''
  ) );
#6123 = ORIENTED_EDGE('',*,*,#4068,.T.);
#6124 = ORIENTED_EDGE('',*,*,#5907,.F.);
#6125 = ADVANCED_FACE('',(#6126),#4117,.T.);
#6126 = FACE_BOUND('',#6127,.T.);
#6127 = EDGE_LOOP('',(#6128,#6157,#6179,#6180));
#6128 = ORIENTED_EDGE('',*,*,#6129,.T.);
#6129 = EDGE_CURVE('',#5977,#6130,#6132,.T.);
#6130 = VERTEX_POINT('',#6131);
#6131 = CARTESIAN_POINT('',(49.635322457672,-38.44444444444,-0.2));
#6132 = SURFACE_CURVE('',#6133,(#6138,#6145),.PCURVE_S1.);
#6133 = CIRCLE('',#6134,3.5);
#6134 = AXIS2_PLACEMENT_3D('',#6135,#6136,#6137);
#6135 = CARTESIAN_POINT('',(46.5,-40.,-0.2));
#6136 = DIRECTION('',(-0.,0.,1.));
#6137 = DIRECTION('',(0.,-1.,0.));
#6138 = PCURVE('',#4117,#6139);
#6139 = DEFINITIONAL_REPRESENTATION('',(#6140),#6144);
#6140 = LINE('',#6141,#6142);
#6141 = CARTESIAN_POINT('',(4.712388980385,0.));
#6142 = VECTOR('',#6143,1.);
#6143 = DIRECTION('',(1.,0.));
#6144 = ( GEOMETRIC_REPRESENTATION_CONTEXT(2) 
PARAMETRIC_REPRESENTATION_CONTEXT() REPRESENTATION_CONTEXT('2D SPACE',''
  ) );
#6145 = PCURVE('',#6146,#6151);
#6146 = CYLINDRICAL_SURFACE('',#6147,3.5);
#6147 = AXIS2_PLACEMENT_3D('',#6148,#6149,#6150);
#6148 = CARTESIAN_POINT('',(46.5,-40.,-3.));
#6149 = DIRECTION('',(0.,0.,1.));
#6150 = DIRECTION('',(1.,0.,0.));
#6151 = DEFINITIONAL_REPRESENTATION('',(#6152),#6156);
#6152 = LINE('',#6153,#6154);
#6153 = CARTESIAN_POINT('',(4.712388980385,2.8));
#6154 = VECTOR('',#6155,1.);
#6155 = DIRECTION('',(1.,0.));
#6156 = ( GEOMETRIC_REPRESENTATION_CONTEXT(2) 
PARAMETRIC_REPRESENTATION_CONTEXT() REPRESENTATION_CONTEXT('2D SPACE',''
  ) );
#6157 = ORIENTED_EDGE('',*,*,#6158,.T.);
#6158 = EDGE_CURVE('',#6130,#4097,#6159,.T.);
#6159 = SURFACE_CURVE('',#6160,(#6165,#6172),.PCURVE_S1.);
#6160 = CIRCLE('',#6161,0.2);
#6161 = AXIS2_PLACEMENT_3D('',#6162,#6163,#6164);
#6162 = CARTESIAN_POINT('',(49.456161174376,-38.53333333333,-0.2));
#6163 = DIRECTION('',(0.444444444444,-0.895806416478,0.));
#6164 = DIRECTION('',(0.895806416478,0.444444444444,0.));
#6165 = PCURVE('',#4117,#6166);
#6166 = DEFINITIONAL_REPRESENTATION('',(#6167),#6171);
#6167 = LINE('',#6168,#6169);
#6168 = CARTESIAN_POINT('',(6.743739298861,0.));
#6169 = VECTOR('',#6170,1.);
#6170 = DIRECTION('',(0.,1.));
#6171 = ( GEOMETRIC_REPRESENTATION_CONTEXT(2) 
PARAMETRIC_REPRESENTATION_CONTEXT() REPRESENTATION_CONTEXT('2D SPACE',''
  ) );
#6172 = PCURVE('',#4146,#6173);
#6173 = DEFINITIONAL_REPRESENTATION('',(#6174),#6178);
#6174 = LINE('',#6175,#6176);
#6175 = CARTESIAN_POINT('',(7.298860466418,3.14159265359));
#6176 = VECTOR('',#6177,1.);
#6177 = DIRECTION('',(1.696295830114E-15,-1.));
#6178 = ( GEOMETRIC_REPRESENTATION_CONTEXT(2) 
PARAMETRIC_REPRESENTATION_CONTEXT() REPRESENTATION_CONTEXT('2D SPACE',''
  ) );
#6179 = ORIENTED_EDGE('',*,*,#4096,.T.);
#6180 = ORIENTED_EDGE('',*,*,#6004,.T.);
#6181 = ADVANCED_FACE('',(#6182),#4146,.T.);
#6182 = FACE_BOUND('',#6183,.T.);
#6183 = EDGE_LOOP('',(#6184,#6208,#6209,#6210));
#6184 = ORIENTED_EDGE('',*,*,#6185,.T.);
#6185 = EDGE_CURVE('',#6186,#4130,#6188,.T.);
#6186 = VERTEX_POINT('',#6187);
#6187 = CARTESIAN_POINT('',(50.531128874149,-37.,-0.2));
#6188 = SURFACE_CURVE('',#6189,(#6194,#6201),.PCURVE_S1.);
#6189 = CIRCLE('',#6190,0.2);
#6190 = AXIS2_PLACEMENT_3D('',#6191,#6192,#6193);
#6191 = CARTESIAN_POINT('',(50.531128874149,-36.8,-0.2));
#6192 = DIRECTION('',(-1.,0.,0.));
#6193 = DIRECTION('',(0.,-1.,0.));
#6194 = PCURVE('',#4146,#6195);
#6195 = DEFINITIONAL_REPRESENTATION('',(#6196),#6200);
#6196 = LINE('',#6197,#6198);
#6197 = CARTESIAN_POINT('',(5.267510147941,3.14159265359));
#6198 = VECTOR('',#6199,1.);
#6199 = DIRECTION('',(1.130863886743E-15,-1.));
#6200 = ( GEOMETRIC_REPRESENTATION_CONTEXT(2) 
PARAMETRIC_REPRESENTATION_CONTEXT() REPRESENTATION_CONTEXT('2D SPACE',''
  ) );
#6201 = PCURVE('',#4174,#6202);
#6202 = DEFINITIONAL_REPRESENTATION('',(#6203),#6207);
#6203 = LINE('',#6204,#6205);
#6204 = CARTESIAN_POINT('',(7.068583470577,-5.218871072612));
#6205 = VECTOR('',#6206,1.);
#6206 = DIRECTION('',(-1.,0.));
#6207 = ( GEOMETRIC_REPRESENTATION_CONTEXT(2) 
PARAMETRIC_REPRESENTATION_CONTEXT() REPRESENTATION_CONTEXT('2D SPACE',''
  ) );
#6208 = ORIENTED_EDGE('',*,*,#4129,.T.);
#6209 = ORIENTED_EDGE('',*,*,#6158,.F.);
#6210 = ORIENTED_EDGE('',*,*,#6211,.T.);
#6211 = EDGE_CURVE('',#6130,#6186,#6212,.T.);
#6212 = SURFACE_CURVE('',#6213,(#6218,#6225),.PCURVE_S1.);
#6213 = CIRCLE('',#6214,1.);
#6214 = AXIS2_PLACEMENT_3D('',#6215,#6216,#6217);
#6215 = CARTESIAN_POINT('',(50.531128874149,-38.,-0.2));
#6216 = DIRECTION('',(0.,0.,-1.));
#6217 = DIRECTION('',(-0.849836585599,0.527046276695,0.));
#6218 = PCURVE('',#4146,#6219);
#6219 = DEFINITIONAL_REPRESENTATION('',(#6220),#6224);
#6220 = LINE('',#6221,#6222);
#6221 = CARTESIAN_POINT('',(12.566370614359,3.14159265359));
#6222 = VECTOR('',#6223,1.);
#6223 = DIRECTION('',(-1.,-8.744709483375E-16));
#6224 = ( GEOMETRIC_REPRESENTATION_CONTEXT(2) 
PARAMETRIC_REPRESENTATION_CONTEXT() REPRESENTATION_CONTEXT('2D SPACE',''
  ) );
#6225 = PCURVE('',#6226,#6231);
#6226 = CYLINDRICAL_SURFACE('',#6227,1.);
#6227 = AXIS2_PLACEMENT_3D('',#6228,#6229,#6230);
#6228 = CARTESIAN_POINT('',(50.531128874149,-38.,-3.));
#6229 = DIRECTION('',(0.,0.,-1.));
#6230 = DIRECTION('',(-0.849836585599,0.527046276695,0.));
#6231 = DEFINITIONAL_REPRESENTATION('',(#6232),#6236);
#6232 = LINE('',#6233,#6234);
#6233 = CARTESIAN_POINT('',(1.7763568394E-15,-2.8));
#6234 = VECTOR('',#6235,1.);
#6235 = DIRECTION('',(1.,0.));
#6236 = ( GEOMETRIC_REPRESENTATION_CONTEXT(2) 
PARAMETRIC_REPRESENTATION_CONTEXT() REPRESENTATION_CONTEXT('2D SPACE',''
  ) );
#6237 = ADVANCED_FACE('',(#6238),#4174,.T.);
#6238 = FACE_BOUND('',#6239,.T.);
#6239 = EDGE_LOOP('',(#6240,#6264,#6265,#6266));
#6240 = ORIENTED_EDGE('',*,*,#6241,.T.);
#6241 = EDGE_CURVE('',#6242,#4159,#6244,.T.);
#6242 = VERTEX_POINT('',#6243);
#6243 = CARTESIAN_POINT('',(64.999999893522,-37.,-0.2));
#6244 = SURFACE_CURVE('',#6245,(#6250,#6257),.PCURVE_S1.);
#6245 = CIRCLE('',#6246,0.2);
#6246 = AXIS2_PLACEMENT_3D('',#6247,#6248,#6249);
#6247 = CARTESIAN_POINT('',(64.999999893522,-36.8,-0.2));
#6248 = DIRECTION('',(-1.,0.,0.));
#6249 = DIRECTION('',(0.,-1.,0.));
#6250 = PCURVE('',#4174,#6251);
#6251 = DEFINITIONAL_REPRESENTATION('',(#6252),#6256);
#6252 = LINE('',#6253,#6254);
#6253 = CARTESIAN_POINT('',(7.068583470577,9.249999946761));
#6254 = VECTOR('',#6255,1.);
#6255 = DIRECTION('',(-1.,0.));
#6256 = ( GEOMETRIC_REPRESENTATION_CONTEXT(2) 
PARAMETRIC_REPRESENTATION_CONTEXT() REPRESENTATION_CONTEXT('2D SPACE',''
  ) );
#6257 = PCURVE('',#4201,#6258);
#6258 = DEFINITIONAL_REPRESENTATION('',(#6259),#6263);
#6259 = LINE('',#6260,#6261);
#6260 = CARTESIAN_POINT('',(1.570796220317,3.14159265359));
#6261 = VECTOR('',#6262,1.);
#6262 = DIRECTION('',(4.236604006051E-09,-1.));
#6263 = ( GEOMETRIC_REPRESENTATION_CONTEXT(2) 
PARAMETRIC_REPRESENTATION_CONTEXT() REPRESENTATION_CONTEXT('2D SPACE',''
  ) );
#6264 = ORIENTED_EDGE('',*,*,#4158,.T.);
#6265 = ORIENTED_EDGE('',*,*,#6185,.F.);
#6266 = ORIENTED_EDGE('',*,*,#6267,.T.);
#6267 = EDGE_CURVE('',#6186,#6242,#6268,.T.);
#6268 = SURFACE_CURVE('',#6269,(#6273,#6280),.PCURVE_S1.);
#6269 = LINE('',#6270,#6271);
#6270 = CARTESIAN_POINT('',(55.749999946761,-37.,-0.2));
#6271 = VECTOR('',#6272,1.);
#6272 = DIRECTION('',(1.,-6.001205555784E-16,0.));
#6273 = PCURVE('',#4174,#6274);
#6274 = DEFINITIONAL_REPRESENTATION('',(#6275),#6279);
#6275 = LINE('',#6276,#6277);
#6276 = CARTESIAN_POINT('',(7.068583470577,0.));
#6277 = VECTOR('',#6278,1.);
#6278 = DIRECTION('',(0.,1.));
#6279 = ( GEOMETRIC_REPRESENTATION_CONTEXT(2) 
PARAMETRIC_REPRESENTATION_CONTEXT() REPRESENTATION_CONTEXT('2D SPACE',''
  ) );
#6280 = PCURVE('',#6281,#6286);
#6281 = PLANE('',#6282);
#6282 = AXIS2_PLACEMENT_3D('',#6283,#6284,#6285);
#6283 = CARTESIAN_POINT('',(64.999999893522,-37.,3.746840075531E-26));
#6284 = DIRECTION('',(-6.001205555784E-16,-1.,0.));
#6285 = DIRECTION('',(-1.,6.001205555784E-16,-5.657438522522E-28));
#6286 = DEFINITIONAL_REPRESENTATION('',(#6287),#6291);
#6287 = LINE('',#6288,#6289);
#6288 = CARTESIAN_POINT('',(9.249999946761,0.2));
#6289 = VECTOR('',#6290,1.);
#6290 = DIRECTION('',(-1.,5.657438522522E-28));
#6291 = ( GEOMETRIC_REPRESENTATION_CONTEXT(2) 
PARAMETRIC_REPRESENTATION_CONTEXT() REPRESENTATION_CONTEXT('2D SPACE',''
  ) );
#6292 = ADVANCED_FACE('',(#6293),#4201,.T.);
#6293 = FACE_BOUND('',#6294,.T.);
#6294 = EDGE_LOOP('',(#6295,#6296,#6297,#6298));
#6295 = ORIENTED_EDGE('',*,*,#5756,.T.);
#6296 = ORIENTED_EDGE('',*,*,#4186,.T.);
#6297 = ORIENTED_EDGE('',*,*,#6241,.F.);
#6298 = ORIENTED_EDGE('',*,*,#6299,.T.);
#6299 = EDGE_CURVE('',#6242,#5757,#6300,.T.);
#6300 = SURFACE_CURVE('',#6301,(#6306,#6313),.PCURVE_S1.);
#6301 = CIRCLE('',#6302,3.00000042591);
#6302 = AXIS2_PLACEMENT_3D('',#6303,#6304,#6305);
#6303 = CARTESIAN_POINT('',(64.99999957409,-40.00000042591,-0.2));
#6304 = DIRECTION('',(0.,0.,-1.));
#6305 = DIRECTION('',(0.707106768638,0.707106793735,0.));
#6306 = PCURVE('',#4201,#6307);
#6307 = DEFINITIONAL_REPRESENTATION('',(#6308),#6312);
#6308 = LINE('',#6309,#6310);
#6309 = CARTESIAN_POINT('',(7.068583488323,3.14159265359));
#6310 = VECTOR('',#6311,1.);
#6311 = DIRECTION('',(-1.,8.481480492056E-16));
#6312 = ( GEOMETRIC_REPRESENTATION_CONTEXT(2) 
PARAMETRIC_REPRESENTATION_CONTEXT() REPRESENTATION_CONTEXT('2D SPACE',''
  ) );
#6313 = PCURVE('',#6314,#6319);
#6314 = CYLINDRICAL_SURFACE('',#6315,3.00000042591);
#6315 = AXIS2_PLACEMENT_3D('',#6316,#6317,#6318);
#6316 = CARTESIAN_POINT('',(64.99999957409,-40.00000042591,
    3.752756515105E-26));
#6317 = DIRECTION('',(0.,0.,-1.));
#6318 = DIRECTION('',(1.,1.419699800449E-07,0.));
#6319 = DEFINITIONAL_REPRESENTATION('',(#6320),#6324);
#6320 = LINE('',#6321,#6322);
#6321 = CARTESIAN_POINT('',(-0.785398039174,0.2));
#6322 = VECTOR('',#6323,1.);
#6323 = DIRECTION('',(1.,0.));
#6324 = ( GEOMETRIC_REPRESENTATION_CONTEXT(2) 
PARAMETRIC_REPRESENTATION_CONTEXT() REPRESENTATION_CONTEXT('2D SPACE',''
  ) );
#6325 = ADVANCED_FACE('',(#6326),#4232,.F.);
#6326 = FACE_BOUND('',#6327,.F.);
#6327 = EDGE_LOOP('',(#6328,#6351,#6352,#6353));
#6328 = ORIENTED_EDGE('',*,*,#6329,.T.);
#6329 = EDGE_CURVE('',#6330,#4216,#6332,.T.);
#6330 = VERTEX_POINT('',#6331);
#6331 = CARTESIAN_POINT('',(47.6,-40.,-0.8));
#6332 = SEAM_CURVE('',#6333,(#6337,#6344),.PCURVE_S1.);
#6333 = LINE('',#6334,#6335);
#6334 = CARTESIAN_POINT('',(47.6,-40.,3.330669073875E-14));
#6335 = VECTOR('',#6336,1.);
#6336 = DIRECTION('',(0.,0.,1.));
#6337 = PCURVE('',#4232,#6338);
#6338 = DEFINITIONAL_REPRESENTATION('',(#6339),#6343);
#6339 = LINE('',#6340,#6341);
#6340 = CARTESIAN_POINT('',(-3.14159265359,0.));
#6341 = VECTOR('',#6342,1.);
#6342 = DIRECTION('',(0.,-1.));
#6343 = ( GEOMETRIC_REPRESENTATION_CONTEXT(2) 
PARAMETRIC_REPRESENTATION_CONTEXT() REPRESENTATION_CONTEXT('2D SPACE',''
  ) );
#6344 = PCURVE('',#4232,#6345);
#6345 = DEFINITIONAL_REPRESENTATION('',(#6346),#6350);
#6346 = LINE('',#6347,#6348);
#6347 = CARTESIAN_POINT('',(3.14159265359,0.));
#6348 = VECTOR('',#6349,1.);
#6349 = DIRECTION('',(0.,-1.));
#6350 = ( GEOMETRIC_REPRESENTATION_CONTEXT(2) 
PARAMETRIC_REPRESENTATION_CONTEXT() REPRESENTATION_CONTEXT('2D SPACE',''
  ) );
#6351 = ORIENTED_EDGE('',*,*,#4215,.F.);
#6352 = ORIENTED_EDGE('',*,*,#6329,.F.);
#6353 = ORIENTED_EDGE('',*,*,#6354,.T.);
#6354 = EDGE_CURVE('',#6330,#6330,#6355,.T.);
#6355 = SURFACE_CURVE('',#6356,(#6361,#6368),.PCURVE_S1.);
#6356 = CIRCLE('',#6357,1.1);
#6357 = AXIS2_PLACEMENT_3D('',#6358,#6359,#6360);
#6358 = CARTESIAN_POINT('',(46.5,-40.,-0.8));
#6359 = DIRECTION('',(0.,0.,1.));
#6360 = DIRECTION('',(-1.,0.,0.));
#6361 = PCURVE('',#4232,#6362);
#6362 = DEFINITIONAL_REPRESENTATION('',(#6363),#6367);
#6363 = LINE('',#6364,#6365);
#6364 = CARTESIAN_POINT('',(6.28318530718,0.8));
#6365 = VECTOR('',#6366,1.);
#6366 = DIRECTION('',(-1.,0.));
#6367 = ( GEOMETRIC_REPRESENTATION_CONTEXT(2) 
PARAMETRIC_REPRESENTATION_CONTEXT() REPRESENTATION_CONTEXT('2D SPACE',''
  ) );
#6368 = PCURVE('',#4372,#6369);
#6369 = DEFINITIONAL_REPRESENTATION('',(#6370),#6374);
#6370 = LINE('',#6371,#6372);
#6371 = CARTESIAN_POINT('',(12.566370614359,-0.1));
#6372 = VECTOR('',#6373,1.);
#6373 = DIRECTION('',(-1.,0.));
#6374 = ( GEOMETRIC_REPRESENTATION_CONTEXT(2) 
PARAMETRIC_REPRESENTATION_CONTEXT() REPRESENTATION_CONTEXT('2D SPACE',''
  ) );
#6375 = ADVANCED_FACE('',(#6376),#4263,.F.);
#6376 = FACE_BOUND('',#6377,.F.);
#6377 = EDGE_LOOP('',(#6378,#6404,#6425,#6426,#6427));
#6378 = ORIENTED_EDGE('',*,*,#6379,.T.);
#6379 = EDGE_CURVE('',#6380,#6382,#6384,.T.);
#6380 = VERTEX_POINT('',#6381);
#6381 = CARTESIAN_POINT('',(63.9,-58.5,-0.8));
#6382 = VERTEX_POINT('',#6383);
#6383 = CARTESIAN_POINT('',(66.1,-58.5,-0.8));
#6384 = SURFACE_CURVE('',#6385,(#6390,#6397),.PCURVE_S1.);
#6385 = CIRCLE('',#6386,1.1);
#6386 = AXIS2_PLACEMENT_3D('',#6387,#6388,#6389);
#6387 = CARTESIAN_POINT('',(65.,-58.5,-0.8));
#6388 = DIRECTION('',(0.,0.,1.));
#6389 = DIRECTION('',(-1.,0.,0.));
#6390 = PCURVE('',#4263,#6391);
#6391 = DEFINITIONAL_REPRESENTATION('',(#6392),#6396);
#6392 = LINE('',#6393,#6394);
#6393 = CARTESIAN_POINT('',(0.,0.8));
#6394 = VECTOR('',#6395,1.);
#6395 = DIRECTION('',(-1.,0.));
#6396 = ( GEOMETRIC_REPRESENTATION_CONTEXT(2) 
PARAMETRIC_REPRESENTATION_CONTEXT() REPRESENTATION_CONTEXT('2D SPACE',''
  ) );
#6397 = PCURVE('',#4333,#6398);
#6398 = DEFINITIONAL_REPRESENTATION('',(#6399),#6403);
#6399 = LINE('',#6400,#6401);
#6400 = CARTESIAN_POINT('',(-3.14159265359,3.14159265359));
#6401 = VECTOR('',#6402,1.);
#6402 = DIRECTION('',(1.,2.827159716856E-16));
#6403 = ( GEOMETRIC_REPRESENTATION_CONTEXT(2) 
PARAMETRIC_REPRESENTATION_CONTEXT() REPRESENTATION_CONTEXT('2D SPACE',''
  ) );
#6404 = ORIENTED_EDGE('',*,*,#6405,.T.);
#6405 = EDGE_CURVE('',#6382,#4247,#6406,.T.);
#6406 = SEAM_CURVE('',#6407,(#6411,#6418),.PCURVE_S1.);
#6407 = LINE('',#6408,#6409);
#6408 = CARTESIAN_POINT('',(66.1,-58.5,3.330669073875E-14));
#6409 = VECTOR('',#6410,1.);
#6410 = DIRECTION('',(0.,0.,1.));
#6411 = PCURVE('',#4263,#6412);
#6412 = DEFINITIONAL_REPRESENTATION('',(#6413),#6417);
#6413 = LINE('',#6414,#6415);
#6414 = CARTESIAN_POINT('',(-3.14159265359,0.));
#6415 = VECTOR('',#6416,1.);
#6416 = DIRECTION('',(0.,-1.));
#6417 = ( GEOMETRIC_REPRESENTATION_CONTEXT(2) 
PARAMETRIC_REPRESENTATION_CONTEXT() REPRESENTATION_CONTEXT('2D SPACE',''
  ) );
#6418 = PCURVE('',#4263,#6419);
#6419 = DEFINITIONAL_REPRESENTATION('',(#6420),#6424);
#6420 = LINE('',#6421,#6422);
#6421 = CARTESIAN_POINT('',(3.14159265359,0.));
#6422 = VECTOR('',#6423,1.);
#6423 = DIRECTION('',(0.,-1.));
#6424 = ( GEOMETRIC_REPRESENTATION_CONTEXT(2) 
PARAMETRIC_REPRESENTATION_CONTEXT() REPRESENTATION_CONTEXT('2D SPACE',''
  ) );
#6425 = ORIENTED_EDGE('',*,*,#4246,.F.);
#6426 = ORIENTED_EDGE('',*,*,#6405,.F.);
#6427 = ORIENTED_EDGE('',*,*,#6428,.T.);
#6428 = EDGE_CURVE('',#6382,#6380,#6429,.T.);
#6429 = SURFACE_CURVE('',#6430,(#6435,#6442),.PCURVE_S1.);
#6430 = CIRCLE('',#6431,1.1);
#6431 = AXIS2_PLACEMENT_3D('',#6432,#6433,#6434);
#6432 = CARTESIAN_POINT('',(65.,-58.5,-0.8));
#6433 = DIRECTION('',(0.,0.,1.));
#6434 = DIRECTION('',(-1.,0.,0.));
#6435 = PCURVE('',#4263,#6436);
#6436 = DEFINITIONAL_REPRESENTATION('',(#6437),#6441);
#6437 = LINE('',#6438,#6439);
#6438 = CARTESIAN_POINT('',(6.28318530718,0.8));
#6439 = VECTOR('',#6440,1.);
#6440 = DIRECTION('',(-1.,0.));
#6441 = ( GEOMETRIC_REPRESENTATION_CONTEXT(2) 
PARAMETRIC_REPRESENTATION_CONTEXT() REPRESENTATION_CONTEXT('2D SPACE',''
  ) );
#6442 = PCURVE('',#4333,#6443);
#6443 = DEFINITIONAL_REPRESENTATION('',(#6444),#6448);
#6444 = LINE('',#6445,#6446);
#6445 = CARTESIAN_POINT('',(-3.14159265359,3.14159265359));
#6446 = VECTOR('',#6447,1.);
#6447 = DIRECTION('',(1.,-2.827159716856E-16));
#6448 = ( GEOMETRIC_REPRESENTATION_CONTEXT(2) 
PARAMETRIC_REPRESENTATION_CONTEXT() REPRESENTATION_CONTEXT('2D SPACE',''
  ) );
#6449 = ADVANCED_FACE('',(#6450),#4294,.F.);
#6450 = FACE_BOUND('',#6451,.F.);
#6451 = EDGE_LOOP('',(#6452,#6475,#6476,#6477));
#6452 = ORIENTED_EDGE('',*,*,#6453,.T.);
#6453 = EDGE_CURVE('',#6454,#4278,#6456,.T.);
#6454 = VERTEX_POINT('',#6455);
#6455 = CARTESIAN_POINT('',(29.1,-77.,-0.8));
#6456 = SEAM_CURVE('',#6457,(#6461,#6468),.PCURVE_S1.);
#6457 = LINE('',#6458,#6459);
#6458 = CARTESIAN_POINT('',(29.1,-77.,3.330669073875E-14));
#6459 = VECTOR('',#6460,1.);
#6460 = DIRECTION('',(0.,0.,1.));
#6461 = PCURVE('',#4294,#6462);
#6462 = DEFINITIONAL_REPRESENTATION('',(#6463),#6467);
#6463 = LINE('',#6464,#6465);
#6464 = CARTESIAN_POINT('',(-3.14159265359,0.));
#6465 = VECTOR('',#6466,1.);
#6466 = DIRECTION('',(0.,-1.));
#6467 = ( GEOMETRIC_REPRESENTATION_CONTEXT(2) 
PARAMETRIC_REPRESENTATION_CONTEXT() REPRESENTATION_CONTEXT('2D SPACE',''
  ) );
#6468 = PCURVE('',#4294,#6469);
#6469 = DEFINITIONAL_REPRESENTATION('',(#6470),#6474);
#6470 = LINE('',#6471,#6472);
#6471 = CARTESIAN_POINT('',(3.14159265359,0.));
#6472 = VECTOR('',#6473,1.);
#6473 = DIRECTION('',(0.,-1.));
#6474 = ( GEOMETRIC_REPRESENTATION_CONTEXT(2) 
PARAMETRIC_REPRESENTATION_CONTEXT() REPRESENTATION_CONTEXT('2D SPACE',''
  ) );
#6475 = ORIENTED_EDGE('',*,*,#4277,.F.);
#6476 = ORIENTED_EDGE('',*,*,#6453,.F.);
#6477 = ORIENTED_EDGE('',*,*,#6478,.T.);
#6478 = EDGE_CURVE('',#6454,#6454,#6479,.T.);
#6479 = SURFACE_CURVE('',#6480,(#6485,#6492),.PCURVE_S1.);
#6480 = CIRCLE('',#6481,1.1);
#6481 = AXIS2_PLACEMENT_3D('',#6482,#6483,#6484);
#6482 = CARTESIAN_POINT('',(28.,-77.,-0.8));
#6483 = DIRECTION('',(0.,0.,1.));
#6484 = DIRECTION('',(-1.,0.,0.));
#6485 = PCURVE('',#4294,#6486);
#6486 = DEFINITIONAL_REPRESENTATION('',(#6487),#6491);
#6487 = LINE('',#6488,#6489);
#6488 = CARTESIAN_POINT('',(6.28318530718,0.8));
#6489 = VECTOR('',#6490,1.);
#6490 = DIRECTION('',(-1.,0.));
#6491 = ( GEOMETRIC_REPRESENTATION_CONTEXT(2) 
PARAMETRIC_REPRESENTATION_CONTEXT() REPRESENTATION_CONTEXT('2D SPACE',''
  ) );
#6492 = PCURVE('',#4411,#6493);
#6493 = DEFINITIONAL_REPRESENTATION('',(#6494),#6498);
#6494 = LINE('',#6495,#6496);
#6495 = CARTESIAN_POINT('',(12.566370614359,-0.1));
#6496 = VECTOR('',#6497,1.);
#6497 = DIRECTION('',(-1.,0.));
#6498 = ( GEOMETRIC_REPRESENTATION_CONTEXT(2) 
PARAMETRIC_REPRESENTATION_CONTEXT() REPRESENTATION_CONTEXT('2D SPACE',''
  ) );
#6499 = ADVANCED_FACE('',(#6500),#4333,.T.);
#6500 = FACE_BOUND('',#6501,.T.);
#6501 = EDGE_LOOP('',(#6502,#6503,#6525,#6526,#6527));
#6502 = ORIENTED_EDGE('',*,*,#4312,.T.);
#6503 = ORIENTED_EDGE('',*,*,#6504,.T.);
#6504 = EDGE_CURVE('',#4313,#6380,#6505,.T.);
#6505 = SEAM_CURVE('',#6506,(#6511,#6518),.PCURVE_S1.);
#6506 = CIRCLE('',#6507,0.2);
#6507 = AXIS2_PLACEMENT_3D('',#6508,#6509,#6510);
#6508 = CARTESIAN_POINT('',(63.7,-58.5,-0.8));
#6509 = DIRECTION('',(0.,-1.,0.));
#6510 = DIRECTION('',(-1.,0.,0.));
#6511 = PCURVE('',#4333,#6512);
#6512 = DEFINITIONAL_REPRESENTATION('',(#6513),#6517);
#6513 = LINE('',#6514,#6515);
#6514 = CARTESIAN_POINT('',(-3.14159265359,6.28318530718));
#6515 = VECTOR('',#6516,1.);
#6516 = DIRECTION('',(0.,-1.));
#6517 = ( GEOMETRIC_REPRESENTATION_CONTEXT(2) 
PARAMETRIC_REPRESENTATION_CONTEXT() REPRESENTATION_CONTEXT('2D SPACE',''
  ) );
#6518 = PCURVE('',#4333,#6519);
#6519 = DEFINITIONAL_REPRESENTATION('',(#6520),#6524);
#6520 = LINE('',#6521,#6522);
#6521 = CARTESIAN_POINT('',(3.14159265359,6.28318530718));
#6522 = VECTOR('',#6523,1.);
#6523 = DIRECTION('',(0.,-1.));
#6524 = ( GEOMETRIC_REPRESENTATION_CONTEXT(2) 
PARAMETRIC_REPRESENTATION_CONTEXT() REPRESENTATION_CONTEXT('2D SPACE',''
  ) );
#6525 = ORIENTED_EDGE('',*,*,#6379,.T.);
#6526 = ORIENTED_EDGE('',*,*,#6428,.T.);
#6527 = ORIENTED_EDGE('',*,*,#6504,.F.);
#6528 = ADVANCED_FACE('',(#6529),#4372,.F.);
#6529 = FACE_BOUND('',#6530,.F.);
#6530 = EDGE_LOOP('',(#6531,#6552,#6553,#6554));
#6531 = ORIENTED_EDGE('',*,*,#6532,.T.);
#6532 = EDGE_CURVE('',#4352,#6330,#6533,.T.);
#6533 = SEAM_CURVE('',#6534,(#6538,#6545),.PCURVE_S1.);
#6534 = LINE('',#6535,#6536);
#6535 = CARTESIAN_POINT('',(47.7,-40.,-0.9));
#6536 = VECTOR('',#6537,1.);
#6537 = DIRECTION('',(-0.707106781187,8.659560562349E-17,0.707106781187)
  );
#6538 = PCURVE('',#4372,#6539);
#6539 = DEFINITIONAL_REPRESENTATION('',(#6540),#6544);
#6540 = LINE('',#6541,#6542);
#6541 = CARTESIAN_POINT('',(3.141592653589,5.691585162729E-16));
#6542 = VECTOR('',#6543,1.);
#6543 = DIRECTION('',(0.,-1.));
#6544 = ( GEOMETRIC_REPRESENTATION_CONTEXT(2) 
PARAMETRIC_REPRESENTATION_CONTEXT() REPRESENTATION_CONTEXT('2D SPACE',''
  ) );
#6545 = PCURVE('',#4372,#6546);
#6546 = DEFINITIONAL_REPRESENTATION('',(#6547),#6551);
#6547 = LINE('',#6548,#6549);
#6548 = CARTESIAN_POINT('',(9.42477796077,5.691585162729E-16));
#6549 = VECTOR('',#6550,1.);
#6550 = DIRECTION('',(0.,-1.));
#6551 = ( GEOMETRIC_REPRESENTATION_CONTEXT(2) 
PARAMETRIC_REPRESENTATION_CONTEXT() REPRESENTATION_CONTEXT('2D SPACE',''
  ) );
#6552 = ORIENTED_EDGE('',*,*,#6354,.F.);
#6553 = ORIENTED_EDGE('',*,*,#6532,.F.);
#6554 = ORIENTED_EDGE('',*,*,#4351,.F.);
#6555 = ADVANCED_FACE('',(#6556),#4411,.F.);
#6556 = FACE_BOUND('',#6557,.F.);
#6557 = EDGE_LOOP('',(#6558,#6579,#6580,#6581));
#6558 = ORIENTED_EDGE('',*,*,#6559,.T.);
#6559 = EDGE_CURVE('',#4391,#6454,#6560,.T.);
#6560 = SEAM_CURVE('',#6561,(#6565,#6572),.PCURVE_S1.);
#6561 = LINE('',#6562,#6563);
#6562 = CARTESIAN_POINT('',(29.2,-77.,-0.9));
#6563 = VECTOR('',#6564,1.);
#6564 = DIRECTION('',(-0.707106781187,8.659560562349E-17,0.707106781187)
  );
#6565 = PCURVE('',#4411,#6566);
#6566 = DEFINITIONAL_REPRESENTATION('',(#6567),#6571);
#6567 = LINE('',#6568,#6569);
#6568 = CARTESIAN_POINT('',(3.141592653589,0.));
#6569 = VECTOR('',#6570,1.);
#6570 = DIRECTION('',(0.,-1.));
#6571 = ( GEOMETRIC_REPRESENTATION_CONTEXT(2) 
PARAMETRIC_REPRESENTATION_CONTEXT() REPRESENTATION_CONTEXT('2D SPACE',''
  ) );
#6572 = PCURVE('',#4411,#6573);
#6573 = DEFINITIONAL_REPRESENTATION('',(#6574),#6578);
#6574 = LINE('',#6575,#6576);
#6575 = CARTESIAN_POINT('',(9.42477796077,0.));
#6576 = VECTOR('',#6577,1.);
#6577 = DIRECTION('',(0.,-1.));
#6578 = ( GEOMETRIC_REPRESENTATION_CONTEXT(2) 
PARAMETRIC_REPRESENTATION_CONTEXT() REPRESENTATION_CONTEXT('2D SPACE',''
  ) );
#6579 = ORIENTED_EDGE('',*,*,#6478,.F.);
#6580 = ORIENTED_EDGE('',*,*,#6559,.F.);
#6581 = ORIENTED_EDGE('',*,*,#4390,.F.);
#6582 = ADVANCED_FACE('',(#6583),#4444,.T.);
#6583 = FACE_BOUND('',#6584,.T.);
#6584 = EDGE_LOOP('',(#6585,#6608,#6636,#6657));
#6585 = ORIENTED_EDGE('',*,*,#6586,.T.);
#6586 = EDGE_CURVE('',#4427,#6587,#6589,.T.);
#6587 = VERTEX_POINT('',#6588);
#6588 = CARTESIAN_POINT('',(68.,-51.00000073015,-1.8));
#6589 = SURFACE_CURVE('',#6590,(#6594,#6601),.PCURVE_S1.);
#6590 = LINE('',#6591,#6592);
#6591 = CARTESIAN_POINT('',(68.,-51.00000073015,1.997644711649E-26));
#6592 = VECTOR('',#6593,1.);
#6593 = DIRECTION('',(0.,0.,-1.));
#6594 = PCURVE('',#4444,#6595);
#6595 = DEFINITIONAL_REPRESENTATION('',(#6596),#6600);
#6596 = LINE('',#6597,#6598);
#6597 = CARTESIAN_POINT('',(25.99999916337,1.986086271652E-26));
#6598 = VECTOR('',#6599,1.);
#6599 = DIRECTION('',(4.445553988577E-30,1.));
#6600 = ( GEOMETRIC_REPRESENTATION_CONTEXT(2) 
PARAMETRIC_REPRESENTATION_CONTEXT() REPRESENTATION_CONTEXT('2D SPACE',''
  ) );
#6601 = PCURVE('',#5164,#6602);
#6602 = DEFINITIONAL_REPRESENTATION('',(#6603),#6607);
#6603 = LINE('',#6604,#6605);
#6604 = CARTESIAN_POINT('',(0.2,-1.997644711649E-26));
#6605 = VECTOR('',#6606,1.);
#6606 = DIRECTION('',(0.,1.));
#6607 = ( GEOMETRIC_REPRESENTATION_CONTEXT(2) 
PARAMETRIC_REPRESENTATION_CONTEXT() REPRESENTATION_CONTEXT('2D SPACE',''
  ) );
#6608 = ORIENTED_EDGE('',*,*,#6609,.F.);
#6609 = EDGE_CURVE('',#6610,#6587,#6612,.T.);
#6610 = VERTEX_POINT('',#6611);
#6611 = CARTESIAN_POINT('',(68.,-54.46887112585,-1.8));
#6612 = SURFACE_CURVE('',#6613,(#6617,#6624),.PCURVE_S1.);
#6613 = LINE('',#6614,#6615);
#6614 = CARTESIAN_POINT('',(68.,-67.74999994676,-1.8));
#6615 = VECTOR('',#6616,1.);
#6616 = DIRECTION('',(-2.400482222314E-16,1.,0.));
#6617 = PCURVE('',#4444,#6618);
#6618 = DEFINITIONAL_REPRESENTATION('',(#6619),#6623);
#6619 = LINE('',#6620,#6621);
#6620 = CARTESIAN_POINT('',(9.24999994676,1.8));
#6621 = VECTOR('',#6622,1.);
#6622 = DIRECTION('',(1.,-4.445553988577E-30));
#6623 = ( GEOMETRIC_REPRESENTATION_CONTEXT(2) 
PARAMETRIC_REPRESENTATION_CONTEXT() REPRESENTATION_CONTEXT('2D SPACE',''
  ) );
#6624 = PCURVE('',#6625,#6630);
#6625 = CYLINDRICAL_SURFACE('',#6626,0.2);
#6626 = AXIS2_PLACEMENT_3D('',#6627,#6628,#6629);
#6627 = CARTESIAN_POINT('',(67.8,-67.74999994676,-1.8));
#6628 = DIRECTION('',(2.400482222314E-16,-1.,0.));
#6629 = DIRECTION('',(0.707106781187,1.697397257516E-16,-0.707106781187)
  );
#6630 = DEFINITIONAL_REPRESENTATION('',(#6631),#6635);
#6631 = LINE('',#6632,#6633);
#6632 = CARTESIAN_POINT('',(7.068583470577,0.));
#6633 = VECTOR('',#6634,1.);
#6634 = DIRECTION('',(0.,-1.));
#6635 = ( GEOMETRIC_REPRESENTATION_CONTEXT(2) 
PARAMETRIC_REPRESENTATION_CONTEXT() REPRESENTATION_CONTEXT('2D SPACE',''
  ) );
#6636 = ORIENTED_EDGE('',*,*,#6637,.F.);
#6637 = EDGE_CURVE('',#4429,#6610,#6638,.T.);
#6638 = SURFACE_CURVE('',#6639,(#6643,#6650),.PCURVE_S1.);
#6639 = LINE('',#6640,#6641);
#6640 = CARTESIAN_POINT('',(68.,-54.46887112585,-3.));
#6641 = VECTOR('',#6642,1.);
#6642 = DIRECTION('',(0.,0.,-1.));
#6643 = PCURVE('',#4444,#6644);
#6644 = DEFINITIONAL_REPRESENTATION('',(#6645),#6649);
#6645 = LINE('',#6646,#6647);
#6646 = CARTESIAN_POINT('',(22.53112876767,3.));
#6647 = VECTOR('',#6648,1.);
#6648 = DIRECTION('',(4.445553988577E-30,1.));
#6649 = ( GEOMETRIC_REPRESENTATION_CONTEXT(2) 
PARAMETRIC_REPRESENTATION_CONTEXT() REPRESENTATION_CONTEXT('2D SPACE',''
  ) );
#6650 = PCURVE('',#4589,#6651);
#6651 = DEFINITIONAL_REPRESENTATION('',(#6652),#6656);
#6652 = LINE('',#6653,#6654);
#6653 = CARTESIAN_POINT('',(7.298860466418,0.));
#6654 = VECTOR('',#6655,1.);
#6655 = DIRECTION('',(0.,-1.));
#6656 = ( GEOMETRIC_REPRESENTATION_CONTEXT(2) 
PARAMETRIC_REPRESENTATION_CONTEXT() REPRESENTATION_CONTEXT('2D SPACE',''
  ) );
#6657 = ORIENTED_EDGE('',*,*,#4426,.F.);
#6658 = ADVANCED_FACE('',(#6659),#4589,.F.);
#6659 = FACE_BOUND('',#6660,.F.);
#6660 = EDGE_LOOP('',(#6661,#6684,#6711,#6712));
#6661 = ORIENTED_EDGE('',*,*,#6662,.F.);
#6662 = EDGE_CURVE('',#6663,#4549,#6665,.T.);
#6663 = VERTEX_POINT('',#6664);
#6664 = CARTESIAN_POINT('',(66.555555555556,-55.36467754232,-1.8));
#6665 = SURFACE_CURVE('',#6666,(#6670,#6677),.PCURVE_S1.);
#6666 = LINE('',#6667,#6668);
#6667 = CARTESIAN_POINT('',(66.555555555556,-55.36467754232,-3.));
#6668 = VECTOR('',#6669,1.);
#6669 = DIRECTION('',(0.,0.,1.));
#6670 = PCURVE('',#4589,#6671);
#6671 = DEFINITIONAL_REPRESENTATION('',(#6672),#6676);
#6672 = LINE('',#6673,#6674);
#6673 = CARTESIAN_POINT('',(5.267510147941,0.));
#6674 = VECTOR('',#6675,1.);
#6675 = DIRECTION('',(0.,1.));
#6676 = ( GEOMETRIC_REPRESENTATION_CONTEXT(2) 
PARAMETRIC_REPRESENTATION_CONTEXT() REPRESENTATION_CONTEXT('2D SPACE',''
  ) );
#6677 = PCURVE('',#4645,#6678);
#6678 = DEFINITIONAL_REPRESENTATION('',(#6679),#6683);
#6679 = LINE('',#6680,#6681);
#6680 = CARTESIAN_POINT('',(-2.031350318476,0.));
#6681 = VECTOR('',#6682,1.);
#6682 = DIRECTION('',(0.,1.));
#6683 = ( GEOMETRIC_REPRESENTATION_CONTEXT(2) 
PARAMETRIC_REPRESENTATION_CONTEXT() REPRESENTATION_CONTEXT('2D SPACE',''
  ) );
#6684 = ORIENTED_EDGE('',*,*,#6685,.T.);
#6685 = EDGE_CURVE('',#6663,#6610,#6686,.T.);
#6686 = SURFACE_CURVE('',#6687,(#6692,#6699),.PCURVE_S1.);
#6687 = CIRCLE('',#6688,1.);
#6688 = AXIS2_PLACEMENT_3D('',#6689,#6690,#6691);
#6689 = CARTESIAN_POINT('',(67.,-54.46887112585,-1.8));
#6690 = DIRECTION('',(-0.,0.,1.));
#6691 = DIRECTION('',(0.527046276695,-0.849836585599,0.));
#6692 = PCURVE('',#4589,#6693);
#6693 = DEFINITIONAL_REPRESENTATION('',(#6694),#6698);
#6694 = LINE('',#6695,#6696);
#6695 = CARTESIAN_POINT('',(-5.329070518201E-15,1.2));
#6696 = VECTOR('',#6697,1.);
#6697 = DIRECTION('',(1.,0.));
#6698 = ( GEOMETRIC_REPRESENTATION_CONTEXT(2) 
PARAMETRIC_REPRESENTATION_CONTEXT() REPRESENTATION_CONTEXT('2D SPACE',''
  ) );
#6699 = PCURVE('',#6700,#6705);
#6700 = TOROIDAL_SURFACE('',#6701,0.8,0.2);
#6701 = AXIS2_PLACEMENT_3D('',#6702,#6703,#6704);
#6702 = CARTESIAN_POINT('',(67.,-54.46887112585,-1.8));
#6703 = DIRECTION('',(0.,0.,1.));
#6704 = DIRECTION('',(1.,0.,0.));
#6705 = DEFINITIONAL_REPRESENTATION('',(#6706),#6710);
#6706 = LINE('',#6707,#6708);
#6707 = CARTESIAN_POINT('',(-1.015675159238,6.28318530718));
#6708 = VECTOR('',#6709,1.);
#6709 = DIRECTION('',(1.,0.));
#6710 = ( GEOMETRIC_REPRESENTATION_CONTEXT(2) 
PARAMETRIC_REPRESENTATION_CONTEXT() REPRESENTATION_CONTEXT('2D SPACE',''
  ) );
#6711 = ORIENTED_EDGE('',*,*,#6637,.F.);
#6712 = ORIENTED_EDGE('',*,*,#4574,.T.);
#6713 = ADVANCED_FACE('',(#6714),#4645,.T.);
#6714 = FACE_BOUND('',#6715,.T.);
#6715 = EDGE_LOOP('',(#6716,#6717,#6718,#6747));
#6716 = ORIENTED_EDGE('',*,*,#4630,.F.);
#6717 = ORIENTED_EDGE('',*,*,#6662,.F.);
#6718 = ORIENTED_EDGE('',*,*,#6719,.F.);
#6719 = EDGE_CURVE('',#6720,#6663,#6722,.T.);
#6720 = VERTEX_POINT('',#6721);
#6721 = CARTESIAN_POINT('',(66.555555555556,-61.63532245767,-1.8));
#6722 = SURFACE_CURVE('',#6723,(#6728,#6735),.PCURVE_S1.);
#6723 = CIRCLE('',#6724,3.5);
#6724 = AXIS2_PLACEMENT_3D('',#6725,#6726,#6727);
#6725 = CARTESIAN_POINT('',(65.,-58.5,-1.8));
#6726 = DIRECTION('',(0.,0.,-1.));
#6727 = DIRECTION('',(-1.,0.,0.));
#6728 = PCURVE('',#4645,#6729);
#6729 = DEFINITIONAL_REPRESENTATION('',(#6730),#6734);
#6730 = LINE('',#6731,#6732);
#6731 = CARTESIAN_POINT('',(6.28318530718,1.2));
#6732 = VECTOR('',#6733,1.);
#6733 = DIRECTION('',(-1.,0.));
#6734 = ( GEOMETRIC_REPRESENTATION_CONTEXT(2) 
PARAMETRIC_REPRESENTATION_CONTEXT() REPRESENTATION_CONTEXT('2D SPACE',''
  ) );
#6735 = PCURVE('',#6736,#6741);
#6736 = TOROIDAL_SURFACE('',#6737,3.7,0.2);
#6737 = AXIS2_PLACEMENT_3D('',#6738,#6739,#6740);
#6738 = CARTESIAN_POINT('',(65.,-58.5,-1.8));
#6739 = DIRECTION('',(0.,0.,-1.));
#6740 = DIRECTION('',(-1.,0.,0.));
#6741 = DEFINITIONAL_REPRESENTATION('',(#6742),#6746);
#6742 = LINE('',#6743,#6744);
#6743 = CARTESIAN_POINT('',(0.,3.14159265359));
#6744 = VECTOR('',#6745,1.);
#6745 = DIRECTION('',(1.,2.842030582092E-15));
#6746 = ( GEOMETRIC_REPRESENTATION_CONTEXT(2) 
PARAMETRIC_REPRESENTATION_CONTEXT() REPRESENTATION_CONTEXT('2D SPACE',''
  ) );
#6747 = ORIENTED_EDGE('',*,*,#6748,.F.);
#6748 = EDGE_CURVE('',#4605,#6720,#6749,.T.);
#6749 = SURFACE_CURVE('',#6750,(#6754,#6761),.PCURVE_S1.);
#6750 = LINE('',#6751,#6752);
#6751 = CARTESIAN_POINT('',(66.555555555556,-61.63532245767,-3.));
#6752 = VECTOR('',#6753,1.);
#6753 = DIRECTION('',(0.,0.,-1.));
#6754 = PCURVE('',#4645,#6755);
#6755 = DEFINITIONAL_REPRESENTATION('',(#6756),#6760);
#6756 = LINE('',#6757,#6758);
#6757 = CARTESIAN_POINT('',(2.031350318476,0.));
#6758 = VECTOR('',#6759,1.);
#6759 = DIRECTION('',(0.,-1.));
#6760 = ( GEOMETRIC_REPRESENTATION_CONTEXT(2) 
PARAMETRIC_REPRESENTATION_CONTEXT() REPRESENTATION_CONTEXT('2D SPACE',''
  ) );
#6761 = PCURVE('',#4701,#6762);
#6762 = DEFINITIONAL_REPRESENTATION('',(#6763),#6767);
#6763 = LINE('',#6764,#6765);
#6764 = CARTESIAN_POINT('',(5.267510147941,0.));
#6765 = VECTOR('',#6766,1.);
#6766 = DIRECTION('',(0.,1.));
#6767 = ( GEOMETRIC_REPRESENTATION_CONTEXT(2) 
PARAMETRIC_REPRESENTATION_CONTEXT() REPRESENTATION_CONTEXT('2D SPACE',''
  ) );
#6768 = ADVANCED_FACE('',(#6769),#4701,.F.);
#6769 = FACE_BOUND('',#6770,.F.);
#6770 = EDGE_LOOP('',(#6771,#6794,#6821,#6822));
#6771 = ORIENTED_EDGE('',*,*,#6772,.F.);
#6772 = EDGE_CURVE('',#6773,#4661,#6775,.T.);
#6773 = VERTEX_POINT('',#6774);
#6774 = CARTESIAN_POINT('',(68.,-62.53112887414,-1.8));
#6775 = SURFACE_CURVE('',#6776,(#6780,#6787),.PCURVE_S1.);
#6776 = LINE('',#6777,#6778);
#6777 = CARTESIAN_POINT('',(68.,-62.53112887414,-3.));
#6778 = VECTOR('',#6779,1.);
#6779 = DIRECTION('',(0.,0.,1.));
#6780 = PCURVE('',#4701,#6781);
#6781 = DEFINITIONAL_REPRESENTATION('',(#6782),#6786);
#6782 = LINE('',#6783,#6784);
#6783 = CARTESIAN_POINT('',(7.298860466418,0.));
#6784 = VECTOR('',#6785,1.);
#6785 = DIRECTION('',(0.,-1.));
#6786 = ( GEOMETRIC_REPRESENTATION_CONTEXT(2) 
PARAMETRIC_REPRESENTATION_CONTEXT() REPRESENTATION_CONTEXT('2D SPACE',''
  ) );
#6787 = PCURVE('',#4756,#6788);
#6788 = DEFINITIONAL_REPRESENTATION('',(#6789),#6793);
#6789 = LINE('',#6790,#6791);
#6790 = CARTESIAN_POINT('',(14.46887101938,3.));
#6791 = VECTOR('',#6792,1.);
#6792 = DIRECTION('',(-4.445553988577E-30,-1.));
#6793 = ( GEOMETRIC_REPRESENTATION_CONTEXT(2) 
PARAMETRIC_REPRESENTATION_CONTEXT() REPRESENTATION_CONTEXT('2D SPACE',''
  ) );
#6794 = ORIENTED_EDGE('',*,*,#6795,.T.);
#6795 = EDGE_CURVE('',#6773,#6720,#6796,.T.);
#6796 = SURFACE_CURVE('',#6797,(#6802,#6809),.PCURVE_S1.);
#6797 = CIRCLE('',#6798,1.);
#6798 = AXIS2_PLACEMENT_3D('',#6799,#6800,#6801);
#6799 = CARTESIAN_POINT('',(67.,-62.53112887414,-1.8));
#6800 = DIRECTION('',(0.,-0.,1.));
#6801 = DIRECTION('',(0.527046276695,0.849836585599,0.));
#6802 = PCURVE('',#4701,#6803);
#6803 = DEFINITIONAL_REPRESENTATION('',(#6804),#6808);
#6804 = LINE('',#6805,#6806);
#6805 = CARTESIAN_POINT('',(12.566370614359,-1.2));
#6806 = VECTOR('',#6807,1.);
#6807 = DIRECTION('',(-1.,0.));
#6808 = ( GEOMETRIC_REPRESENTATION_CONTEXT(2) 
PARAMETRIC_REPRESENTATION_CONTEXT() REPRESENTATION_CONTEXT('2D SPACE',''
  ) );
#6809 = PCURVE('',#6810,#6815);
#6810 = TOROIDAL_SURFACE('',#6811,0.8,0.2);
#6811 = AXIS2_PLACEMENT_3D('',#6812,#6813,#6814);
#6812 = CARTESIAN_POINT('',(67.,-62.53112887414,-1.8));
#6813 = DIRECTION('',(0.,0.,1.));
#6814 = DIRECTION('',(1.,0.,0.));
#6815 = DEFINITIONAL_REPRESENTATION('',(#6816),#6820);
#6816 = LINE('',#6817,#6818);
#6817 = CARTESIAN_POINT('',(-5.267510147942,6.28318530718));
#6818 = VECTOR('',#6819,1.);
#6819 = DIRECTION('',(1.,0.));
#6820 = ( GEOMETRIC_REPRESENTATION_CONTEXT(2) 
PARAMETRIC_REPRESENTATION_CONTEXT() REPRESENTATION_CONTEXT('2D SPACE',''
  ) );
#6821 = ORIENTED_EDGE('',*,*,#6748,.F.);
#6822 = ORIENTED_EDGE('',*,*,#4686,.T.);
#6823 = ADVANCED_FACE('',(#6824),#4756,.T.);
#6824 = FACE_BOUND('',#6825,.T.);
#6825 = EDGE_LOOP('',(#6826,#6827,#6828,#6856));
#6826 = ORIENTED_EDGE('',*,*,#4742,.F.);
#6827 = ORIENTED_EDGE('',*,*,#6772,.F.);
#6828 = ORIENTED_EDGE('',*,*,#6829,.F.);
#6829 = EDGE_CURVE('',#6830,#6773,#6832,.T.);
#6830 = VERTEX_POINT('',#6831);
#6831 = CARTESIAN_POINT('',(68.,-76.99999989352,-1.8));
#6832 = SURFACE_CURVE('',#6833,(#6837,#6844),.PCURVE_S1.);
#6833 = LINE('',#6834,#6835);
#6834 = CARTESIAN_POINT('',(68.,-67.74999994676,-1.8));
#6835 = VECTOR('',#6836,1.);
#6836 = DIRECTION('',(-2.400482222314E-16,1.,0.));
#6837 = PCURVE('',#4756,#6838);
#6838 = DEFINITIONAL_REPRESENTATION('',(#6839),#6843);
#6839 = LINE('',#6840,#6841);
#6840 = CARTESIAN_POINT('',(9.24999994676,1.8));
#6841 = VECTOR('',#6842,1.);
#6842 = DIRECTION('',(1.,-4.445553988577E-30));
#6843 = ( GEOMETRIC_REPRESENTATION_CONTEXT(2) 
PARAMETRIC_REPRESENTATION_CONTEXT() REPRESENTATION_CONTEXT('2D SPACE',''
  ) );
#6844 = PCURVE('',#6845,#6850);
#6845 = CYLINDRICAL_SURFACE('',#6846,0.2);
#6846 = AXIS2_PLACEMENT_3D('',#6847,#6848,#6849);
#6847 = CARTESIAN_POINT('',(67.8,-67.74999994676,-1.8));
#6848 = DIRECTION('',(2.400482222314E-16,-1.,0.));
#6849 = DIRECTION('',(0.707106781187,1.697397257516E-16,-0.707106781187)
  );
#6850 = DEFINITIONAL_REPRESENTATION('',(#6851),#6855);
#6851 = LINE('',#6852,#6853);
#6852 = CARTESIAN_POINT('',(7.068583470577,0.));
#6853 = VECTOR('',#6854,1.);
#6854 = DIRECTION('',(0.,-1.));
#6855 = ( GEOMETRIC_REPRESENTATION_CONTEXT(2) 
PARAMETRIC_REPRESENTATION_CONTEXT() REPRESENTATION_CONTEXT('2D SPACE',''
  ) );
#6856 = ORIENTED_EDGE('',*,*,#6857,.F.);
#6857 = EDGE_CURVE('',#4717,#6830,#6858,.T.);
#6858 = SURFACE_CURVE('',#6859,(#6863,#6870),.PCURVE_S1.);
#6859 = LINE('',#6860,#6861);
#6860 = CARTESIAN_POINT('',(68.,-76.99999989352,3.995289423299E-26));
#6861 = VECTOR('',#6862,1.);
#6862 = DIRECTION('',(0.,0.,-1.));
#6863 = PCURVE('',#4756,#6864);
#6864 = DEFINITIONAL_REPRESENTATION('',(#6865),#6869);
#6865 = LINE('',#6866,#6867);
#6866 = CARTESIAN_POINT('',(0.,0.));
#6867 = VECTOR('',#6868,1.);
#6868 = DIRECTION('',(4.445553988577E-30,1.));
#6869 = ( GEOMETRIC_REPRESENTATION_CONTEXT(2) 
PARAMETRIC_REPRESENTATION_CONTEXT() REPRESENTATION_CONTEXT('2D SPACE',''
  ) );
#6870 = PCURVE('',#4812,#6871);
#6871 = DEFINITIONAL_REPRESENTATION('',(#6872),#6876);
#6872 = LINE('',#6873,#6874);
#6873 = CARTESIAN_POINT('',(4.712389228832,0.));
#6874 = VECTOR('',#6875,1.);
#6875 = DIRECTION('',(0.,1.));
#6876 = ( GEOMETRIC_REPRESENTATION_CONTEXT(2) 
PARAMETRIC_REPRESENTATION_CONTEXT() REPRESENTATION_CONTEXT('2D SPACE',''
  ) );
#6877 = ADVANCED_FACE('',(#6878),#4812,.F.);
#6878 = FACE_BOUND('',#6879,.F.);
#6879 = EDGE_LOOP('',(#6880,#6903,#6930,#6931));
#6880 = ORIENTED_EDGE('',*,*,#6881,.T.);
#6881 = EDGE_CURVE('',#4772,#6882,#6884,.T.);
#6882 = VERTEX_POINT('',#6883);
#6883 = CARTESIAN_POINT('',(65.,-80.,-1.8));
#6884 = SURFACE_CURVE('',#6885,(#6889,#6896),.PCURVE_S1.);
#6885 = LINE('',#6886,#6887);
#6886 = CARTESIAN_POINT('',(65.,-80.,3.83164262886E-26));
#6887 = VECTOR('',#6888,1.);
#6888 = DIRECTION('',(0.,0.,-1.));
#6889 = PCURVE('',#4812,#6890);
#6890 = DEFINITIONAL_REPRESENTATION('',(#6891),#6895);
#6891 = LINE('',#6892,#6893);
#6892 = CARTESIAN_POINT('',(6.28318530718,0.));
#6893 = VECTOR('',#6894,1.);
#6894 = DIRECTION('',(0.,1.));
#6895 = ( GEOMETRIC_REPRESENTATION_CONTEXT(2) 
PARAMETRIC_REPRESENTATION_CONTEXT() REPRESENTATION_CONTEXT('2D SPACE',''
  ) );
#6896 = PCURVE('',#4845,#6897);
#6897 = DEFINITIONAL_REPRESENTATION('',(#6898),#6902);
#6898 = LINE('',#6899,#6900);
#6899 = CARTESIAN_POINT('',(36.999999893522,9.786220059336E-40));
#6900 = VECTOR('',#6901,1.);
#6901 = DIRECTION('',(-5.652108381255E-28,1.));
#6902 = ( GEOMETRIC_REPRESENTATION_CONTEXT(2) 
PARAMETRIC_REPRESENTATION_CONTEXT() REPRESENTATION_CONTEXT('2D SPACE',''
  ) );
#6903 = ORIENTED_EDGE('',*,*,#6904,.T.);
#6904 = EDGE_CURVE('',#6882,#6830,#6905,.T.);
#6905 = SURFACE_CURVE('',#6906,(#6911,#6918),.PCURVE_S1.);
#6906 = CIRCLE('',#6907,3.00000042591);
#6907 = AXIS2_PLACEMENT_3D('',#6908,#6909,#6910);
#6908 = CARTESIAN_POINT('',(64.99999957409,-76.99999957409,-1.8));
#6909 = DIRECTION('',(-0.,0.,1.));
#6910 = DIRECTION('',(0.707106793735,-0.707106768638,0.));
#6911 = PCURVE('',#4812,#6912);
#6912 = DEFINITIONAL_REPRESENTATION('',(#6913),#6917);
#6913 = LINE('',#6914,#6915);
#6914 = CARTESIAN_POINT('',(11.780972575185,1.8));
#6915 = VECTOR('',#6916,1.);
#6916 = DIRECTION('',(-1.,0.));
#6917 = ( GEOMETRIC_REPRESENTATION_CONTEXT(2) 
PARAMETRIC_REPRESENTATION_CONTEXT() REPRESENTATION_CONTEXT('2D SPACE',''
  ) );
#6918 = PCURVE('',#6919,#6924);
#6919 = TOROIDAL_SURFACE('',#6920,2.80000042591,0.2);
#6920 = AXIS2_PLACEMENT_3D('',#6921,#6922,#6923);
#6921 = CARTESIAN_POINT('',(64.99999957409,-76.99999957409,-1.8));
#6922 = DIRECTION('',(0.,0.,-1.));
#6923 = DIRECTION('',(-1.,0.,0.));
#6924 = DEFINITIONAL_REPRESENTATION('',(#6925),#6929);
#6925 = LINE('',#6926,#6927);
#6926 = CARTESIAN_POINT('',(10.210176106421,0.));
#6927 = VECTOR('',#6928,1.);
#6928 = DIRECTION('',(-1.,0.));
#6929 = ( GEOMETRIC_REPRESENTATION_CONTEXT(2) 
PARAMETRIC_REPRESENTATION_CONTEXT() REPRESENTATION_CONTEXT('2D SPACE',''
  ) );
#6930 = ORIENTED_EDGE('',*,*,#6857,.F.);
#6931 = ORIENTED_EDGE('',*,*,#4797,.T.);
#6932 = ADVANCED_FACE('',(#6933),#4845,.T.);
#6933 = FACE_BOUND('',#6934,.T.);
#6934 = EDGE_LOOP('',(#6935,#6936,#6937,#6965));
#6935 = ORIENTED_EDGE('',*,*,#4829,.F.);
#6936 = ORIENTED_EDGE('',*,*,#6881,.T.);
#6937 = ORIENTED_EDGE('',*,*,#6938,.F.);
#6938 = EDGE_CURVE('',#6939,#6882,#6941,.T.);
#6939 = VERTEX_POINT('',#6940);
#6940 = CARTESIAN_POINT('',(32.031128874149,-80.,-1.8));
#6941 = SURFACE_CURVE('',#6942,(#6946,#6953),.PCURVE_S1.);
#6942 = LINE('',#6943,#6944);
#6943 = CARTESIAN_POINT('',(37.250000053239,-80.,-1.8));
#6944 = VECTOR('',#6945,1.);
#6945 = DIRECTION('',(1.,2.400482222314E-16,0.));
#6946 = PCURVE('',#4845,#6947);
#6947 = DEFINITIONAL_REPRESENTATION('',(#6948),#6952);
#6948 = LINE('',#6949,#6950);
#6949 = CARTESIAN_POINT('',(9.249999946761,1.8));
#6950 = VECTOR('',#6951,1.);
#6951 = DIRECTION('',(1.,5.652108381255E-28));
#6952 = ( GEOMETRIC_REPRESENTATION_CONTEXT(2) 
PARAMETRIC_REPRESENTATION_CONTEXT() REPRESENTATION_CONTEXT('2D SPACE',''
  ) );
#6953 = PCURVE('',#6954,#6959);
#6954 = CYLINDRICAL_SURFACE('',#6955,0.2);
#6955 = AXIS2_PLACEMENT_3D('',#6956,#6957,#6958);
#6956 = CARTESIAN_POINT('',(37.250000053239,-79.8,-1.8));
#6957 = DIRECTION('',(-1.,-2.400482222314E-16,0.));
#6958 = DIRECTION('',(1.697397257516E-16,-0.707106781187,-0.707106781187
    ));
#6959 = DEFINITIONAL_REPRESENTATION('',(#6960),#6964);
#6960 = LINE('',#6961,#6962);
#6961 = CARTESIAN_POINT('',(7.068583470577,0.));
#6962 = VECTOR('',#6963,1.);
#6963 = DIRECTION('',(0.,-1.));
#6964 = ( GEOMETRIC_REPRESENTATION_CONTEXT(2) 
PARAMETRIC_REPRESENTATION_CONTEXT() REPRESENTATION_CONTEXT('2D SPACE',''
  ) );
#6965 = ORIENTED_EDGE('',*,*,#6966,.F.);
#6966 = EDGE_CURVE('',#4830,#6939,#6967,.T.);
#6967 = SURFACE_CURVE('',#6968,(#6972,#6979),.PCURVE_S1.);
#6968 = LINE('',#6969,#6970);
#6969 = CARTESIAN_POINT('',(32.031128874149,-80.,-3.));
#6970 = VECTOR('',#6971,1.);
#6971 = DIRECTION('',(0.,0.,-1.));
#6972 = PCURVE('',#4845,#6973);
#6973 = DEFINITIONAL_REPRESENTATION('',(#6974),#6978);
#6974 = LINE('',#6975,#6976);
#6975 = CARTESIAN_POINT('',(4.031128767671,3.));
#6976 = VECTOR('',#6977,1.);
#6977 = DIRECTION('',(-5.652108381255E-28,1.));
#6978 = ( GEOMETRIC_REPRESENTATION_CONTEXT(2) 
PARAMETRIC_REPRESENTATION_CONTEXT() REPRESENTATION_CONTEXT('2D SPACE',''
  ) );
#6979 = PCURVE('',#4923,#6980);
#6980 = DEFINITIONAL_REPRESENTATION('',(#6981),#6985);
#6981 = LINE('',#6982,#6983);
#6982 = CARTESIAN_POINT('',(7.298860466418,0.));
#6983 = VECTOR('',#6984,1.);
#6984 = DIRECTION('',(0.,-1.));
#6985 = ( GEOMETRIC_REPRESENTATION_CONTEXT(2) 
PARAMETRIC_REPRESENTATION_CONTEXT() REPRESENTATION_CONTEXT('2D SPACE',''
  ) );
#6986 = ADVANCED_FACE('',(#6987),#4923,.F.);
#6987 = FACE_BOUND('',#6988,.F.);
#6988 = EDGE_LOOP('',(#6989,#7012,#7039,#7040));
#6989 = ORIENTED_EDGE('',*,*,#6990,.F.);
#6990 = EDGE_CURVE('',#6991,#4883,#6993,.T.);
#6991 = VERTEX_POINT('',#6992);
#6992 = CARTESIAN_POINT('',(31.135322457672,-78.55555555555,-1.8));
#6993 = SURFACE_CURVE('',#6994,(#6998,#7005),.PCURVE_S1.);
#6994 = LINE('',#6995,#6996);
#6995 = CARTESIAN_POINT('',(31.135322457672,-78.55555555555,-3.));
#6996 = VECTOR('',#6997,1.);
#6997 = DIRECTION('',(0.,0.,1.));
#6998 = PCURVE('',#4923,#6999);
#6999 = DEFINITIONAL_REPRESENTATION('',(#7000),#7004);
#7000 = LINE('',#7001,#7002);
#7001 = CARTESIAN_POINT('',(5.267510147941,0.));
#7002 = VECTOR('',#7003,1.);
#7003 = DIRECTION('',(0.,1.));
#7004 = ( GEOMETRIC_REPRESENTATION_CONTEXT(2) 
PARAMETRIC_REPRESENTATION_CONTEXT() REPRESENTATION_CONTEXT('2D SPACE',''
  ) );
#7005 = PCURVE('',#4979,#7006);
#7006 = DEFINITIONAL_REPRESENTATION('',(#7007),#7011);
#7007 = LINE('',#7008,#7009);
#7008 = CARTESIAN_POINT('',(-0.460553991681,0.));
#7009 = VECTOR('',#7010,1.);
#7010 = DIRECTION('',(0.,1.));
#7011 = ( GEOMETRIC_REPRESENTATION_CONTEXT(2) 
PARAMETRIC_REPRESENTATION_CONTEXT() REPRESENTATION_CONTEXT('2D SPACE',''
  ) );
#7012 = ORIENTED_EDGE('',*,*,#7013,.T.);
#7013 = EDGE_CURVE('',#6991,#6939,#7014,.T.);
#7014 = SURFACE_CURVE('',#7015,(#7020,#7027),.PCURVE_S1.);
#7015 = CIRCLE('',#7016,1.);
#7016 = AXIS2_PLACEMENT_3D('',#7017,#7018,#7019);
#7017 = CARTESIAN_POINT('',(32.031128874149,-79.,-1.8));
#7018 = DIRECTION('',(0.,0.,1.));
#7019 = DIRECTION('',(-0.849836585599,-0.527046276695,0.));
#7020 = PCURVE('',#4923,#7021);
#7021 = DEFINITIONAL_REPRESENTATION('',(#7022),#7026);
#7022 = LINE('',#7023,#7024);
#7023 = CARTESIAN_POINT('',(1.7763568394E-15,1.2));
#7024 = VECTOR('',#7025,1.);
#7025 = DIRECTION('',(1.,0.));
#7026 = ( GEOMETRIC_REPRESENTATION_CONTEXT(2) 
PARAMETRIC_REPRESENTATION_CONTEXT() REPRESENTATION_CONTEXT('2D SPACE',''
  ) );
#7027 = PCURVE('',#7028,#7033);
#7028 = TOROIDAL_SURFACE('',#7029,0.8,0.2);
#7029 = AXIS2_PLACEMENT_3D('',#7030,#7031,#7032);
#7030 = CARTESIAN_POINT('',(32.031128874149,-79.,-1.8));
#7031 = DIRECTION('',(0.,0.,1.));
#7032 = DIRECTION('',(-0.849836585599,-0.527046276695,0.));
#7033 = DEFINITIONAL_REPRESENTATION('',(#7034),#7038);
#7034 = LINE('',#7035,#7036);
#7035 = CARTESIAN_POINT('',(1.7763568394E-15,6.28318530718));
#7036 = VECTOR('',#7037,1.);
#7037 = DIRECTION('',(1.,0.));
#7038 = ( GEOMETRIC_REPRESENTATION_CONTEXT(2) 
PARAMETRIC_REPRESENTATION_CONTEXT() REPRESENTATION_CONTEXT('2D SPACE',''
  ) );
#7039 = ORIENTED_EDGE('',*,*,#6966,.F.);
#7040 = ORIENTED_EDGE('',*,*,#4908,.T.);
#7041 = ADVANCED_FACE('',(#7042),#4979,.T.);
#7042 = FACE_BOUND('',#7043,.T.);
#7043 = EDGE_LOOP('',(#7044,#7045,#7046,#7075));
#7044 = ORIENTED_EDGE('',*,*,#4964,.F.);
#7045 = ORIENTED_EDGE('',*,*,#6990,.F.);
#7046 = ORIENTED_EDGE('',*,*,#7047,.F.);
#7047 = EDGE_CURVE('',#7048,#6991,#7050,.T.);
#7048 = VERTEX_POINT('',#7049);
#7049 = CARTESIAN_POINT('',(26.444444444444,-73.86467754232,-1.8));
#7050 = SURFACE_CURVE('',#7051,(#7056,#7063),.PCURVE_S1.);
#7051 = CIRCLE('',#7052,3.5);
#7052 = AXIS2_PLACEMENT_3D('',#7053,#7054,#7055);
#7053 = CARTESIAN_POINT('',(28.,-77.,-1.8));
#7054 = DIRECTION('',(0.,0.,-1.));
#7055 = DIRECTION('',(0.707106781187,0.707106781187,0.));
#7056 = PCURVE('',#4979,#7057);
#7057 = DEFINITIONAL_REPRESENTATION('',(#7058),#7062);
#7058 = LINE('',#7059,#7060);
#7059 = CARTESIAN_POINT('',(7.068583470577,1.2));
#7060 = VECTOR('',#7061,1.);
#7061 = DIRECTION('',(-1.,0.));
#7062 = ( GEOMETRIC_REPRESENTATION_CONTEXT(2) 
PARAMETRIC_REPRESENTATION_CONTEXT() REPRESENTATION_CONTEXT('2D SPACE',''
  ) );
#7063 = PCURVE('',#7064,#7069);
#7064 = TOROIDAL_SURFACE('',#7065,3.7,0.2);
#7065 = AXIS2_PLACEMENT_3D('',#7066,#7067,#7068);
#7066 = CARTESIAN_POINT('',(28.,-77.,-1.8));
#7067 = DIRECTION('',(0.,0.,-1.));
#7068 = DIRECTION('',(0.707106781187,0.707106781187,0.));
#7069 = DEFINITIONAL_REPRESENTATION('',(#7070),#7074);
#7070 = LINE('',#7071,#7072);
#7071 = CARTESIAN_POINT('',(-6.28318530718,3.14159265359));
#7072 = VECTOR('',#7073,1.);
#7073 = DIRECTION('',(1.,4.277106866811E-15));
#7074 = ( GEOMETRIC_REPRESENTATION_CONTEXT(2) 
PARAMETRIC_REPRESENTATION_CONTEXT() REPRESENTATION_CONTEXT('2D SPACE',''
  ) );
#7075 = ORIENTED_EDGE('',*,*,#7076,.F.);
#7076 = EDGE_CURVE('',#4939,#7048,#7077,.T.);
#7077 = SURFACE_CURVE('',#7078,(#7082,#7089),.PCURVE_S1.);
#7078 = LINE('',#7079,#7080);
#7079 = CARTESIAN_POINT('',(26.444444444444,-73.86467754232,-3.));
#7080 = VECTOR('',#7081,1.);
#7081 = DIRECTION('',(0.,0.,-1.));
#7082 = PCURVE('',#4979,#7083);
#7083 = DEFINITIONAL_REPRESENTATION('',(#7084),#7088);
#7084 = LINE('',#7085,#7086);
#7085 = CARTESIAN_POINT('',(2.031350318476,0.));
#7086 = VECTOR('',#7087,1.);
#7087 = DIRECTION('',(0.,-1.));
#7088 = ( GEOMETRIC_REPRESENTATION_CONTEXT(2) 
PARAMETRIC_REPRESENTATION_CONTEXT() REPRESENTATION_CONTEXT('2D SPACE',''
  ) );
#7089 = PCURVE('',#5035,#7090);
#7090 = DEFINITIONAL_REPRESENTATION('',(#7091),#7095);
#7091 = LINE('',#7092,#7093);
#7092 = CARTESIAN_POINT('',(5.267510147941,0.));
#7093 = VECTOR('',#7094,1.);
#7094 = DIRECTION('',(0.,1.));
#7095 = ( GEOMETRIC_REPRESENTATION_CONTEXT(2) 
PARAMETRIC_REPRESENTATION_CONTEXT() REPRESENTATION_CONTEXT('2D SPACE',''
  ) );
#7096 = ADVANCED_FACE('',(#7097),#5035,.F.);
#7097 = FACE_BOUND('',#7098,.F.);
#7098 = EDGE_LOOP('',(#7099,#7122,#7149,#7150));
#7099 = ORIENTED_EDGE('',*,*,#7100,.F.);
#7100 = EDGE_CURVE('',#7101,#4995,#7103,.T.);
#7101 = VERTEX_POINT('',#7102);
#7102 = CARTESIAN_POINT('',(25.,-72.96887112585,-1.8));
#7103 = SURFACE_CURVE('',#7104,(#7108,#7115),.PCURVE_S1.);
#7104 = LINE('',#7105,#7106);
#7105 = CARTESIAN_POINT('',(25.,-72.96887112585,-3.));
#7106 = VECTOR('',#7107,1.);
#7107 = DIRECTION('',(0.,0.,1.));
#7108 = PCURVE('',#5035,#7109);
#7109 = DEFINITIONAL_REPRESENTATION('',(#7110),#7114);
#7110 = LINE('',#7111,#7112);
#7111 = CARTESIAN_POINT('',(7.298860466418,0.));
#7112 = VECTOR('',#7113,1.);
#7113 = DIRECTION('',(0.,-1.));
#7114 = ( GEOMETRIC_REPRESENTATION_CONTEXT(2) 
PARAMETRIC_REPRESENTATION_CONTEXT() REPRESENTATION_CONTEXT('2D SPACE',''
  ) );
#7115 = PCURVE('',#5068,#7116);
#7116 = DEFINITIONAL_REPRESENTATION('',(#7117),#7121);
#7117 = LINE('',#7118,#7119);
#7118 = CARTESIAN_POINT('',(32.96887101938,3.));
#7119 = VECTOR('',#7120,1.);
#7120 = DIRECTION('',(4.445553988577E-30,-1.));
#7121 = ( GEOMETRIC_REPRESENTATION_CONTEXT(2) 
PARAMETRIC_REPRESENTATION_CONTEXT() REPRESENTATION_CONTEXT('2D SPACE',''
  ) );
#7122 = ORIENTED_EDGE('',*,*,#7123,.T.);
#7123 = EDGE_CURVE('',#7101,#7048,#7124,.T.);
#7124 = SURFACE_CURVE('',#7125,(#7130,#7137),.PCURVE_S1.);
#7125 = CIRCLE('',#7126,1.);
#7126 = AXIS2_PLACEMENT_3D('',#7127,#7128,#7129);
#7127 = CARTESIAN_POINT('',(26.,-72.96887112585,-1.8));
#7128 = DIRECTION('',(0.,0.,1.));
#7129 = DIRECTION('',(-0.527046276695,-0.849836585599,0.));
#7130 = PCURVE('',#5035,#7131);
#7131 = DEFINITIONAL_REPRESENTATION('',(#7132),#7136);
#7132 = LINE('',#7133,#7134);
#7133 = CARTESIAN_POINT('',(12.566370614359,-1.2));
#7134 = VECTOR('',#7135,1.);
#7135 = DIRECTION('',(-1.,0.));
#7136 = ( GEOMETRIC_REPRESENTATION_CONTEXT(2) 
PARAMETRIC_REPRESENTATION_CONTEXT() REPRESENTATION_CONTEXT('2D SPACE',''
  ) );
#7137 = PCURVE('',#7138,#7143);
#7138 = TOROIDAL_SURFACE('',#7139,0.8,0.2);
#7139 = AXIS2_PLACEMENT_3D('',#7140,#7141,#7142);
#7140 = CARTESIAN_POINT('',(26.,-72.96887112585,-1.8));
#7141 = DIRECTION('',(0.,0.,1.));
#7142 = DIRECTION('',(1.,0.,0.));
#7143 = DEFINITIONAL_REPRESENTATION('',(#7144),#7148);
#7144 = LINE('',#7145,#7146);
#7145 = CARTESIAN_POINT('',(-2.125917494352,6.28318530718));
#7146 = VECTOR('',#7147,1.);
#7147 = DIRECTION('',(1.,0.));
#7148 = ( GEOMETRIC_REPRESENTATION_CONTEXT(2) 
PARAMETRIC_REPRESENTATION_CONTEXT() REPRESENTATION_CONTEXT('2D SPACE',''
  ) );
#7149 = ORIENTED_EDGE('',*,*,#7076,.F.);
#7150 = ORIENTED_EDGE('',*,*,#5020,.T.);
#7151 = ADVANCED_FACE('',(#7152),#5068,.T.);
#7152 = FACE_BOUND('',#7153,.T.);
#7153 = EDGE_LOOP('',(#7154,#7177,#7178,#7179));
#7154 = ORIENTED_EDGE('',*,*,#7155,.T.);
#7155 = EDGE_CURVE('',#7156,#5053,#7158,.T.);
#7156 = VERTEX_POINT('',#7157);
#7157 = CARTESIAN_POINT('',(25.,-51.00000073015,-1.8));
#7158 = SURFACE_CURVE('',#7159,(#7163,#7170),.PCURVE_S1.);
#7159 = LINE('',#7160,#7161);
#7160 = CARTESIAN_POINT('',(25.,-51.00000073015,7.45956593023E-27));
#7161 = VECTOR('',#7162,1.);
#7162 = DIRECTION('',(0.,0.,1.));
#7163 = PCURVE('',#5068,#7164);
#7164 = DEFINITIONAL_REPRESENTATION('',(#7165),#7169);
#7165 = LINE('',#7166,#7167);
#7166 = CARTESIAN_POINT('',(11.00000062368,7.508467026877E-27));
#7167 = VECTOR('',#7168,1.);
#7168 = DIRECTION('',(4.445553988577E-30,-1.));
#7169 = ( GEOMETRIC_REPRESENTATION_CONTEXT(2) 
PARAMETRIC_REPRESENTATION_CONTEXT() REPRESENTATION_CONTEXT('2D SPACE',''
  ) );
#7170 = PCURVE('',#5164,#7171);
#7171 = DEFINITIONAL_REPRESENTATION('',(#7172),#7176);
#7172 = LINE('',#7173,#7174);
#7173 = CARTESIAN_POINT('',(43.2,-7.45956593023E-27));
#7174 = VECTOR('',#7175,1.);
#7175 = DIRECTION('',(0.,-1.));
#7176 = ( GEOMETRIC_REPRESENTATION_CONTEXT(2) 
PARAMETRIC_REPRESENTATION_CONTEXT() REPRESENTATION_CONTEXT('2D SPACE',''
  ) );
#7177 = ORIENTED_EDGE('',*,*,#5052,.F.);
#7178 = ORIENTED_EDGE('',*,*,#7100,.F.);
#7179 = ORIENTED_EDGE('',*,*,#7180,.F.);
#7180 = EDGE_CURVE('',#7156,#7101,#7181,.T.);
#7181 = SURFACE_CURVE('',#7182,(#7186,#7193),.PCURVE_S1.);
#7182 = LINE('',#7183,#7184);
#7183 = CARTESIAN_POINT('',(25.,-49.25000005323,-1.8));
#7184 = VECTOR('',#7185,1.);
#7185 = DIRECTION('',(1.200241111157E-16,-1.,0.));
#7186 = PCURVE('',#5068,#7187);
#7187 = DEFINITIONAL_REPRESENTATION('',(#7188),#7192);
#7188 = LINE('',#7189,#7190);
#7189 = CARTESIAN_POINT('',(9.24999994676,1.8));
#7190 = VECTOR('',#7191,1.);
#7191 = DIRECTION('',(1.,4.445553988577E-30));
#7192 = ( GEOMETRIC_REPRESENTATION_CONTEXT(2) 
PARAMETRIC_REPRESENTATION_CONTEXT() REPRESENTATION_CONTEXT('2D SPACE',''
  ) );
#7193 = PCURVE('',#7194,#7199);
#7194 = CYLINDRICAL_SURFACE('',#7195,0.2);
#7195 = AXIS2_PLACEMENT_3D('',#7196,#7197,#7198);
#7196 = CARTESIAN_POINT('',(25.2,-49.25000005323,-1.8));
#7197 = DIRECTION('',(-1.200241111157E-16,1.,0.));
#7198 = DIRECTION('',(-0.707106781187,-8.48698628758E-17,-0.707106781187
    ));
#7199 = DEFINITIONAL_REPRESENTATION('',(#7200),#7204);
#7200 = LINE('',#7201,#7202);
#7201 = CARTESIAN_POINT('',(7.068583470577,0.));
#7202 = VECTOR('',#7203,1.);
#7203 = DIRECTION('',(0.,-1.));
#7204 = ( GEOMETRIC_REPRESENTATION_CONTEXT(2) 
PARAMETRIC_REPRESENTATION_CONTEXT() REPRESENTATION_CONTEXT('2D SPACE',''
  ) );
#7205 = ADVANCED_FACE('',(#7206),#5164,.T.);
#7206 = FACE_BOUND('',#7207,.T.);
#7207 = EDGE_LOOP('',(#7208,#7209,#7210,#7238,#7266,#7292));
#7208 = ORIENTED_EDGE('',*,*,#5150,.F.);
#7209 = ORIENTED_EDGE('',*,*,#7155,.F.);
#7210 = ORIENTED_EDGE('',*,*,#7211,.F.);
#7211 = EDGE_CURVE('',#7212,#7156,#7214,.T.);
#7212 = VERTEX_POINT('',#7213);
#7213 = CARTESIAN_POINT('',(25.2,-51.00000073015,-2.));
#7214 = SURFACE_CURVE('',#7215,(#7220,#7231),.PCURVE_S1.);
#7215 = CIRCLE('',#7216,0.2);
#7216 = AXIS2_PLACEMENT_3D('',#7217,#7218,#7219);
#7217 = CARTESIAN_POINT('',(25.2,-51.00000073015,-1.8));
#7218 = DIRECTION('',(0.,1.,0.));
#7219 = DIRECTION('',(-0.707106781187,0.,-0.707106781187));
#7220 = PCURVE('',#5164,#7221);
#7221 = DEFINITIONAL_REPRESENTATION('',(#7222),#7230);
#7222 = ( BOUNDED_CURVE() B_SPLINE_CURVE(2,(#7223,#7224,#7225,#7226,
#7227,#7228,#7229),.UNSPECIFIED.,.T.,.F.) B_SPLINE_CURVE_WITH_KNOTS((1,2
    ,2,2,2,1),(-2.094395102393,0.,2.094395102393,4.188790204786,
6.28318530718,8.377580409573),.UNSPECIFIED.) CURVE() 
GEOMETRIC_REPRESENTATION_ITEM() RATIONAL_B_SPLINE_CURVE((1.,0.5,1.,0.5,
1.,0.5,1.)) REPRESENTATION_ITEM('') );
#7223 = CARTESIAN_POINT('',(43.141421356237,1.941421356237));
#7224 = CARTESIAN_POINT('',(43.386370330516,1.696472381959));
#7225 = CARTESIAN_POINT('',(43.051763809021,1.606814834742));
#7226 = CARTESIAN_POINT('',(42.717157287525,1.517157287525));
#7227 = CARTESIAN_POINT('',(42.806814834742,1.851763809021));
#7228 = CARTESIAN_POINT('',(42.896472381959,2.186370330516));
#7229 = CARTESIAN_POINT('',(43.141421356237,1.941421356237));
#7230 = ( GEOMETRIC_REPRESENTATION_CONTEXT(2) 
PARAMETRIC_REPRESENTATION_CONTEXT() REPRESENTATION_CONTEXT('2D SPACE',''
  ) );
#7231 = PCURVE('',#7194,#7232);
#7232 = DEFINITIONAL_REPRESENTATION('',(#7233),#7237);
#7233 = LINE('',#7234,#7235);
#7234 = CARTESIAN_POINT('',(0.,-1.750000676918));
#7235 = VECTOR('',#7236,1.);
#7236 = DIRECTION('',(1.,0.));
#7237 = ( GEOMETRIC_REPRESENTATION_CONTEXT(2) 
PARAMETRIC_REPRESENTATION_CONTEXT() REPRESENTATION_CONTEXT('2D SPACE',''
  ) );
#7238 = ORIENTED_EDGE('',*,*,#7239,.F.);
#7239 = EDGE_CURVE('',#7240,#7212,#7242,.T.);
#7240 = VERTEX_POINT('',#7241);
#7241 = CARTESIAN_POINT('',(67.8,-51.00000073015,-2.));
#7242 = SURFACE_CURVE('',#7243,(#7247,#7254),.PCURVE_S1.);
#7243 = LINE('',#7244,#7245);
#7244 = CARTESIAN_POINT('',(57.35,-51.00000073015,-2.));
#7245 = VECTOR('',#7246,1.);
#7246 = DIRECTION('',(-1.,0.,0.));
#7247 = PCURVE('',#5164,#7248);
#7248 = DEFINITIONAL_REPRESENTATION('',(#7249),#7253);
#7249 = LINE('',#7250,#7251);
#7250 = CARTESIAN_POINT('',(10.85,2.));
#7251 = VECTOR('',#7252,1.);
#7252 = DIRECTION('',(1.,0.));
#7253 = ( GEOMETRIC_REPRESENTATION_CONTEXT(2) 
PARAMETRIC_REPRESENTATION_CONTEXT() REPRESENTATION_CONTEXT('2D SPACE',''
  ) );
#7254 = PCURVE('',#7255,#7260);
#7255 = PLANE('',#7256);
#7256 = AXIS2_PLACEMENT_3D('',#7257,#7258,#7259);
#7257 = CARTESIAN_POINT('',(46.5,-58.5,-2.));
#7258 = DIRECTION('',(0.,0.,-1.));
#7259 = DIRECTION('',(1.,0.,0.));
#7260 = DEFINITIONAL_REPRESENTATION('',(#7261),#7265);
#7261 = LINE('',#7262,#7263);
#7262 = CARTESIAN_POINT('',(10.85,-7.49999926985));
#7263 = VECTOR('',#7264,1.);
#7264 = DIRECTION('',(-1.,0.));
#7265 = ( GEOMETRIC_REPRESENTATION_CONTEXT(2) 
PARAMETRIC_REPRESENTATION_CONTEXT() REPRESENTATION_CONTEXT('2D SPACE',''
  ) );
#7266 = ORIENTED_EDGE('',*,*,#7267,.F.);
#7267 = EDGE_CURVE('',#6587,#7240,#7268,.T.);
#7268 = SURFACE_CURVE('',#7269,(#7274,#7285),.PCURVE_S1.);
#7269 = CIRCLE('',#7270,0.2);
#7270 = AXIS2_PLACEMENT_3D('',#7271,#7272,#7273);
#7271 = CARTESIAN_POINT('',(67.8,-51.00000073015,-1.8));
#7272 = DIRECTION('',(0.,1.,0.));
#7273 = DIRECTION('',(0.707106781187,0.,-0.707106781187));
#7274 = PCURVE('',#5164,#7275);
#7275 = DEFINITIONAL_REPRESENTATION('',(#7276),#7284);
#7276 = ( BOUNDED_CURVE() B_SPLINE_CURVE(2,(#7277,#7278,#7279,#7280,
#7281,#7282,#7283),.UNSPECIFIED.,.T.,.F.) B_SPLINE_CURVE_WITH_KNOTS((1,2
    ,2,2,2,1),(-2.094395102393,0.,2.094395102393,4.188790204786,
6.28318530718,8.377580409573),.UNSPECIFIED.) CURVE() 
GEOMETRIC_REPRESENTATION_ITEM() RATIONAL_B_SPLINE_CURVE((1.,0.5,1.,0.5,
1.,0.5,1.)) REPRESENTATION_ITEM('') );
#7277 = CARTESIAN_POINT('',(0.258578643763,1.941421356237));
#7278 = CARTESIAN_POINT('',(0.503527618041,2.186370330516));
#7279 = CARTESIAN_POINT('',(0.593185165258,1.851763809021));
#7280 = CARTESIAN_POINT('',(0.682842712475,1.517157287525));
#7281 = CARTESIAN_POINT('',(0.34823619098,1.606814834742));
#7282 = CARTESIAN_POINT('',(1.362966948437E-02,1.696472381959));
#7283 = CARTESIAN_POINT('',(0.258578643763,1.941421356237));
#7284 = ( GEOMETRIC_REPRESENTATION_CONTEXT(2) 
PARAMETRIC_REPRESENTATION_CONTEXT() REPRESENTATION_CONTEXT('2D SPACE',''
  ) );
#7285 = PCURVE('',#6625,#7286);
#7286 = DEFINITIONAL_REPRESENTATION('',(#7287),#7291);
#7287 = LINE('',#7288,#7289);
#7288 = CARTESIAN_POINT('',(12.566370614359,-16.7499992166));
#7289 = VECTOR('',#7290,1.);
#7290 = DIRECTION('',(-1.,0.));
#7291 = ( GEOMETRIC_REPRESENTATION_CONTEXT(2) 
PARAMETRIC_REPRESENTATION_CONTEXT() REPRESENTATION_CONTEXT('2D SPACE',''
  ) );
#7292 = ORIENTED_EDGE('',*,*,#6586,.F.);
#7293 = ADVANCED_FACE('',(#7294),#5223,.T.);
#7294 = FACE_BOUND('',#7295,.T.);
#7295 = EDGE_LOOP('',(#7296,#7319,#7320,#7343));
#7296 = ORIENTED_EDGE('',*,*,#7297,.T.);
#7297 = EDGE_CURVE('',#7298,#5207,#7300,.T.);
#7298 = VERTEX_POINT('',#7299);
#7299 = CARTESIAN_POINT('',(45.500000678003,-43.35410216839,-1.8));
#7300 = SURFACE_CURVE('',#7301,(#7305,#7312),.PCURVE_S1.);
#7301 = LINE('',#7302,#7303);
#7302 = CARTESIAN_POINT('',(45.500000678003,-43.35410216839,-3.));
#7303 = VECTOR('',#7304,1.);
#7304 = DIRECTION('',(0.,0.,1.));
#7305 = PCURVE('',#5223,#7306);
#7306 = DEFINITIONAL_REPRESENTATION('',(#7307),#7311);
#7307 = LINE('',#7308,#7309);
#7308 = CARTESIAN_POINT('',(7.15398471677,0.));
#7309 = VECTOR('',#7310,1.);
#7310 = DIRECTION('',(0.,1.));
#7311 = ( GEOMETRIC_REPRESENTATION_CONTEXT(2) 
PARAMETRIC_REPRESENTATION_CONTEXT() REPRESENTATION_CONTEXT('2D SPACE',''
  ) );
#7312 = PCURVE('',#5376,#7313);
#7313 = DEFINITIONAL_REPRESENTATION('',(#7314),#7318);
#7314 = LINE('',#7315,#7316);
#7315 = CARTESIAN_POINT('',(5.64589856176,3.));
#7316 = VECTOR('',#7317,1.);
#7317 = DIRECTION('',(0.,-1.));
#7318 = ( GEOMETRIC_REPRESENTATION_CONTEXT(2) 
PARAMETRIC_REPRESENTATION_CONTEXT() REPRESENTATION_CONTEXT('2D SPACE',''
  ) );
#7319 = ORIENTED_EDGE('',*,*,#5206,.F.);
#7320 = ORIENTED_EDGE('',*,*,#7321,.F.);
#7321 = EDGE_CURVE('',#7322,#5183,#7324,.T.);
#7322 = VERTEX_POINT('',#7323);
#7323 = CARTESIAN_POINT('',(43.364677542328,-38.44444444444,-1.8));
#7324 = SURFACE_CURVE('',#7325,(#7329,#7336),.PCURVE_S1.);
#7325 = LINE('',#7326,#7327);
#7326 = CARTESIAN_POINT('',(43.364677542328,-38.44444444444,-3.));
#7327 = VECTOR('',#7328,1.);
#7328 = DIRECTION('',(0.,0.,1.));
#7329 = PCURVE('',#5223,#7330);
#7330 = DEFINITIONAL_REPRESENTATION('',(#7331),#7335);
#7331 = LINE('',#7332,#7333);
#7332 = CARTESIAN_POINT('',(5.412385897589,0.));
#7333 = VECTOR('',#7334,1.);
#7334 = DIRECTION('',(0.,1.));
#7335 = ( GEOMETRIC_REPRESENTATION_CONTEXT(2) 
PARAMETRIC_REPRESENTATION_CONTEXT() REPRESENTATION_CONTEXT('2D SPACE',''
  ) );
#7336 = PCURVE('',#5740,#7337);
#7337 = DEFINITIONAL_REPRESENTATION('',(#7338),#7342);
#7338 = LINE('',#7339,#7340);
#7339 = CARTESIAN_POINT('',(5.267510147942,0.));
#7340 = VECTOR('',#7341,1.);
#7341 = DIRECTION('',(0.,1.));
#7342 = ( GEOMETRIC_REPRESENTATION_CONTEXT(2) 
PARAMETRIC_REPRESENTATION_CONTEXT() REPRESENTATION_CONTEXT('2D SPACE',''
  ) );
#7343 = ORIENTED_EDGE('',*,*,#7344,.F.);
#7344 = EDGE_CURVE('',#7298,#7322,#7345,.T.);
#7345 = SURFACE_CURVE('',#7346,(#7351,#7358),.PCURVE_S1.);
#7346 = CIRCLE('',#7347,3.5);
#7347 = AXIS2_PLACEMENT_3D('',#7348,#7349,#7350);
#7348 = CARTESIAN_POINT('',(46.5,-40.,-1.8));
#7349 = DIRECTION('',(0.,0.,-1.));
#7350 = DIRECTION('',(0.,-1.,0.));
#7351 = PCURVE('',#5223,#7352);
#7352 = DEFINITIONAL_REPRESENTATION('',(#7353),#7357);
#7353 = LINE('',#7354,#7355);
#7354 = CARTESIAN_POINT('',(7.443736216065,1.2));
#7355 = VECTOR('',#7356,1.);
#7356 = DIRECTION('',(-1.,0.));
#7357 = ( GEOMETRIC_REPRESENTATION_CONTEXT(2) 
PARAMETRIC_REPRESENTATION_CONTEXT() REPRESENTATION_CONTEXT('2D SPACE',''
  ) );
#7358 = PCURVE('',#7359,#7364);
#7359 = TOROIDAL_SURFACE('',#7360,3.7,0.2);
#7360 = AXIS2_PLACEMENT_3D('',#7361,#7362,#7363);
#7361 = CARTESIAN_POINT('',(46.5,-40.,-1.8));
#7362 = DIRECTION('',(0.,0.,-1.));
#7363 = DIRECTION('',(-1.,0.,0.));
#7364 = DEFINITIONAL_REPRESENTATION('',(#7365),#7369);
#7365 = LINE('',#7366,#7367);
#7366 = CARTESIAN_POINT('',(4.712388980385,3.14159265359));
#7367 = VECTOR('',#7368,1.);
#7368 = DIRECTION('',(1.,5.609766445114E-15));
#7369 = ( GEOMETRIC_REPRESENTATION_CONTEXT(2) 
PARAMETRIC_REPRESENTATION_CONTEXT() REPRESENTATION_CONTEXT('2D SPACE',''
  ) );
#7370 = ADVANCED_FACE('',(#7371),#5376,.T.);
#7371 = FACE_BOUND('',#7372,.T.);
#7372 = EDGE_LOOP('',(#7373,#7374,#7375,#7434,#7462));
#7373 = ORIENTED_EDGE('',*,*,#5360,.F.);
#7374 = ORIENTED_EDGE('',*,*,#7297,.F.);
#7375 = ORIENTED_EDGE('',*,*,#7376,.F.);
#7376 = EDGE_CURVE('',#7377,#7298,#7379,.T.);
#7377 = VERTEX_POINT('',#7378);
#7378 = CARTESIAN_POINT('',(45.500000678003,-43.56230281643,-2.));
#7379 = SURFACE_CURVE('',#7380,(#7391,#7405),.PCURVE_S1.);
#7380 = B_SPLINE_CURVE_WITH_KNOTS('',3,(#7381,#7382,#7383,#7384,#7385,
    #7386,#7387,#7388,#7389,#7390),.UNSPECIFIED.,.F.,.F.,(4,2,2,2,4),(
    3.016753429365E-02,3.79599234242E-02,4.561502418301E-02,
    5.308397124472E-02,6.039169314875E-02),.UNSPECIFIED.);
#7381 = CARTESIAN_POINT('',(45.500000678003,-43.56230281643,-2.));
#7382 = CARTESIAN_POINT('',(45.500000678003,-43.536328186,-2.));
#7383 = CARTESIAN_POINT('',(45.500000678003,-43.50572638056,
    -1.99407794312));
#7384 = CARTESIAN_POINT('',(45.500000678003,-43.45799282332,
    -1.974767433573));
#7385 = CARTESIAN_POINT('',(45.500000678003,-43.4322969696,
    -1.958114140101));
#7386 = CARTESIAN_POINT('',(45.500000678003,-43.39619985258,
    -1.922921550074));
#7387 = CARTESIAN_POINT('',(45.500000678003,-43.37923586325,
    -1.898329157157));
#7388 = CARTESIAN_POINT('',(45.500000678003,-43.35998272631,
    -1.852992337398));
#7389 = CARTESIAN_POINT('',(45.500000678003,-43.35410216839,
    -1.824359073013));
#7390 = CARTESIAN_POINT('',(45.500000678003,-43.35410216839,-1.8));
#7391 = PCURVE('',#5376,#7392);
#7392 = DEFINITIONAL_REPRESENTATION('',(#7393),#7404);
#7393 = B_SPLINE_CURVE_WITH_KNOTS('',3,(#7394,#7395,#7396,#7397,#7398,
    #7399,#7400,#7401,#7402,#7403),.UNSPECIFIED.,.F.,.F.,(4,2,2,2,4),(
    3.016753429365E-02,3.79599234242E-02,4.561502418301E-02,
    5.308397124472E-02,6.039169314875E-02),.UNSPECIFIED.);
#7394 = CARTESIAN_POINT('',(5.43769791372,2.));
#7395 = CARTESIAN_POINT('',(5.46367254415,2.));
#7396 = CARTESIAN_POINT('',(5.49427434959,1.99407794312));
#7397 = CARTESIAN_POINT('',(5.54200790683,1.974767433573));
#7398 = CARTESIAN_POINT('',(5.56770376055,1.958114140101));
#7399 = CARTESIAN_POINT('',(5.60380087757,1.922921550074));
#7400 = CARTESIAN_POINT('',(5.6207648669,1.898329157157));
#7401 = CARTESIAN_POINT('',(5.64001800384,1.852992337398));
#7402 = CARTESIAN_POINT('',(5.64589856176,1.824359073013));
#7403 = CARTESIAN_POINT('',(5.64589856176,1.8));
#7404 = ( GEOMETRIC_REPRESENTATION_CONTEXT(2) 
PARAMETRIC_REPRESENTATION_CONTEXT() REPRESENTATION_CONTEXT('2D SPACE',''
  ) );
#7405 = PCURVE('',#7359,#7406);
#7406 = DEFINITIONAL_REPRESENTATION('',(#7407),#7433);
#7407 = B_SPLINE_CURVE_WITH_KNOTS('',3,(#7408,#7409,#7410,#7411,#7412,
    #7413,#7414,#7415,#7416,#7417,#7418,#7419,#7420,#7421,#7422,#7423,
    #7424,#7425,#7426,#7427,#7428,#7429,#7430,#7431,#7432),
  .UNSPECIFIED.,.F.,.F.,(4,1,1,1,1,1,1,1,1,1,1,1,1,1,1,1,1,1,1,1,1,1,4),
  (3.016753429365E-02,3.154135969616E-02,3.291518509866E-02,
    3.428901050116E-02,3.566283590367E-02,3.703666130617E-02,
    3.841048670868E-02,3.978431211118E-02,4.115813751369E-02,
    4.253196291619E-02,4.39057883187E-02,4.52796137212E-02,
    4.66534391237E-02,4.802726452621E-02,4.940108992871E-02,
    5.077491533122E-02,5.214874073372E-02,5.352256613623E-02,
    5.489639153873E-02,5.627021694124E-02,5.764404234374E-02,
    5.901786774624E-02,6.039169314875E-02),.UNSPECIFIED.);
#7408 = CARTESIAN_POINT('',(4.986062527776,1.570796326795));
#7409 = CARTESIAN_POINT('',(4.986396971105,1.592830791324));
#7410 = CARTESIAN_POINT('',(4.987089523649,1.638320648454));
#7411 = CARTESIAN_POINT('',(4.988172630793,1.709332305915));
#7412 = CARTESIAN_POINT('',(4.989274311369,1.781715591542));
#7413 = CARTESIAN_POINT('',(4.990365309939,1.853782920753));
#7414 = CARTESIAN_POINT('',(4.991424622979,1.924484894797));
#7415 = CARTESIAN_POINT('',(4.99239676188,1.990609646805));
#7416 = CARTESIAN_POINT('',(4.993390938481,2.060267248592));
#7417 = CARTESIAN_POINT('',(4.994390712393,2.132533183064));
#7418 = CARTESIAN_POINT('',(4.995367915531,2.205642765705));
#7419 = CARTESIAN_POINT('',(4.996298099056,2.278118755011));
#7420 = CARTESIAN_POINT('',(4.997149585845,2.347951461501));
#7421 = CARTESIAN_POINT('',(4.997912162739,2.415310505684));
#7422 = CARTESIAN_POINT('',(4.998668287459,2.487743352778));
#7423 = CARTESIAN_POINT('',(4.999376252066,2.561632024473));
#7424 = CARTESIAN_POINT('',(5.000021338539,2.635632543367));
#7425 = CARTESIAN_POINT('',(5.000585342205,2.70838115229));
#7426 = CARTESIAN_POINT('',(5.001035411896,2.776374224939));
#7427 = CARTESIAN_POINT('',(5.001417383561,2.84806277528));
#7428 = CARTESIAN_POINT('',(5.001729053676,2.922432963354));
#7429 = CARTESIAN_POINT('',(5.001961197526,2.997481549788));
#7430 = CARTESIAN_POINT('',(5.00210654027,3.071379453957));
#7431 = CARTESIAN_POINT('',(5.002140492274,3.118708268581));
#7432 = CARTESIAN_POINT('',(5.002140479679,3.14159265359));
#7433 = ( GEOMETRIC_REPRESENTATION_CONTEXT(2) 
PARAMETRIC_REPRESENTATION_CONTEXT() REPRESENTATION_CONTEXT('2D SPACE',''
  ) );
#7434 = ORIENTED_EDGE('',*,*,#7435,.F.);
#7435 = EDGE_CURVE('',#7436,#7377,#7438,.T.);
#7436 = VERTEX_POINT('',#7437);
#7437 = CARTESIAN_POINT('',(45.500000678003,-49.00000073015,-2.));
#7438 = SURFACE_CURVE('',#7439,(#7443,#7450),.PCURVE_S1.);
#7439 = LINE('',#7440,#7441);
#7440 = CARTESIAN_POINT('',(45.500000678003,-53.75000036507,-2.));
#7441 = VECTOR('',#7442,1.);
#7442 = DIRECTION('',(0.,1.,0.));
#7443 = PCURVE('',#5376,#7444);
#7444 = DEFINITIONAL_REPRESENTATION('',(#7445),#7449);
#7445 = LINE('',#7446,#7447);
#7446 = CARTESIAN_POINT('',(-4.74999963492,2.));
#7447 = VECTOR('',#7448,1.);
#7448 = DIRECTION('',(1.,0.));
#7449 = ( GEOMETRIC_REPRESENTATION_CONTEXT(2) 
PARAMETRIC_REPRESENTATION_CONTEXT() REPRESENTATION_CONTEXT('2D SPACE',''
  ) );
#7450 = PCURVE('',#7451,#7456);
#7451 = PLANE('',#7452);
#7452 = AXIS2_PLACEMENT_3D('',#7453,#7454,#7455);
#7453 = CARTESIAN_POINT('',(46.5,-58.5,-2.));
#7454 = DIRECTION('',(0.,0.,-1.));
#7455 = DIRECTION('',(1.,0.,0.));
#7456 = DEFINITIONAL_REPRESENTATION('',(#7457),#7461);
#7457 = LINE('',#7458,#7459);
#7458 = CARTESIAN_POINT('',(-0.999999321997,-4.74999963493));
#7459 = VECTOR('',#7460,1.);
#7460 = DIRECTION('',(0.,-1.));
#7461 = ( GEOMETRIC_REPRESENTATION_CONTEXT(2) 
PARAMETRIC_REPRESENTATION_CONTEXT() REPRESENTATION_CONTEXT('2D SPACE',''
  ) );
#7462 = ORIENTED_EDGE('',*,*,#7463,.F.);
#7463 = EDGE_CURVE('',#5361,#7436,#7464,.T.);
#7464 = SURFACE_CURVE('',#7465,(#7469,#7476),.PCURVE_S1.);
#7465 = LINE('',#7466,#7467);
#7466 = CARTESIAN_POINT('',(45.500000678003,-49.00000073015,0.));
#7467 = VECTOR('',#7468,1.);
#7468 = DIRECTION('',(0.,0.,-1.));
#7469 = PCURVE('',#5376,#7470);
#7470 = DEFINITIONAL_REPRESENTATION('',(#7471),#7475);
#7471 = LINE('',#7472,#7473);
#7472 = CARTESIAN_POINT('',(0.,0.));
#7473 = VECTOR('',#7474,1.);
#7474 = DIRECTION('',(0.,1.));
#7475 = ( GEOMETRIC_REPRESENTATION_CONTEXT(2) 
PARAMETRIC_REPRESENTATION_CONTEXT() REPRESENTATION_CONTEXT('2D SPACE',''
  ) );
#7476 = PCURVE('',#5473,#7477);
#7477 = DEFINITIONAL_REPRESENTATION('',(#7478),#7482);
#7478 = LINE('',#7479,#7480);
#7479 = CARTESIAN_POINT('',(20.700000678003,0.));
#7480 = VECTOR('',#7481,1.);
#7481 = DIRECTION('',(0.,1.));
#7482 = ( GEOMETRIC_REPRESENTATION_CONTEXT(2) 
PARAMETRIC_REPRESENTATION_CONTEXT() REPRESENTATION_CONTEXT('2D SPACE',''
  ) );
#7483 = ADVANCED_FACE('',(#7484),#5473,.T.);
#7484 = FACE_BOUND('',#7485,.T.);
#7485 = EDGE_LOOP('',(#7486,#7487,#7488,#7511,#7544));
#7486 = ORIENTED_EDGE('',*,*,#5457,.F.);
#7487 = ORIENTED_EDGE('',*,*,#7463,.T.);
#7488 = ORIENTED_EDGE('',*,*,#7489,.F.);
#7489 = EDGE_CURVE('',#7490,#7436,#7492,.T.);
#7490 = VERTEX_POINT('',#7491);
#7491 = CARTESIAN_POINT('',(25.2,-49.00000073015,-2.));
#7492 = SURFACE_CURVE('',#7493,(#7497,#7504),.PCURVE_S1.);
#7493 = LINE('',#7494,#7495);
#7494 = CARTESIAN_POINT('',(35.65,-49.00000073015,-2.));
#7495 = VECTOR('',#7496,1.);
#7496 = DIRECTION('',(1.,0.,0.));
#7497 = PCURVE('',#5473,#7498);
#7498 = DEFINITIONAL_REPRESENTATION('',(#7499),#7503);
#7499 = LINE('',#7500,#7501);
#7500 = CARTESIAN_POINT('',(10.85,2.));
#7501 = VECTOR('',#7502,1.);
#7502 = DIRECTION('',(1.,0.));
#7503 = ( GEOMETRIC_REPRESENTATION_CONTEXT(2) 
PARAMETRIC_REPRESENTATION_CONTEXT() REPRESENTATION_CONTEXT('2D SPACE',''
  ) );
#7504 = PCURVE('',#7451,#7505);
#7505 = DEFINITIONAL_REPRESENTATION('',(#7506),#7510);
#7506 = LINE('',#7507,#7508);
#7507 = CARTESIAN_POINT('',(-10.85,-9.49999926985));
#7508 = VECTOR('',#7509,1.);
#7509 = DIRECTION('',(1.,0.));
#7510 = ( GEOMETRIC_REPRESENTATION_CONTEXT(2) 
PARAMETRIC_REPRESENTATION_CONTEXT() REPRESENTATION_CONTEXT('2D SPACE',''
  ) );
#7511 = ORIENTED_EDGE('',*,*,#7512,.F.);
#7512 = EDGE_CURVE('',#7513,#7490,#7515,.T.);
#7513 = VERTEX_POINT('',#7514);
#7514 = CARTESIAN_POINT('',(25.,-49.00000073015,-1.8));
#7515 = SURFACE_CURVE('',#7516,(#7521,#7532),.PCURVE_S1.);
#7516 = CIRCLE('',#7517,0.2);
#7517 = AXIS2_PLACEMENT_3D('',#7518,#7519,#7520);
#7518 = CARTESIAN_POINT('',(25.2,-49.00000073015,-1.8));
#7519 = DIRECTION('',(0.,-1.,0.));
#7520 = DIRECTION('',(-0.707106781187,-0.,-0.707106781187));
#7521 = PCURVE('',#5473,#7522);
#7522 = DEFINITIONAL_REPRESENTATION('',(#7523),#7531);
#7523 = ( BOUNDED_CURVE() B_SPLINE_CURVE(2,(#7524,#7525,#7526,#7527,
#7528,#7529,#7530),.UNSPECIFIED.,.T.,.F.) B_SPLINE_CURVE_WITH_KNOTS((1,2
    ,2,2,2,1),(-2.094395102393,0.,2.094395102393,4.188790204786,
6.28318530718,8.377580409573),.UNSPECIFIED.) CURVE() 
GEOMETRIC_REPRESENTATION_ITEM() RATIONAL_B_SPLINE_CURVE((1.,0.5,1.,0.5,
1.,0.5,1.)) REPRESENTATION_ITEM('') );
#7524 = CARTESIAN_POINT('',(0.258578643763,1.941421356237));
#7525 = CARTESIAN_POINT('',(0.503527618041,2.186370330516));
#7526 = CARTESIAN_POINT('',(0.593185165258,1.851763809021));
#7527 = CARTESIAN_POINT('',(0.682842712475,1.517157287525));
#7528 = CARTESIAN_POINT('',(0.348236190979,1.606814834742));
#7529 = CARTESIAN_POINT('',(1.362966948437E-02,1.696472381959));
#7530 = CARTESIAN_POINT('',(0.258578643763,1.941421356237));
#7531 = ( GEOMETRIC_REPRESENTATION_CONTEXT(2) 
PARAMETRIC_REPRESENTATION_CONTEXT() REPRESENTATION_CONTEXT('2D SPACE',''
  ) );
#7532 = PCURVE('',#7533,#7538);
#7533 = CYLINDRICAL_SURFACE('',#7534,0.2);
#7534 = AXIS2_PLACEMENT_3D('',#7535,#7536,#7537);
#7535 = CARTESIAN_POINT('',(25.2,-49.25000005323,-1.8));
#7536 = DIRECTION('',(-1.200241111157E-16,1.,0.));
#7537 = DIRECTION('',(-0.707106781187,-8.48698628758E-17,-0.707106781187
    ));
#7538 = DEFINITIONAL_REPRESENTATION('',(#7539),#7543);
#7539 = LINE('',#7540,#7541);
#7540 = CARTESIAN_POINT('',(12.566370614359,0.249999323082));
#7541 = VECTOR('',#7542,1.);
#7542 = DIRECTION('',(-1.,0.));
#7543 = ( GEOMETRIC_REPRESENTATION_CONTEXT(2) 
PARAMETRIC_REPRESENTATION_CONTEXT() REPRESENTATION_CONTEXT('2D SPACE',''
  ) );
#7544 = ORIENTED_EDGE('',*,*,#7545,.F.);
#7545 = EDGE_CURVE('',#5458,#7513,#7546,.T.);
#7546 = SURFACE_CURVE('',#7547,(#7551,#7558),.PCURVE_S1.);
#7547 = LINE('',#7548,#7549);
#7548 = CARTESIAN_POINT('',(25.,-49.00000073015,7.45956593023E-27));
#7549 = VECTOR('',#7550,1.);
#7550 = DIRECTION('',(0.,0.,-1.));
#7551 = PCURVE('',#5473,#7552);
#7552 = DEFINITIONAL_REPRESENTATION('',(#7553),#7557);
#7553 = LINE('',#7554,#7555);
#7554 = CARTESIAN_POINT('',(0.2,-7.45956593023E-27));
#7555 = VECTOR('',#7556,1.);
#7556 = DIRECTION('',(0.,1.));
#7557 = ( GEOMETRIC_REPRESENTATION_CONTEXT(2) 
PARAMETRIC_REPRESENTATION_CONTEXT() REPRESENTATION_CONTEXT('2D SPACE',''
  ) );
#7558 = PCURVE('',#5572,#7559);
#7559 = DEFINITIONAL_REPRESENTATION('',(#7560),#7564);
#7560 = LINE('',#7561,#7562);
#7561 = CARTESIAN_POINT('',(9.00000062368,7.4995759189E-27));
#7562 = VECTOR('',#7563,1.);
#7563 = DIRECTION('',(-4.445553988577E-30,1.));
#7564 = ( GEOMETRIC_REPRESENTATION_CONTEXT(2) 
PARAMETRIC_REPRESENTATION_CONTEXT() REPRESENTATION_CONTEXT('2D SPACE',''
  ) );
#7565 = ADVANCED_FACE('',(#7566),#5572,.T.);
#7566 = FACE_BOUND('',#7567,.T.);
#7567 = EDGE_LOOP('',(#7568,#7569,#7592,#7613));
#7568 = ORIENTED_EDGE('',*,*,#7545,.T.);
#7569 = ORIENTED_EDGE('',*,*,#7570,.F.);
#7570 = EDGE_CURVE('',#7571,#7513,#7573,.T.);
#7571 = VERTEX_POINT('',#7572);
#7572 = CARTESIAN_POINT('',(25.,-40.00000010647,-1.8));
#7573 = SURFACE_CURVE('',#7574,(#7578,#7585),.PCURVE_S1.);
#7574 = LINE('',#7575,#7576);
#7575 = CARTESIAN_POINT('',(25.,-49.25000005323,-1.8));
#7576 = VECTOR('',#7577,1.);
#7577 = DIRECTION('',(1.200241111157E-16,-1.,0.));
#7578 = PCURVE('',#5572,#7579);
#7579 = DEFINITIONAL_REPRESENTATION('',(#7580),#7584);
#7580 = LINE('',#7581,#7582);
#7581 = CARTESIAN_POINT('',(9.24999994676,1.8));
#7582 = VECTOR('',#7583,1.);
#7583 = DIRECTION('',(1.,4.445553988577E-30));
#7584 = ( GEOMETRIC_REPRESENTATION_CONTEXT(2) 
PARAMETRIC_REPRESENTATION_CONTEXT() REPRESENTATION_CONTEXT('2D SPACE',''
  ) );
#7585 = PCURVE('',#7533,#7586);
#7586 = DEFINITIONAL_REPRESENTATION('',(#7587),#7591);
#7587 = LINE('',#7588,#7589);
#7588 = CARTESIAN_POINT('',(7.068583470577,0.));
#7589 = VECTOR('',#7590,1.);
#7590 = DIRECTION('',(0.,-1.));
#7591 = ( GEOMETRIC_REPRESENTATION_CONTEXT(2) 
PARAMETRIC_REPRESENTATION_CONTEXT() REPRESENTATION_CONTEXT('2D SPACE',''
  ) );
#7592 = ORIENTED_EDGE('',*,*,#7593,.F.);
#7593 = EDGE_CURVE('',#5557,#7571,#7594,.T.);
#7594 = SURFACE_CURVE('',#7595,(#7599,#7606),.PCURVE_S1.);
#7595 = LINE('',#7596,#7597);
#7596 = CARTESIAN_POINT('',(25.,-40.00000010647,1.491913186046E-26));
#7597 = VECTOR('',#7598,1.);
#7598 = DIRECTION('',(0.,0.,-1.));
#7599 = PCURVE('',#5572,#7600);
#7600 = DEFINITIONAL_REPRESENTATION('',(#7601),#7605);
#7601 = LINE('',#7602,#7603);
#7602 = CARTESIAN_POINT('',(0.,0.));
#7603 = VECTOR('',#7604,1.);
#7604 = DIRECTION('',(-4.445553988577E-30,1.));
#7605 = ( GEOMETRIC_REPRESENTATION_CONTEXT(2) 
PARAMETRIC_REPRESENTATION_CONTEXT() REPRESENTATION_CONTEXT('2D SPACE',''
  ) );
#7606 = PCURVE('',#5652,#7607);
#7607 = DEFINITIONAL_REPRESENTATION('',(#7608),#7612);
#7608 = LINE('',#7609,#7610);
#7609 = CARTESIAN_POINT('',(4.712389228832,0.));
#7610 = VECTOR('',#7611,1.);
#7611 = DIRECTION('',(0.,1.));
#7612 = ( GEOMETRIC_REPRESENTATION_CONTEXT(2) 
PARAMETRIC_REPRESENTATION_CONTEXT() REPRESENTATION_CONTEXT('2D SPACE',''
  ) );
#7613 = ORIENTED_EDGE('',*,*,#5556,.F.);
#7614 = ADVANCED_FACE('',(#7615),#5652,.F.);
#7615 = FACE_BOUND('',#7616,.F.);
#7616 = EDGE_LOOP('',(#7617,#7640,#7667,#7668));
#7617 = ORIENTED_EDGE('',*,*,#7618,.T.);
#7618 = EDGE_CURVE('',#5612,#7619,#7621,.T.);
#7619 = VERTEX_POINT('',#7620);
#7620 = CARTESIAN_POINT('',(28.,-37.,-1.8));
#7621 = SURFACE_CURVE('',#7622,(#7626,#7633),.PCURVE_S1.);
#7622 = LINE('',#7623,#7624);
#7623 = CARTESIAN_POINT('',(28.,-37.,1.653587828221E-26));
#7624 = VECTOR('',#7625,1.);
#7625 = DIRECTION('',(0.,0.,-1.));
#7626 = PCURVE('',#5652,#7627);
#7627 = DEFINITIONAL_REPRESENTATION('',(#7628),#7632);
#7628 = LINE('',#7629,#7630);
#7629 = CARTESIAN_POINT('',(6.28318530718,0.));
#7630 = VECTOR('',#7631,1.);
#7631 = DIRECTION('',(0.,1.));
#7632 = ( GEOMETRIC_REPRESENTATION_CONTEXT(2) 
PARAMETRIC_REPRESENTATION_CONTEXT() REPRESENTATION_CONTEXT('2D SPACE',''
  ) );
#7633 = PCURVE('',#5707,#7634);
#7634 = DEFINITIONAL_REPRESENTATION('',(#7635),#7639);
#7635 = LINE('',#7636,#7637);
#7636 = CARTESIAN_POINT('',(36.999999893522,7.874893795548E-39));
#7637 = VECTOR('',#7638,1.);
#7638 = DIRECTION('',(5.657438522522E-28,1.));
#7639 = ( GEOMETRIC_REPRESENTATION_CONTEXT(2) 
PARAMETRIC_REPRESENTATION_CONTEXT() REPRESENTATION_CONTEXT('2D SPACE',''
  ) );
#7640 = ORIENTED_EDGE('',*,*,#7641,.T.);
#7641 = EDGE_CURVE('',#7619,#7571,#7642,.T.);
#7642 = SURFACE_CURVE('',#7643,(#7648,#7655),.PCURVE_S1.);
#7643 = CIRCLE('',#7644,3.00000042591);
#7644 = AXIS2_PLACEMENT_3D('',#7645,#7646,#7647);
#7645 = CARTESIAN_POINT('',(28.00000042591,-40.00000042591,-1.8));
#7646 = DIRECTION('',(0.,0.,1.));
#7647 = DIRECTION('',(-0.707106793735,0.707106768638,0.));
#7648 = PCURVE('',#5652,#7649);
#7649 = DEFINITIONAL_REPRESENTATION('',(#7650),#7654);
#7650 = LINE('',#7651,#7652);
#7651 = CARTESIAN_POINT('',(11.780972575185,1.8));
#7652 = VECTOR('',#7653,1.);
#7653 = DIRECTION('',(-1.,0.));
#7654 = ( GEOMETRIC_REPRESENTATION_CONTEXT(2) 
PARAMETRIC_REPRESENTATION_CONTEXT() REPRESENTATION_CONTEXT('2D SPACE',''
  ) );
#7655 = PCURVE('',#7656,#7661);
#7656 = TOROIDAL_SURFACE('',#7657,2.80000042591,0.2);
#7657 = AXIS2_PLACEMENT_3D('',#7658,#7659,#7660);
#7658 = CARTESIAN_POINT('',(28.00000042591,-40.00000042591,-1.8));
#7659 = DIRECTION('',(0.,0.,-1.));
#7660 = DIRECTION('',(-1.,0.,0.));
#7661 = DEFINITIONAL_REPRESENTATION('',(#7662),#7666);
#7662 = LINE('',#7663,#7664);
#7663 = CARTESIAN_POINT('',(7.068583452831,0.));
#7664 = VECTOR('',#7665,1.);
#7665 = DIRECTION('',(-1.,0.));
#7666 = ( GEOMETRIC_REPRESENTATION_CONTEXT(2) 
PARAMETRIC_REPRESENTATION_CONTEXT() REPRESENTATION_CONTEXT('2D SPACE',''
  ) );
#7667 = ORIENTED_EDGE('',*,*,#7593,.F.);
#7668 = ORIENTED_EDGE('',*,*,#5637,.T.);
#7669 = ADVANCED_FACE('',(#7670),#5707,.T.);
#7670 = FACE_BOUND('',#7671,.T.);
#7671 = EDGE_LOOP('',(#7672,#7673,#7674,#7702));
#7672 = ORIENTED_EDGE('',*,*,#5693,.F.);
#7673 = ORIENTED_EDGE('',*,*,#7618,.T.);
#7674 = ORIENTED_EDGE('',*,*,#7675,.F.);
#7675 = EDGE_CURVE('',#7676,#7619,#7678,.T.);
#7676 = VERTEX_POINT('',#7677);
#7677 = CARTESIAN_POINT('',(42.468871125851,-37.,-1.8));
#7678 = SURFACE_CURVE('',#7679,(#7683,#7690),.PCURVE_S1.);
#7679 = LINE('',#7680,#7681);
#7680 = CARTESIAN_POINT('',(55.749999946761,-37.,-1.8));
#7681 = VECTOR('',#7682,1.);
#7682 = DIRECTION('',(-1.,6.001205555784E-16,0.));
#7683 = PCURVE('',#5707,#7684);
#7684 = DEFINITIONAL_REPRESENTATION('',(#7685),#7689);
#7685 = LINE('',#7686,#7687);
#7686 = CARTESIAN_POINT('',(9.249999946761,1.8));
#7687 = VECTOR('',#7688,1.);
#7688 = DIRECTION('',(1.,-5.657438522522E-28));
#7689 = ( GEOMETRIC_REPRESENTATION_CONTEXT(2) 
PARAMETRIC_REPRESENTATION_CONTEXT() REPRESENTATION_CONTEXT('2D SPACE',''
  ) );
#7690 = PCURVE('',#7691,#7696);
#7691 = CYLINDRICAL_SURFACE('',#7692,0.2);
#7692 = AXIS2_PLACEMENT_3D('',#7693,#7694,#7695);
#7693 = CARTESIAN_POINT('',(55.749999946761,-37.2,-1.8));
#7694 = DIRECTION('',(1.,-6.001205555784E-16,0.));
#7695 = DIRECTION('',(4.243493143789E-16,0.707106781187,-0.707106781187)
  );
#7696 = DEFINITIONAL_REPRESENTATION('',(#7697),#7701);
#7697 = LINE('',#7698,#7699);
#7698 = CARTESIAN_POINT('',(7.068583470577,0.));
#7699 = VECTOR('',#7700,1.);
#7700 = DIRECTION('',(-8.670697298457E-16,-1.));
#7701 = ( GEOMETRIC_REPRESENTATION_CONTEXT(2) 
PARAMETRIC_REPRESENTATION_CONTEXT() REPRESENTATION_CONTEXT('2D SPACE',''
  ) );
#7702 = ORIENTED_EDGE('',*,*,#7703,.F.);
#7703 = EDGE_CURVE('',#5668,#7676,#7704,.T.);
#7704 = SURFACE_CURVE('',#7705,(#7709,#7716),.PCURVE_S1.);
#7705 = LINE('',#7706,#7707);
#7706 = CARTESIAN_POINT('',(42.468871125851,-37.,-3.));
#7707 = VECTOR('',#7708,1.);
#7708 = DIRECTION('',(0.,0.,-1.));
#7709 = PCURVE('',#5707,#7710);
#7710 = DEFINITIONAL_REPRESENTATION('',(#7711),#7715);
#7711 = LINE('',#7712,#7713);
#7712 = CARTESIAN_POINT('',(22.531128767671,3.));
#7713 = VECTOR('',#7714,1.);
#7714 = DIRECTION('',(5.657438522522E-28,1.));
#7715 = ( GEOMETRIC_REPRESENTATION_CONTEXT(2) 
PARAMETRIC_REPRESENTATION_CONTEXT() REPRESENTATION_CONTEXT('2D SPACE',''
  ) );
#7716 = PCURVE('',#5740,#7717);
#7717 = DEFINITIONAL_REPRESENTATION('',(#7718),#7722);
#7718 = LINE('',#7719,#7720);
#7719 = CARTESIAN_POINT('',(7.298860466418,0.));
#7720 = VECTOR('',#7721,1.);
#7721 = DIRECTION('',(0.,-1.));
#7722 = ( GEOMETRIC_REPRESENTATION_CONTEXT(2) 
PARAMETRIC_REPRESENTATION_CONTEXT() REPRESENTATION_CONTEXT('2D SPACE',''
  ) );
#7723 = ADVANCED_FACE('',(#7724),#5740,.F.);
#7724 = FACE_BOUND('',#7725,.F.);
#7725 = EDGE_LOOP('',(#7726,#7727,#7754,#7755));
#7726 = ORIENTED_EDGE('',*,*,#7321,.F.);
#7727 = ORIENTED_EDGE('',*,*,#7728,.T.);
#7728 = EDGE_CURVE('',#7322,#7676,#7729,.T.);
#7729 = SURFACE_CURVE('',#7730,(#7735,#7742),.PCURVE_S1.);
#7730 = CIRCLE('',#7731,1.);
#7731 = AXIS2_PLACEMENT_3D('',#7732,#7733,#7734);
#7732 = CARTESIAN_POINT('',(42.468871125851,-38.,-1.8));
#7733 = DIRECTION('',(0.,-0.,1.));
#7734 = DIRECTION('',(0.849836585599,0.527046276695,0.));
#7735 = PCURVE('',#5740,#7736);
#7736 = DEFINITIONAL_REPRESENTATION('',(#7737),#7741);
#7737 = LINE('',#7738,#7739);
#7738 = CARTESIAN_POINT('',(1.7763568394E-15,1.2));
#7739 = VECTOR('',#7740,1.);
#7740 = DIRECTION('',(1.,0.));
#7741 = ( GEOMETRIC_REPRESENTATION_CONTEXT(2) 
PARAMETRIC_REPRESENTATION_CONTEXT() REPRESENTATION_CONTEXT('2D SPACE',''
  ) );
#7742 = PCURVE('',#7743,#7748);
#7743 = TOROIDAL_SURFACE('',#7744,0.8,0.2);
#7744 = AXIS2_PLACEMENT_3D('',#7745,#7746,#7747);
#7745 = CARTESIAN_POINT('',(42.468871125851,-38.,-1.8));
#7746 = DIRECTION('',(0.,0.,1.));
#7747 = DIRECTION('',(1.,0.,0.));
#7748 = DEFINITIONAL_REPRESENTATION('',(#7749),#7753);
#7749 = LINE('',#7750,#7751);
#7750 = CARTESIAN_POINT('',(-5.728064139623,6.28318530718));
#7751 = VECTOR('',#7752,1.);
#7752 = DIRECTION('',(1.,0.));
#7753 = ( GEOMETRIC_REPRESENTATION_CONTEXT(2) 
PARAMETRIC_REPRESENTATION_CONTEXT() REPRESENTATION_CONTEXT('2D SPACE',''
  ) );
#7754 = ORIENTED_EDGE('',*,*,#7703,.F.);
#7755 = ORIENTED_EDGE('',*,*,#5725,.T.);
#7756 = ADVANCED_FACE('',(#7757),#5796,.T.);
#7757 = FACE_BOUND('',#7758,.T.);
#7758 = EDGE_LOOP('',(#7759,#7782,#7783,#7806));
#7759 = ORIENTED_EDGE('',*,*,#7760,.T.);
#7760 = EDGE_CURVE('',#7761,#5781,#7763,.T.);
#7761 = VERTEX_POINT('',#7762);
#7762 = CARTESIAN_POINT('',(68.,-49.00000073015,-1.8));
#7763 = SURFACE_CURVE('',#7764,(#7768,#7775),.PCURVE_S1.);
#7764 = LINE('',#7765,#7766);
#7765 = CARTESIAN_POINT('',(68.,-49.00000073015,1.997644711649E-26));
#7766 = VECTOR('',#7767,1.);
#7767 = DIRECTION('',(0.,0.,1.));
#7768 = PCURVE('',#5796,#7769);
#7769 = DEFINITIONAL_REPRESENTATION('',(#7770),#7774);
#7770 = LINE('',#7771,#7772);
#7771 = CARTESIAN_POINT('',(27.99999916337,1.985197160854E-26));
#7772 = VECTOR('',#7773,1.);
#7773 = DIRECTION('',(-4.445553988577E-30,-1.));
#7774 = ( GEOMETRIC_REPRESENTATION_CONTEXT(2) 
PARAMETRIC_REPRESENTATION_CONTEXT() REPRESENTATION_CONTEXT('2D SPACE',''
  ) );
#7775 = PCURVE('',#5895,#7776);
#7776 = DEFINITIONAL_REPRESENTATION('',(#7777),#7781);
#7777 = LINE('',#7778,#7779);
#7778 = CARTESIAN_POINT('',(20.499999292195,-1.997644711649E-26));
#7779 = VECTOR('',#7780,1.);
#7780 = DIRECTION('',(0.,-1.));
#7781 = ( GEOMETRIC_REPRESENTATION_CONTEXT(2) 
PARAMETRIC_REPRESENTATION_CONTEXT() REPRESENTATION_CONTEXT('2D SPACE',''
  ) );
#7782 = ORIENTED_EDGE('',*,*,#5780,.F.);
#7783 = ORIENTED_EDGE('',*,*,#7784,.T.);
#7784 = EDGE_CURVE('',#5757,#7785,#7787,.T.);
#7785 = VERTEX_POINT('',#7786);
#7786 = CARTESIAN_POINT('',(68.,-40.,-1.8));
#7787 = SURFACE_CURVE('',#7788,(#7792,#7799),.PCURVE_S1.);
#7788 = LINE('',#7789,#7790);
#7789 = CARTESIAN_POINT('',(68.,-40.,3.978840873588E-26));
#7790 = VECTOR('',#7791,1.);
#7791 = DIRECTION('',(0.,0.,-1.));
#7792 = PCURVE('',#5796,#7793);
#7793 = DEFINITIONAL_REPRESENTATION('',(#7794),#7798);
#7794 = LINE('',#7795,#7796);
#7795 = CARTESIAN_POINT('',(36.99999989352,6.013095024683E-39));
#7796 = VECTOR('',#7797,1.);
#7797 = DIRECTION('',(4.445553988577E-30,1.));
#7798 = ( GEOMETRIC_REPRESENTATION_CONTEXT(2) 
PARAMETRIC_REPRESENTATION_CONTEXT() REPRESENTATION_CONTEXT('2D SPACE',''
  ) );
#7799 = PCURVE('',#6314,#7800);
#7800 = DEFINITIONAL_REPRESENTATION('',(#7801),#7805);
#7801 = LINE('',#7802,#7803);
#7802 = CARTESIAN_POINT('',(6.28318530718,0.));
#7803 = VECTOR('',#7804,1.);
#7804 = DIRECTION('',(0.,1.));
#7805 = ( GEOMETRIC_REPRESENTATION_CONTEXT(2) 
PARAMETRIC_REPRESENTATION_CONTEXT() REPRESENTATION_CONTEXT('2D SPACE',''
  ) );
#7806 = ORIENTED_EDGE('',*,*,#7807,.F.);
#7807 = EDGE_CURVE('',#7761,#7785,#7808,.T.);
#7808 = SURFACE_CURVE('',#7809,(#7813,#7820),.PCURVE_S1.);
#7809 = LINE('',#7810,#7811);
#7810 = CARTESIAN_POINT('',(68.,-67.74999994676,-1.8));
#7811 = VECTOR('',#7812,1.);
#7812 = DIRECTION('',(-2.400482222314E-16,1.,0.));
#7813 = PCURVE('',#5796,#7814);
#7814 = DEFINITIONAL_REPRESENTATION('',(#7815),#7819);
#7815 = LINE('',#7816,#7817);
#7816 = CARTESIAN_POINT('',(9.24999994676,1.8));
#7817 = VECTOR('',#7818,1.);
#7818 = DIRECTION('',(1.,-4.445553988577E-30));
#7819 = ( GEOMETRIC_REPRESENTATION_CONTEXT(2) 
PARAMETRIC_REPRESENTATION_CONTEXT() REPRESENTATION_CONTEXT('2D SPACE',''
  ) );
#7820 = PCURVE('',#7821,#7826);
#7821 = CYLINDRICAL_SURFACE('',#7822,0.2);
#7822 = AXIS2_PLACEMENT_3D('',#7823,#7824,#7825);
#7823 = CARTESIAN_POINT('',(67.8,-67.74999994676,-1.8));
#7824 = DIRECTION('',(2.400482222314E-16,-1.,0.));
#7825 = DIRECTION('',(0.707106781187,1.697397257516E-16,-0.707106781187)
  );
#7826 = DEFINITIONAL_REPRESENTATION('',(#7827),#7831);
#7827 = LINE('',#7828,#7829);
#7828 = CARTESIAN_POINT('',(7.068583470577,0.));
#7829 = VECTOR('',#7830,1.);
#7830 = DIRECTION('',(0.,-1.));
#7831 = ( GEOMETRIC_REPRESENTATION_CONTEXT(2) 
PARAMETRIC_REPRESENTATION_CONTEXT() REPRESENTATION_CONTEXT('2D SPACE',''
  ) );
#7832 = ADVANCED_FACE('',(#7833),#5895,.T.);
#7833 = FACE_BOUND('',#7834,.T.);
#7834 = EDGE_LOOP('',(#7835,#7836,#7837,#7865,#7893));
#7835 = ORIENTED_EDGE('',*,*,#5879,.F.);
#7836 = ORIENTED_EDGE('',*,*,#7760,.F.);
#7837 = ORIENTED_EDGE('',*,*,#7838,.F.);
#7838 = EDGE_CURVE('',#7839,#7761,#7841,.T.);
#7839 = VERTEX_POINT('',#7840);
#7840 = CARTESIAN_POINT('',(67.8,-49.00000073015,-2.));
#7841 = SURFACE_CURVE('',#7842,(#7847,#7858),.PCURVE_S1.);
#7842 = CIRCLE('',#7843,0.2);
#7843 = AXIS2_PLACEMENT_3D('',#7844,#7845,#7846);
#7844 = CARTESIAN_POINT('',(67.8,-49.00000073015,-1.8));
#7845 = DIRECTION('',(0.,-1.,0.));
#7846 = DIRECTION('',(0.707106781187,0.,-0.707106781187));
#7847 = PCURVE('',#5895,#7848);
#7848 = DEFINITIONAL_REPRESENTATION('',(#7849),#7857);
#7849 = ( BOUNDED_CURVE() B_SPLINE_CURVE(2,(#7850,#7851,#7852,#7853,
#7854,#7855,#7856),.UNSPECIFIED.,.T.,.F.) B_SPLINE_CURVE_WITH_KNOTS((1,2
    ,2,2,2,1),(-2.094395102393,0.,2.094395102393,4.188790204786,
6.28318530718,8.377580409573),.UNSPECIFIED.) CURVE() 
GEOMETRIC_REPRESENTATION_ITEM() RATIONAL_B_SPLINE_CURVE((1.,0.5,1.,0.5,
1.,0.5,1.)) REPRESENTATION_ITEM('') );
#7850 = CARTESIAN_POINT('',(20.441420648432,1.941421356237));
#7851 = CARTESIAN_POINT('',(20.686369622711,1.696472381959));
#7852 = CARTESIAN_POINT('',(20.351763101216,1.606814834742));
#7853 = CARTESIAN_POINT('',(20.01715657972,1.517157287525));
#7854 = CARTESIAN_POINT('',(20.106814126937,1.851763809021));
#7855 = CARTESIAN_POINT('',(20.196471674154,2.186370330516));
#7856 = CARTESIAN_POINT('',(20.441420648432,1.941421356237));
#7857 = ( GEOMETRIC_REPRESENTATION_CONTEXT(2) 
PARAMETRIC_REPRESENTATION_CONTEXT() REPRESENTATION_CONTEXT('2D SPACE',''
  ) );
#7858 = PCURVE('',#7821,#7859);
#7859 = DEFINITIONAL_REPRESENTATION('',(#7860),#7864);
#7860 = LINE('',#7861,#7862);
#7861 = CARTESIAN_POINT('',(0.,-18.7499992166));
#7862 = VECTOR('',#7863,1.);
#7863 = DIRECTION('',(1.,0.));
#7864 = ( GEOMETRIC_REPRESENTATION_CONTEXT(2) 
PARAMETRIC_REPRESENTATION_CONTEXT() REPRESENTATION_CONTEXT('2D SPACE',''
  ) );
#7865 = ORIENTED_EDGE('',*,*,#7866,.F.);
#7866 = EDGE_CURVE('',#7867,#7839,#7869,.T.);
#7867 = VERTEX_POINT('',#7868);
#7868 = CARTESIAN_POINT('',(47.500000707805,-49.00000073015,-2.));
#7869 = SURFACE_CURVE('',#7870,(#7874,#7881),.PCURVE_S1.);
#7870 = LINE('',#7871,#7872);
#7871 = CARTESIAN_POINT('',(47.000000353903,-49.00000073015,-2.));
#7872 = VECTOR('',#7873,1.);
#7873 = DIRECTION('',(1.,0.,0.));
#7874 = PCURVE('',#5895,#7875);
#7875 = DEFINITIONAL_REPRESENTATION('',(#7876),#7880);
#7876 = LINE('',#7877,#7878);
#7877 = CARTESIAN_POINT('',(-0.500000353902,2.));
#7878 = VECTOR('',#7879,1.);
#7879 = DIRECTION('',(1.,0.));
#7880 = ( GEOMETRIC_REPRESENTATION_CONTEXT(2) 
PARAMETRIC_REPRESENTATION_CONTEXT() REPRESENTATION_CONTEXT('2D SPACE',''
  ) );
#7881 = PCURVE('',#7882,#7887);
#7882 = PLANE('',#7883);
#7883 = AXIS2_PLACEMENT_3D('',#7884,#7885,#7886);
#7884 = CARTESIAN_POINT('',(46.5,-58.5,-2.));
#7885 = DIRECTION('',(0.,0.,-1.));
#7886 = DIRECTION('',(1.,0.,0.));
#7887 = DEFINITIONAL_REPRESENTATION('',(#7888),#7892);
#7888 = LINE('',#7889,#7890);
#7889 = CARTESIAN_POINT('',(0.500000353903,-9.49999926985));
#7890 = VECTOR('',#7891,1.);
#7891 = DIRECTION('',(1.,0.));
#7892 = ( GEOMETRIC_REPRESENTATION_CONTEXT(2) 
PARAMETRIC_REPRESENTATION_CONTEXT() REPRESENTATION_CONTEXT('2D SPACE',''
  ) );
#7893 = ORIENTED_EDGE('',*,*,#7894,.F.);
#7894 = EDGE_CURVE('',#5880,#7867,#7895,.T.);
#7895 = SURFACE_CURVE('',#7896,(#7900,#7907),.PCURVE_S1.);
#7896 = LINE('',#7897,#7898);
#7897 = CARTESIAN_POINT('',(47.500000707805,-49.00000073015,0.));
#7898 = VECTOR('',#7899,1.);
#7899 = DIRECTION('',(0.,0.,-1.));
#7900 = PCURVE('',#5895,#7901);
#7901 = DEFINITIONAL_REPRESENTATION('',(#7902),#7906);
#7902 = LINE('',#7903,#7904);
#7903 = CARTESIAN_POINT('',(0.,0.));
#7904 = VECTOR('',#7905,1.);
#7905 = DIRECTION('',(0.,1.));
#7906 = ( GEOMETRIC_REPRESENTATION_CONTEXT(2) 
PARAMETRIC_REPRESENTATION_CONTEXT() REPRESENTATION_CONTEXT('2D SPACE',''
  ) );
#7907 = PCURVE('',#5992,#7908);
#7908 = DEFINITIONAL_REPRESENTATION('',(#7909),#7913);
#7909 = LINE('',#7910,#7911);
#7910 = CARTESIAN_POINT('',(5.85516391652,0.));
#7911 = VECTOR('',#7912,1.);
#7912 = DIRECTION('',(0.,1.));
#7913 = ( GEOMETRIC_REPRESENTATION_CONTEXT(2) 
PARAMETRIC_REPRESENTATION_CONTEXT() REPRESENTATION_CONTEXT('2D SPACE',''
  ) );
#7914 = ADVANCED_FACE('',(#7915),#5992,.T.);
#7915 = FACE_BOUND('',#7916,.T.);
#7916 = EDGE_LOOP('',(#7917,#7918,#7919,#7942,#8006));
#7917 = ORIENTED_EDGE('',*,*,#5976,.F.);
#7918 = ORIENTED_EDGE('',*,*,#7894,.T.);
#7919 = ORIENTED_EDGE('',*,*,#7920,.F.);
#7920 = EDGE_CURVE('',#7921,#7867,#7923,.T.);
#7921 = VERTEX_POINT('',#7922);
#7922 = CARTESIAN_POINT('',(47.500000707805,-43.56230242741,-2.));
#7923 = SURFACE_CURVE('',#7924,(#7928,#7935),.PCURVE_S1.);
#7924 = LINE('',#7925,#7926);
#7925 = CARTESIAN_POINT('',(47.500000707805,-50.82241840681,-2.));
#7926 = VECTOR('',#7927,1.);
#7927 = DIRECTION('',(0.,-1.,0.));
#7928 = PCURVE('',#5992,#7929);
#7929 = DEFINITIONAL_REPRESENTATION('',(#7930),#7934);
#7930 = LINE('',#7931,#7932);
#7931 = CARTESIAN_POINT('',(7.67758159318,2.));
#7932 = VECTOR('',#7933,1.);
#7933 = DIRECTION('',(1.,0.));
#7934 = ( GEOMETRIC_REPRESENTATION_CONTEXT(2) 
PARAMETRIC_REPRESENTATION_CONTEXT() REPRESENTATION_CONTEXT('2D SPACE',''
  ) );
#7935 = PCURVE('',#7882,#7936);
#7936 = DEFINITIONAL_REPRESENTATION('',(#7937),#7941);
#7937 = LINE('',#7938,#7939);
#7938 = CARTESIAN_POINT('',(1.000000707805,-7.67758159319));
#7939 = VECTOR('',#7940,1.);
#7940 = DIRECTION('',(0.,1.));
#7941 = ( GEOMETRIC_REPRESENTATION_CONTEXT(2) 
PARAMETRIC_REPRESENTATION_CONTEXT() REPRESENTATION_CONTEXT('2D SPACE',''
  ) );
#7942 = ORIENTED_EDGE('',*,*,#7943,.F.);
#7943 = EDGE_CURVE('',#7944,#7921,#7946,.T.);
#7944 = VERTEX_POINT('',#7945);
#7945 = CARTESIAN_POINT('',(47.500000707805,-43.35410175522,-1.8));
#7946 = SURFACE_CURVE('',#7947,(#7958,#7972),.PCURVE_S1.);
#7947 = B_SPLINE_CURVE_WITH_KNOTS('',3,(#7948,#7949,#7950,#7951,#7952,
    #7953,#7954,#7955,#7956,#7957),.UNSPECIFIED.,.F.,.F.,(4,2,2,2,4),(
    6.039169654938E-02,6.769941817347E-02,7.516836542336E-02,
    8.282346691888E-02,9.061585719378E-02),.UNSPECIFIED.);
#7948 = CARTESIAN_POINT('',(47.500000707805,-43.35410175522,-1.8));
#7949 = CARTESIAN_POINT('',(47.500000707805,-43.35410175522,
    -1.82435907208));
#7950 = CARTESIAN_POINT('',(47.500000707805,-43.35998231344,
    -1.852992335261));
#7951 = CARTESIAN_POINT('',(47.500000707805,-43.37923545144,
    -1.89832915424));
#7952 = CARTESIAN_POINT('',(47.500000707805,-43.39619944225,
    -1.922921547046));
#7953 = CARTESIAN_POINT('',(47.500000707805,-43.43229656277,
    -1.9581141379));
#7954 = CARTESIAN_POINT('',(47.500000707805,-43.45799241964,
    -1.97476743194));
#7955 = CARTESIAN_POINT('',(47.500000707805,-43.50572598314,
    -1.994077942703));
#7956 = CARTESIAN_POINT('',(47.500000707805,-43.53632779316,-2.));
#7957 = CARTESIAN_POINT('',(47.500000707805,-43.56230242741,-2.));
#7958 = PCURVE('',#5992,#7959);
#7959 = DEFINITIONAL_REPRESENTATION('',(#7960),#7971);
#7960 = B_SPLINE_CURVE_WITH_KNOTS('',3,(#7961,#7962,#7963,#7964,#7965,
    #7966,#7967,#7968,#7969,#7970),.UNSPECIFIED.,.F.,.F.,(4,2,2,2,4),(
    6.039169654938E-02,6.769941817347E-02,7.516836542336E-02,
    8.282346691888E-02,9.061585719378E-02),.UNSPECIFIED.);
#7961 = CARTESIAN_POINT('',(0.20926494159,1.8));
#7962 = CARTESIAN_POINT('',(0.20926494159,1.82435907208));
#7963 = CARTESIAN_POINT('',(0.21514549981,1.852992335261));
#7964 = CARTESIAN_POINT('',(0.23439863781,1.89832915424));
#7965 = CARTESIAN_POINT('',(0.25136262862,1.922921547046));
#7966 = CARTESIAN_POINT('',(0.28745974914,1.9581141379));
#7967 = CARTESIAN_POINT('',(0.31315560601,1.97476743194));
#7968 = CARTESIAN_POINT('',(0.36088916951,1.994077942703));
#7969 = CARTESIAN_POINT('',(0.39149097953,2.));
#7970 = CARTESIAN_POINT('',(0.41746561378,2.));
#7971 = ( GEOMETRIC_REPRESENTATION_CONTEXT(2) 
PARAMETRIC_REPRESENTATION_CONTEXT() REPRESENTATION_CONTEXT('2D SPACE',''
  ) );
#7972 = PCURVE('',#7973,#7978);
#7973 = TOROIDAL_SURFACE('',#7974,3.7,0.2);
#7974 = AXIS2_PLACEMENT_3D('',#7975,#7976,#7977);
#7975 = CARTESIAN_POINT('',(46.5,-40.,-1.8));
#7976 = DIRECTION('',(0.,0.,-1.));
#7977 = DIRECTION('',(0.913787231565,-0.406193175014,0.));
#7978 = DEFINITIONAL_REPRESENTATION('',(#7979),#8005);
#7979 = B_SPLINE_CURVE_WITH_KNOTS('',3,(#7980,#7981,#7982,#7983,#7984,
    #7985,#7986,#7987,#7988,#7989,#7990,#7991,#7992,#7993,#7994,#7995,
    #7996,#7997,#7998,#7999,#8000,#8001,#8002,#8003,#8004),
  .UNSPECIFIED.,.F.,.F.,(4,1,1,1,1,1,1,1,1,1,1,1,1,1,1,1,1,1,1,1,1,1,4),
  (6.039169654938E-02,6.176552203322E-02,6.313934751705E-02,
    6.451317300089E-02,6.588699848473E-02,6.726082396856E-02,
    6.86346494524E-02,7.000847493623E-02,7.138230042007E-02,
    7.275612590391E-02,7.412995138774E-02,7.550377687158E-02,
    7.687760235542E-02,7.825142783925E-02,7.962525332309E-02,
    8.099907880693E-02,8.237290429076E-02,8.37467297746E-02,
    8.512055525843E-02,8.649438074227E-02,8.786820622611E-02,
    8.924203170994E-02,9.061585719378E-02),.QUASI_UNIFORM_KNOTS.);
#7980 = CARTESIAN_POINT('',(7.145945522161,3.14159265359));
#7981 = CARTESIAN_POINT('',(7.145945509567,3.118708267229));
#7982 = CARTESIAN_POINT('',(7.145979461625,3.071379449694));
#7983 = CARTESIAN_POINT('',(7.146124804605,2.997481541002));
#7984 = CARTESIAN_POINT('',(7.146356948829,2.922432950511));
#7985 = CARTESIAN_POINT('',(7.146668619444,2.848062758931));
#7986 = CARTESIAN_POINT('',(7.14705059171,2.776374207754));
#7987 = CARTESIAN_POINT('',(7.147500662135,2.708381131249));
#7988 = CARTESIAN_POINT('',(7.148064666704,2.635632518402));
#7989 = CARTESIAN_POINT('',(7.14870975419,2.561631997317));
#7990 = CARTESIAN_POINT('',(7.149417719892,2.487743324893));
#7991 = CARTESIAN_POINT('',(7.150173845762,2.415310478921));
#7992 = CARTESIAN_POINT('',(7.150936423803,2.347951437238));
#7993 = CARTESIAN_POINT('',(7.151787911929,2.278118727717));
#7994 = CARTESIAN_POINT('',(7.152718096861,2.205642738937));
#7995 = CARTESIAN_POINT('',(7.153695301458,2.13253315788));
#7996 = CARTESIAN_POINT('',(7.154695076843,2.060267226147));
#7997 = CARTESIAN_POINT('',(7.155689254875,1.99060962928));
#7998 = CARTESIAN_POINT('',(7.156661395219,1.924484878887));
#7999 = CARTESIAN_POINT('',(7.15772070982,1.853782906769));
#8000 = CARTESIAN_POINT('',(7.158811709979,1.781715580679));
#8001 = CARTESIAN_POINT('',(7.15991339215,1.709332298666));
#8002 = CARTESIAN_POINT('',(7.160996500856,1.638320645003));
#8003 = CARTESIAN_POINT('',(7.1616890544,1.592830790264));
#8004 = CARTESIAN_POINT('',(7.162023498212,1.570796326834));
#8005 = ( GEOMETRIC_REPRESENTATION_CONTEXT(2) 
PARAMETRIC_REPRESENTATION_CONTEXT() REPRESENTATION_CONTEXT('2D SPACE',''
  ) );
#8006 = ORIENTED_EDGE('',*,*,#8007,.F.);
#8007 = EDGE_CURVE('',#5977,#7944,#8008,.T.);
#8008 = SURFACE_CURVE('',#8009,(#8013,#8020),.PCURVE_S1.);
#8009 = LINE('',#8010,#8011);
#8010 = CARTESIAN_POINT('',(47.500000707805,-43.35410175522,-3.));
#8011 = VECTOR('',#8012,1.);
#8012 = DIRECTION('',(0.,0.,-1.));
#8013 = PCURVE('',#5992,#8014);
#8014 = DEFINITIONAL_REPRESENTATION('',(#8015),#8019);
#8015 = LINE('',#8016,#8017);
#8016 = CARTESIAN_POINT('',(0.20926494159,3.));
#8017 = VECTOR('',#8018,1.);
#8018 = DIRECTION('',(0.,1.));
#8019 = ( GEOMETRIC_REPRESENTATION_CONTEXT(2) 
PARAMETRIC_REPRESENTATION_CONTEXT() REPRESENTATION_CONTEXT('2D SPACE',''
  ) );
#8020 = PCURVE('',#6146,#8021);
#8021 = DEFINITIONAL_REPRESENTATION('',(#8022),#8026);
#8022 = LINE('',#8023,#8024);
#8023 = CARTESIAN_POINT('',(5.002140892847,0.));
#8024 = VECTOR('',#8025,1.);
#8025 = DIRECTION('',(0.,-1.));
#8026 = ( GEOMETRIC_REPRESENTATION_CONTEXT(2) 
PARAMETRIC_REPRESENTATION_CONTEXT() REPRESENTATION_CONTEXT('2D SPACE',''
  ) );
#8027 = ADVANCED_FACE('',(#8028),#6146,.T.);
#8028 = FACE_BOUND('',#8029,.T.);
#8029 = EDGE_LOOP('',(#8030,#8031,#8055,#8076));
#8030 = ORIENTED_EDGE('',*,*,#8007,.T.);
#8031 = ORIENTED_EDGE('',*,*,#8032,.F.);
#8032 = EDGE_CURVE('',#8033,#7944,#8035,.T.);
#8033 = VERTEX_POINT('',#8034);
#8034 = CARTESIAN_POINT('',(49.635322457672,-38.44444444444,-1.8));
#8035 = SURFACE_CURVE('',#8036,(#8041,#8048),.PCURVE_S1.);
#8036 = CIRCLE('',#8037,3.5);
#8037 = AXIS2_PLACEMENT_3D('',#8038,#8039,#8040);
#8038 = CARTESIAN_POINT('',(46.5,-40.,-1.8));
#8039 = DIRECTION('',(0.,0.,-1.));
#8040 = DIRECTION('',(0.,-1.,0.));
#8041 = PCURVE('',#6146,#8042);
#8042 = DEFINITIONAL_REPRESENTATION('',(#8043),#8047);
#8043 = LINE('',#8044,#8045);
#8044 = CARTESIAN_POINT('',(10.995574287564,1.2));
#8045 = VECTOR('',#8046,1.);
#8046 = DIRECTION('',(-1.,0.));
#8047 = ( GEOMETRIC_REPRESENTATION_CONTEXT(2) 
PARAMETRIC_REPRESENTATION_CONTEXT() REPRESENTATION_CONTEXT('2D SPACE',''
  ) );
#8048 = PCURVE('',#7973,#8049);
#8049 = DEFINITIONAL_REPRESENTATION('',(#8050),#8054);
#8050 = LINE('',#8051,#8052);
#8051 = CARTESIAN_POINT('',(1.152512127444,3.14159265359));
#8052 = VECTOR('',#8053,1.);
#8053 = DIRECTION('',(1.,2.03991555489E-15));
#8054 = ( GEOMETRIC_REPRESENTATION_CONTEXT(2) 
PARAMETRIC_REPRESENTATION_CONTEXT() REPRESENTATION_CONTEXT('2D SPACE',''
  ) );
#8055 = ORIENTED_EDGE('',*,*,#8056,.F.);
#8056 = EDGE_CURVE('',#6130,#8033,#8057,.T.);
#8057 = SURFACE_CURVE('',#8058,(#8062,#8069),.PCURVE_S1.);
#8058 = LINE('',#8059,#8060);
#8059 = CARTESIAN_POINT('',(49.635322457672,-38.44444444444,-3.));
#8060 = VECTOR('',#8061,1.);
#8061 = DIRECTION('',(0.,0.,-1.));
#8062 = PCURVE('',#6146,#8063);
#8063 = DEFINITIONAL_REPRESENTATION('',(#8064),#8068);
#8064 = LINE('',#8065,#8066);
#8065 = CARTESIAN_POINT('',(6.743739298861,0.));
#8066 = VECTOR('',#8067,1.);
#8067 = DIRECTION('',(0.,-1.));
#8068 = ( GEOMETRIC_REPRESENTATION_CONTEXT(2) 
PARAMETRIC_REPRESENTATION_CONTEXT() REPRESENTATION_CONTEXT('2D SPACE',''
  ) );
#8069 = PCURVE('',#6226,#8070);
#8070 = DEFINITIONAL_REPRESENTATION('',(#8071),#8075);
#8071 = LINE('',#8072,#8073);
#8072 = CARTESIAN_POINT('',(5.267510147942,0.));
#8073 = VECTOR('',#8074,1.);
#8074 = DIRECTION('',(0.,1.));
#8075 = ( GEOMETRIC_REPRESENTATION_CONTEXT(2) 
PARAMETRIC_REPRESENTATION_CONTEXT() REPRESENTATION_CONTEXT('2D SPACE',''
  ) );
#8076 = ORIENTED_EDGE('',*,*,#6129,.F.);
#8077 = ADVANCED_FACE('',(#8078),#6226,.F.);
#8078 = FACE_BOUND('',#8079,.F.);
#8079 = EDGE_LOOP('',(#8080,#8103,#8130,#8131));
#8080 = ORIENTED_EDGE('',*,*,#8081,.F.);
#8081 = EDGE_CURVE('',#8082,#6186,#8084,.T.);
#8082 = VERTEX_POINT('',#8083);
#8083 = CARTESIAN_POINT('',(50.531128874149,-37.,-1.8));
#8084 = SURFACE_CURVE('',#8085,(#8089,#8096),.PCURVE_S1.);
#8085 = LINE('',#8086,#8087);
#8086 = CARTESIAN_POINT('',(50.531128874149,-37.,-3.));
#8087 = VECTOR('',#8088,1.);
#8088 = DIRECTION('',(0.,0.,1.));
#8089 = PCURVE('',#6226,#8090);
#8090 = DEFINITIONAL_REPRESENTATION('',(#8091),#8095);
#8091 = LINE('',#8092,#8093);
#8092 = CARTESIAN_POINT('',(7.298860466418,0.));
#8093 = VECTOR('',#8094,1.);
#8094 = DIRECTION('',(0.,-1.));
#8095 = ( GEOMETRIC_REPRESENTATION_CONTEXT(2) 
PARAMETRIC_REPRESENTATION_CONTEXT() REPRESENTATION_CONTEXT('2D SPACE',''
  ) );
#8096 = PCURVE('',#6281,#8097);
#8097 = DEFINITIONAL_REPRESENTATION('',(#8098),#8102);
#8098 = LINE('',#8099,#8100);
#8099 = CARTESIAN_POINT('',(14.468871019373,3.));
#8100 = VECTOR('',#8101,1.);
#8101 = DIRECTION('',(-5.657438522522E-28,-1.));
#8102 = ( GEOMETRIC_REPRESENTATION_CONTEXT(2) 
PARAMETRIC_REPRESENTATION_CONTEXT() REPRESENTATION_CONTEXT('2D SPACE',''
  ) );
#8103 = ORIENTED_EDGE('',*,*,#8104,.T.);
#8104 = EDGE_CURVE('',#8082,#8033,#8105,.T.);
#8105 = SURFACE_CURVE('',#8106,(#8111,#8118),.PCURVE_S1.);
#8106 = CIRCLE('',#8107,1.);
#8107 = AXIS2_PLACEMENT_3D('',#8108,#8109,#8110);
#8108 = CARTESIAN_POINT('',(50.531128874149,-38.,-1.8));
#8109 = DIRECTION('',(0.,0.,1.));
#8110 = DIRECTION('',(-0.849836585599,0.527046276695,0.));
#8111 = PCURVE('',#6226,#8112);
#8112 = DEFINITIONAL_REPRESENTATION('',(#8113),#8117);
#8113 = LINE('',#8114,#8115);
#8114 = CARTESIAN_POINT('',(12.566370614359,-1.2));
#8115 = VECTOR('',#8116,1.);
#8116 = DIRECTION('',(-1.,0.));
#8117 = ( GEOMETRIC_REPRESENTATION_CONTEXT(2) 
PARAMETRIC_REPRESENTATION_CONTEXT() REPRESENTATION_CONTEXT('2D SPACE',''
  ) );
#8118 = PCURVE('',#8119,#8124);
#8119 = TOROIDAL_SURFACE('',#8120,0.8,0.2);
#8120 = AXIS2_PLACEMENT_3D('',#8121,#8122,#8123);
#8121 = CARTESIAN_POINT('',(50.531128874149,-38.,-1.8));
#8122 = DIRECTION('',(0.,0.,1.));
#8123 = DIRECTION('',(-0.849836585599,0.527046276695,0.));
#8124 = DEFINITIONAL_REPRESENTATION('',(#8125),#8129);
#8125 = LINE('',#8126,#8127);
#8126 = CARTESIAN_POINT('',(-6.28318530718,6.28318530718));
#8127 = VECTOR('',#8128,1.);
#8128 = DIRECTION('',(1.,0.));
#8129 = ( GEOMETRIC_REPRESENTATION_CONTEXT(2) 
PARAMETRIC_REPRESENTATION_CONTEXT() REPRESENTATION_CONTEXT('2D SPACE',''
  ) );
#8130 = ORIENTED_EDGE('',*,*,#8056,.F.);
#8131 = ORIENTED_EDGE('',*,*,#6211,.T.);
#8132 = ADVANCED_FACE('',(#8133),#6281,.T.);
#8133 = FACE_BOUND('',#8134,.T.);
#8134 = EDGE_LOOP('',(#8135,#8136,#8137,#8165));
#8135 = ORIENTED_EDGE('',*,*,#6267,.F.);
#8136 = ORIENTED_EDGE('',*,*,#8081,.F.);
#8137 = ORIENTED_EDGE('',*,*,#8138,.F.);
#8138 = EDGE_CURVE('',#8139,#8082,#8141,.T.);
#8139 = VERTEX_POINT('',#8140);
#8140 = CARTESIAN_POINT('',(64.999999893522,-37.,-1.8));
#8141 = SURFACE_CURVE('',#8142,(#8146,#8153),.PCURVE_S1.);
#8142 = LINE('',#8143,#8144);
#8143 = CARTESIAN_POINT('',(55.749999946761,-37.,-1.8));
#8144 = VECTOR('',#8145,1.);
#8145 = DIRECTION('',(-1.,6.001205555784E-16,0.));
#8146 = PCURVE('',#6281,#8147);
#8147 = DEFINITIONAL_REPRESENTATION('',(#8148),#8152);
#8148 = LINE('',#8149,#8150);
#8149 = CARTESIAN_POINT('',(9.249999946761,1.8));
#8150 = VECTOR('',#8151,1.);
#8151 = DIRECTION('',(1.,-5.657438522522E-28));
#8152 = ( GEOMETRIC_REPRESENTATION_CONTEXT(2) 
PARAMETRIC_REPRESENTATION_CONTEXT() REPRESENTATION_CONTEXT('2D SPACE',''
  ) );
#8153 = PCURVE('',#8154,#8159);
#8154 = CYLINDRICAL_SURFACE('',#8155,0.2);
#8155 = AXIS2_PLACEMENT_3D('',#8156,#8157,#8158);
#8156 = CARTESIAN_POINT('',(55.749999946761,-37.2,-1.8));
#8157 = DIRECTION('',(1.,-6.001205555784E-16,0.));
#8158 = DIRECTION('',(4.243493143789E-16,0.707106781187,-0.707106781187)
  );
#8159 = DEFINITIONAL_REPRESENTATION('',(#8160),#8164);
#8160 = LINE('',#8161,#8162);
#8161 = CARTESIAN_POINT('',(7.068583470577,7.105427357601E-15));
#8162 = VECTOR('',#8163,1.);
#8163 = DIRECTION('',(0.,-1.));
#8164 = ( GEOMETRIC_REPRESENTATION_CONTEXT(2) 
PARAMETRIC_REPRESENTATION_CONTEXT() REPRESENTATION_CONTEXT('2D SPACE',''
  ) );
#8165 = ORIENTED_EDGE('',*,*,#8166,.F.);
#8166 = EDGE_CURVE('',#6242,#8139,#8167,.T.);
#8167 = SURFACE_CURVE('',#8168,(#8172,#8179),.PCURVE_S1.);
#8168 = LINE('',#8169,#8170);
#8169 = CARTESIAN_POINT('',(64.999999893522,-37.,3.746840075531E-26));
#8170 = VECTOR('',#8171,1.);
#8171 = DIRECTION('',(0.,0.,-1.));
#8172 = PCURVE('',#6281,#8173);
#8173 = DEFINITIONAL_REPRESENTATION('',(#8174),#8178);
#8174 = LINE('',#8175,#8176);
#8175 = CARTESIAN_POINT('',(0.,0.));
#8176 = VECTOR('',#8177,1.);
#8177 = DIRECTION('',(5.657438522522E-28,1.));
#8178 = ( GEOMETRIC_REPRESENTATION_CONTEXT(2) 
PARAMETRIC_REPRESENTATION_CONTEXT() REPRESENTATION_CONTEXT('2D SPACE',''
  ) );
#8179 = PCURVE('',#6314,#8180);
#8180 = DEFINITIONAL_REPRESENTATION('',(#8181),#8185);
#8181 = LINE('',#8182,#8183);
#8182 = CARTESIAN_POINT('',(4.712389228832,0.));
#8183 = VECTOR('',#8184,1.);
#8184 = DIRECTION('',(0.,1.));
#8185 = ( GEOMETRIC_REPRESENTATION_CONTEXT(2) 
PARAMETRIC_REPRESENTATION_CONTEXT() REPRESENTATION_CONTEXT('2D SPACE',''
  ) );
#8186 = ADVANCED_FACE('',(#8187),#6314,.F.);
#8187 = FACE_BOUND('',#8188,.F.);
#8188 = EDGE_LOOP('',(#8189,#8190,#8217,#8218));
#8189 = ORIENTED_EDGE('',*,*,#7784,.T.);
#8190 = ORIENTED_EDGE('',*,*,#8191,.T.);
#8191 = EDGE_CURVE('',#7785,#8139,#8192,.T.);
#8192 = SURFACE_CURVE('',#8193,(#8198,#8205),.PCURVE_S1.);
#8193 = CIRCLE('',#8194,3.00000042591);
#8194 = AXIS2_PLACEMENT_3D('',#8195,#8196,#8197);
#8195 = CARTESIAN_POINT('',(64.99999957409,-40.00000042591,-1.8));
#8196 = DIRECTION('',(0.,-0.,1.));
#8197 = DIRECTION('',(0.707106768638,0.707106793735,0.));
#8198 = PCURVE('',#6314,#8199);
#8199 = DEFINITIONAL_REPRESENTATION('',(#8200),#8204);
#8200 = LINE('',#8201,#8202);
#8201 = CARTESIAN_POINT('',(11.780972575185,1.8));
#8202 = VECTOR('',#8203,1.);
#8203 = DIRECTION('',(-1.,0.));
#8204 = ( GEOMETRIC_REPRESENTATION_CONTEXT(2) 
PARAMETRIC_REPRESENTATION_CONTEXT() REPRESENTATION_CONTEXT('2D SPACE',''
  ) );
#8205 = PCURVE('',#8206,#8211);
#8206 = TOROIDAL_SURFACE('',#8207,2.80000042591,0.2);
#8207 = AXIS2_PLACEMENT_3D('',#8208,#8209,#8210);
#8208 = CARTESIAN_POINT('',(64.99999957409,-40.00000042591,-1.8));
#8209 = DIRECTION('',(0.,0.,-1.));
#8210 = DIRECTION('',(-1.,0.,0.));
#8211 = DEFINITIONAL_REPRESENTATION('',(#8212),#8216);
#8212 = LINE('',#8213,#8214);
#8213 = CARTESIAN_POINT('',(8.639379779626,0.));
#8214 = VECTOR('',#8215,1.);
#8215 = DIRECTION('',(-1.,0.));
#8216 = ( GEOMETRIC_REPRESENTATION_CONTEXT(2) 
PARAMETRIC_REPRESENTATION_CONTEXT() REPRESENTATION_CONTEXT('2D SPACE',''
  ) );
#8217 = ORIENTED_EDGE('',*,*,#8166,.F.);
#8218 = ORIENTED_EDGE('',*,*,#6299,.T.);
#8219 = ADVANCED_FACE('',(#8220),#6625,.F.);
#8220 = FACE_BOUND('',#8221,.F.);
#8221 = EDGE_LOOP('',(#8222,#8223,#8247,#8268));
#8222 = ORIENTED_EDGE('',*,*,#6609,.F.);
#8223 = ORIENTED_EDGE('',*,*,#8224,.T.);
#8224 = EDGE_CURVE('',#6610,#8225,#8227,.T.);
#8225 = VERTEX_POINT('',#8226);
#8226 = CARTESIAN_POINT('',(67.8,-54.46887112585,-2.));
#8227 = SURFACE_CURVE('',#8228,(#8233,#8240),.PCURVE_S1.);
#8228 = CIRCLE('',#8229,0.2);
#8229 = AXIS2_PLACEMENT_3D('',#8230,#8231,#8232);
#8230 = CARTESIAN_POINT('',(67.8,-54.46887112585,-1.8));
#8231 = DIRECTION('',(-0.,1.,0.));
#8232 = DIRECTION('',(1.,0.,0.));
#8233 = PCURVE('',#6625,#8234);
#8234 = DEFINITIONAL_REPRESENTATION('',(#8235),#8239);
#8235 = LINE('',#8236,#8237);
#8236 = CARTESIAN_POINT('',(7.068583470577,-13.28112882091));
#8237 = VECTOR('',#8238,1.);
#8238 = DIRECTION('',(-1.,0.));
#8239 = ( GEOMETRIC_REPRESENTATION_CONTEXT(2) 
PARAMETRIC_REPRESENTATION_CONTEXT() REPRESENTATION_CONTEXT('2D SPACE',''
  ) );
#8240 = PCURVE('',#6700,#8241);
#8241 = DEFINITIONAL_REPRESENTATION('',(#8242),#8246);
#8242 = LINE('',#8243,#8244);
#8243 = CARTESIAN_POINT('',(6.28318530718,6.28318530718));
#8244 = VECTOR('',#8245,1.);
#8245 = DIRECTION('',(0.,-1.));
#8246 = ( GEOMETRIC_REPRESENTATION_CONTEXT(2) 
PARAMETRIC_REPRESENTATION_CONTEXT() REPRESENTATION_CONTEXT('2D SPACE',''
  ) );
#8247 = ORIENTED_EDGE('',*,*,#8248,.F.);
#8248 = EDGE_CURVE('',#7240,#8225,#8249,.T.);
#8249 = SURFACE_CURVE('',#8250,(#8254,#8261),.PCURVE_S1.);
#8250 = LINE('',#8251,#8252);
#8251 = CARTESIAN_POINT('',(67.8,-67.74999994676,-2.));
#8252 = VECTOR('',#8253,1.);
#8253 = DIRECTION('',(2.400482222314E-16,-1.,0.));
#8254 = PCURVE('',#6625,#8255);
#8255 = DEFINITIONAL_REPRESENTATION('',(#8256),#8260);
#8256 = LINE('',#8257,#8258);
#8257 = CARTESIAN_POINT('',(5.497787143783,0.));
#8258 = VECTOR('',#8259,1.);
#8259 = DIRECTION('',(0.,1.));
#8260 = ( GEOMETRIC_REPRESENTATION_CONTEXT(2) 
PARAMETRIC_REPRESENTATION_CONTEXT() REPRESENTATION_CONTEXT('2D SPACE',''
  ) );
#8261 = PCURVE('',#7255,#8262);
#8262 = DEFINITIONAL_REPRESENTATION('',(#8263),#8267);
#8263 = LINE('',#8264,#8265);
#8264 = CARTESIAN_POINT('',(21.3,9.24999994676));
#8265 = VECTOR('',#8266,1.);
#8266 = DIRECTION('',(2.400482222314E-16,1.));
#8267 = ( GEOMETRIC_REPRESENTATION_CONTEXT(2) 
PARAMETRIC_REPRESENTATION_CONTEXT() REPRESENTATION_CONTEXT('2D SPACE',''
  ) );
#8268 = ORIENTED_EDGE('',*,*,#7267,.F.);
#8269 = ADVANCED_FACE('',(#8270),#6700,.F.);
#8270 = FACE_BOUND('',#8271,.F.);
#8271 = EDGE_LOOP('',(#8272,#8273,#8297,#8319));
#8272 = ORIENTED_EDGE('',*,*,#6685,.F.);
#8273 = ORIENTED_EDGE('',*,*,#8274,.T.);
#8274 = EDGE_CURVE('',#6663,#8275,#8277,.T.);
#8275 = VERTEX_POINT('',#8276);
#8276 = CARTESIAN_POINT('',(66.644444444444,-55.18551625903,-2.));
#8277 = SURFACE_CURVE('',#8278,(#8283,#8290),.PCURVE_S1.);
#8278 = CIRCLE('',#8279,0.2);
#8279 = AXIS2_PLACEMENT_3D('',#8280,#8281,#8282);
#8280 = CARTESIAN_POINT('',(66.644444444444,-55.18551625903,-1.8));
#8281 = DIRECTION('',(0.895806416478,-0.444444444444,0.));
#8282 = DIRECTION('',(-0.444444444444,-0.895806416478,0.));
#8283 = PCURVE('',#6700,#8284);
#8284 = DEFINITIONAL_REPRESENTATION('',(#8285),#8289);
#8285 = LINE('',#8286,#8287);
#8286 = CARTESIAN_POINT('',(4.251834988703,6.28318530718));
#8287 = VECTOR('',#8288,1.);
#8288 = DIRECTION('',(-6.785183320456E-15,-1.));
#8289 = ( GEOMETRIC_REPRESENTATION_CONTEXT(2) 
PARAMETRIC_REPRESENTATION_CONTEXT() REPRESENTATION_CONTEXT('2D SPACE',''
  ) );
#8290 = PCURVE('',#6736,#8291);
#8291 = DEFINITIONAL_REPRESENTATION('',(#8292),#8296);
#8292 = LINE('',#8293,#8294);
#8293 = CARTESIAN_POINT('',(8.314535625656,3.14159265359));
#8294 = VECTOR('',#8295,1.);
#8295 = DIRECTION('',(0.,-1.));
#8296 = ( GEOMETRIC_REPRESENTATION_CONTEXT(2) 
PARAMETRIC_REPRESENTATION_CONTEXT() REPRESENTATION_CONTEXT('2D SPACE',''
  ) );
#8297 = ORIENTED_EDGE('',*,*,#8298,.F.);
#8298 = EDGE_CURVE('',#8225,#8275,#8299,.T.);
#8299 = SURFACE_CURVE('',#8300,(#8305,#8312),.PCURVE_S1.);
#8300 = CIRCLE('',#8301,0.8);
#8301 = AXIS2_PLACEMENT_3D('',#8302,#8303,#8304);
#8302 = CARTESIAN_POINT('',(67.,-54.46887112585,-2.));
#8303 = DIRECTION('',(0.,0.,-1.));
#8304 = DIRECTION('',(0.527046276695,-0.849836585599,0.));
#8305 = PCURVE('',#6700,#8306);
#8306 = DEFINITIONAL_REPRESENTATION('',(#8307),#8311);
#8307 = LINE('',#8308,#8309);
#8308 = CARTESIAN_POINT('',(11.550695455121,4.712388980385));
#8309 = VECTOR('',#8310,1.);
#8310 = DIRECTION('',(-1.,0.));
#8311 = ( GEOMETRIC_REPRESENTATION_CONTEXT(2) 
PARAMETRIC_REPRESENTATION_CONTEXT() REPRESENTATION_CONTEXT('2D SPACE',''
  ) );
#8312 = PCURVE('',#7255,#8313);
#8313 = DEFINITIONAL_REPRESENTATION('',(#8314),#8318);
#8314 = CIRCLE('',#8315,0.8);
#8315 = AXIS2_PLACEMENT_2D('',#8316,#8317);
#8316 = CARTESIAN_POINT('',(20.5,-4.03112887415));
#8317 = DIRECTION('',(0.527046276695,0.849836585599));
#8318 = ( GEOMETRIC_REPRESENTATION_CONTEXT(2) 
PARAMETRIC_REPRESENTATION_CONTEXT() REPRESENTATION_CONTEXT('2D SPACE',''
  ) );
#8319 = ORIENTED_EDGE('',*,*,#8224,.F.);
#8320 = ADVANCED_FACE('',(#8321),#6736,.F.);
#8321 = FACE_BOUND('',#8322,.F.);
#8322 = EDGE_LOOP('',(#8323,#8324,#8348,#8374));
#8323 = ORIENTED_EDGE('',*,*,#6719,.F.);
#8324 = ORIENTED_EDGE('',*,*,#8325,.T.);
#8325 = EDGE_CURVE('',#6720,#8326,#8328,.T.);
#8326 = VERTEX_POINT('',#8327);
#8327 = CARTESIAN_POINT('',(66.644444444444,-61.81448374096,-2.));
#8328 = SURFACE_CURVE('',#8329,(#8334,#8341),.PCURVE_S1.);
#8329 = CIRCLE('',#8330,0.2);
#8330 = AXIS2_PLACEMENT_3D('',#8331,#8332,#8333);
#8331 = CARTESIAN_POINT('',(66.644444444444,-61.81448374096,-1.8));
#8332 = DIRECTION('',(-0.895806416478,-0.444444444444,-0.));
#8333 = DIRECTION('',(-0.444444444444,0.895806416478,0.));
#8334 = PCURVE('',#6736,#8335);
#8335 = DEFINITIONAL_REPRESENTATION('',(#8336),#8340);
#8336 = LINE('',#8337,#8338);
#8337 = CARTESIAN_POINT('',(4.251834988703,3.14159265359));
#8338 = VECTOR('',#8339,1.);
#8339 = DIRECTION('',(0.,-1.));
#8340 = ( GEOMETRIC_REPRESENTATION_CONTEXT(2) 
PARAMETRIC_REPRESENTATION_CONTEXT() REPRESENTATION_CONTEXT('2D SPACE',''
  ) );
#8341 = PCURVE('',#6810,#8342);
#8342 = DEFINITIONAL_REPRESENTATION('',(#8343),#8347);
#8343 = LINE('',#8344,#8345);
#8344 = CARTESIAN_POINT('',(2.031350318476,6.28318530718));
#8345 = VECTOR('',#8346,1.);
#8346 = DIRECTION('',(6.785183320456E-15,-1.));
#8347 = ( GEOMETRIC_REPRESENTATION_CONTEXT(2) 
PARAMETRIC_REPRESENTATION_CONTEXT() REPRESENTATION_CONTEXT('2D SPACE',''
  ) );
#8348 = ORIENTED_EDGE('',*,*,#8349,.F.);
#8349 = EDGE_CURVE('',#8275,#8326,#8350,.T.);
#8350 = SURFACE_CURVE('',#8351,(#8356,#8363),.PCURVE_S1.);
#8351 = CIRCLE('',#8352,3.7);
#8352 = AXIS2_PLACEMENT_3D('',#8353,#8354,#8355);
#8353 = CARTESIAN_POINT('',(65.,-58.5,-2.));
#8354 = DIRECTION('',(0.,0.,1.));
#8355 = DIRECTION('',(-1.,0.,0.));
#8356 = PCURVE('',#6736,#8357);
#8357 = DEFINITIONAL_REPRESENTATION('',(#8358),#8362);
#8358 = LINE('',#8359,#8360);
#8359 = CARTESIAN_POINT('',(12.566370614359,1.570796326795));
#8360 = VECTOR('',#8361,1.);
#8361 = DIRECTION('',(-1.,6.011987769809E-16));
#8362 = ( GEOMETRIC_REPRESENTATION_CONTEXT(2) 
PARAMETRIC_REPRESENTATION_CONTEXT() REPRESENTATION_CONTEXT('2D SPACE',''
  ) );
#8363 = PCURVE('',#7255,#8364);
#8364 = DEFINITIONAL_REPRESENTATION('',(#8365),#8373);
#8365 = ( BOUNDED_CURVE() B_SPLINE_CURVE(2,(#8366,#8367,#8368,#8369,
#8370,#8371,#8372),.UNSPECIFIED.,.T.,.F.) B_SPLINE_CURVE_WITH_KNOTS((1,2
    ,2,2,2,1),(-2.094395102393,0.,2.094395102393,4.188790204786,
6.28318530718,8.377580409573),.UNSPECIFIED.) CURVE() 
GEOMETRIC_REPRESENTATION_ITEM() RATIONAL_B_SPLINE_CURVE((1.,0.5,1.,0.5,
1.,0.5,1.)) REPRESENTATION_ITEM('') );
#8366 = CARTESIAN_POINT('',(14.8,0.));
#8367 = CARTESIAN_POINT('',(14.8,6.408587988005));
#8368 = CARTESIAN_POINT('',(20.35,3.204293994002));
#8369 = CARTESIAN_POINT('',(25.9,9.06238631369E-16));
#8370 = CARTESIAN_POINT('',(20.35,-3.204293994002));
#8371 = CARTESIAN_POINT('',(14.8,-6.408587988005));
#8372 = CARTESIAN_POINT('',(14.8,0.));
#8373 = ( GEOMETRIC_REPRESENTATION_CONTEXT(2) 
PARAMETRIC_REPRESENTATION_CONTEXT() REPRESENTATION_CONTEXT('2D SPACE',''
  ) );
#8374 = ORIENTED_EDGE('',*,*,#8274,.F.);
#8375 = ADVANCED_FACE('',(#8376),#6810,.F.);
#8376 = FACE_BOUND('',#8377,.F.);
#8377 = EDGE_LOOP('',(#8378,#8379,#8403,#8425));
#8378 = ORIENTED_EDGE('',*,*,#6795,.F.);
#8379 = ORIENTED_EDGE('',*,*,#8380,.T.);
#8380 = EDGE_CURVE('',#6773,#8381,#8383,.T.);
#8381 = VERTEX_POINT('',#8382);
#8382 = CARTESIAN_POINT('',(67.8,-62.53112887414,-2.));
#8383 = SURFACE_CURVE('',#8384,(#8389,#8396),.PCURVE_S1.);
#8384 = CIRCLE('',#8385,0.2);
#8385 = AXIS2_PLACEMENT_3D('',#8386,#8387,#8388);
#8386 = CARTESIAN_POINT('',(67.8,-62.53112887414,-1.8));
#8387 = DIRECTION('',(-0.,1.,0.));
#8388 = DIRECTION('',(1.,0.,0.));
#8389 = PCURVE('',#6810,#8390);
#8390 = DEFINITIONAL_REPRESENTATION('',(#8391),#8395);
#8391 = LINE('',#8392,#8393);
#8392 = CARTESIAN_POINT('',(0.,6.28318530718));
#8393 = VECTOR('',#8394,1.);
#8394 = DIRECTION('',(0.,-1.));
#8395 = ( GEOMETRIC_REPRESENTATION_CONTEXT(2) 
PARAMETRIC_REPRESENTATION_CONTEXT() REPRESENTATION_CONTEXT('2D SPACE',''
  ) );
#8396 = PCURVE('',#6845,#8397);
#8397 = DEFINITIONAL_REPRESENTATION('',(#8398),#8402);
#8398 = LINE('',#8399,#8400);
#8399 = CARTESIAN_POINT('',(7.068583470577,-5.218871072612));
#8400 = VECTOR('',#8401,1.);
#8401 = DIRECTION('',(-1.,0.));
#8402 = ( GEOMETRIC_REPRESENTATION_CONTEXT(2) 
PARAMETRIC_REPRESENTATION_CONTEXT() REPRESENTATION_CONTEXT('2D SPACE',''
  ) );
#8403 = ORIENTED_EDGE('',*,*,#8404,.F.);
#8404 = EDGE_CURVE('',#8326,#8381,#8405,.T.);
#8405 = SURFACE_CURVE('',#8406,(#8411,#8418),.PCURVE_S1.);
#8406 = CIRCLE('',#8407,0.8);
#8407 = AXIS2_PLACEMENT_3D('',#8408,#8409,#8410);
#8408 = CARTESIAN_POINT('',(67.,-62.53112887414,-2.));
#8409 = DIRECTION('',(0.,0.,-1.));
#8410 = DIRECTION('',(0.527046276695,0.849836585599,0.));
#8411 = PCURVE('',#6810,#8412);
#8412 = DEFINITIONAL_REPRESENTATION('',(#8413),#8417);
#8413 = LINE('',#8414,#8415);
#8414 = CARTESIAN_POINT('',(7.298860466418,4.712388980385));
#8415 = VECTOR('',#8416,1.);
#8416 = DIRECTION('',(-1.,0.));
#8417 = ( GEOMETRIC_REPRESENTATION_CONTEXT(2) 
PARAMETRIC_REPRESENTATION_CONTEXT() REPRESENTATION_CONTEXT('2D SPACE',''
  ) );
#8418 = PCURVE('',#7255,#8419);
#8419 = DEFINITIONAL_REPRESENTATION('',(#8420),#8424);
#8420 = CIRCLE('',#8421,0.8);
#8421 = AXIS2_PLACEMENT_2D('',#8422,#8423);
#8422 = CARTESIAN_POINT('',(20.5,4.03112887414));
#8423 = DIRECTION('',(0.527046276695,-0.849836585599));
#8424 = ( GEOMETRIC_REPRESENTATION_CONTEXT(2) 
PARAMETRIC_REPRESENTATION_CONTEXT() REPRESENTATION_CONTEXT('2D SPACE',''
  ) );
#8425 = ORIENTED_EDGE('',*,*,#8325,.F.);
#8426 = ADVANCED_FACE('',(#8427),#6845,.F.);
#8427 = FACE_BOUND('',#8428,.F.);
#8428 = EDGE_LOOP('',(#8429,#8430,#8454,#8475));
#8429 = ORIENTED_EDGE('',*,*,#6829,.F.);
#8430 = ORIENTED_EDGE('',*,*,#8431,.T.);
#8431 = EDGE_CURVE('',#6830,#8432,#8434,.T.);
#8432 = VERTEX_POINT('',#8433);
#8433 = CARTESIAN_POINT('',(67.8,-76.99999987222,-2.));
#8434 = SURFACE_CURVE('',#8435,(#8440,#8447),.PCURVE_S1.);
#8435 = CIRCLE('',#8436,0.2);
#8436 = AXIS2_PLACEMENT_3D('',#8437,#8438,#8439);
#8437 = CARTESIAN_POINT('',(67.8,-76.99999987222,-1.8));
#8438 = DIRECTION('',(1.064774934889E-07,1.,0.));
#8439 = DIRECTION('',(1.,-1.064774934889E-07,0.));
#8440 = PCURVE('',#6845,#8441);
#8441 = DEFINITIONAL_REPRESENTATION('',(#8442),#8446);
#8442 = LINE('',#8443,#8444);
#8443 = CARTESIAN_POINT('',(7.068583470577,9.249999946755));
#8444 = VECTOR('',#8445,1.);
#8445 = DIRECTION('',(-1.,-1.355713100998E-08));
#8446 = ( GEOMETRIC_REPRESENTATION_CONTEXT(2) 
PARAMETRIC_REPRESENTATION_CONTEXT() REPRESENTATION_CONTEXT('2D SPACE',''
  ) );
#8447 = PCURVE('',#6919,#8448);
#8448 = DEFINITIONAL_REPRESENTATION('',(#8449),#8453);
#8449 = LINE('',#8450,#8451);
#8450 = CARTESIAN_POINT('',(3.141592760067,0.));
#8451 = VECTOR('',#8452,1.);
#8452 = DIRECTION('',(-1.979011801799E-15,1.));
#8453 = ( GEOMETRIC_REPRESENTATION_CONTEXT(2) 
PARAMETRIC_REPRESENTATION_CONTEXT() REPRESENTATION_CONTEXT('2D SPACE',''
  ) );
#8454 = ORIENTED_EDGE('',*,*,#8455,.F.);
#8455 = EDGE_CURVE('',#8381,#8432,#8456,.T.);
#8456 = SURFACE_CURVE('',#8457,(#8461,#8468),.PCURVE_S1.);
#8457 = LINE('',#8458,#8459);
#8458 = CARTESIAN_POINT('',(67.8,-67.74999994676,-2.));
#8459 = VECTOR('',#8460,1.);
#8460 = DIRECTION('',(2.400482222314E-16,-1.,0.));
#8461 = PCURVE('',#6845,#8462);
#8462 = DEFINITIONAL_REPRESENTATION('',(#8463),#8467);
#8463 = LINE('',#8464,#8465);
#8464 = CARTESIAN_POINT('',(5.497787143783,0.));
#8465 = VECTOR('',#8466,1.);
#8466 = DIRECTION('',(-5.217764792052E-15,1.));
#8467 = ( GEOMETRIC_REPRESENTATION_CONTEXT(2) 
PARAMETRIC_REPRESENTATION_CONTEXT() REPRESENTATION_CONTEXT('2D SPACE',''
  ) );
#8468 = PCURVE('',#7255,#8469);
#8469 = DEFINITIONAL_REPRESENTATION('',(#8470),#8474);
#8470 = LINE('',#8471,#8472);
#8471 = CARTESIAN_POINT('',(21.3,9.24999994676));
#8472 = VECTOR('',#8473,1.);
#8473 = DIRECTION('',(2.400482222314E-16,1.));
#8474 = ( GEOMETRIC_REPRESENTATION_CONTEXT(2) 
PARAMETRIC_REPRESENTATION_CONTEXT() REPRESENTATION_CONTEXT('2D SPACE',''
  ) );
#8475 = ORIENTED_EDGE('',*,*,#8380,.F.);
#8476 = ADVANCED_FACE('',(#8477),#6919,.F.);
#8477 = FACE_BOUND('',#8478,.F.);
#8478 = EDGE_LOOP('',(#8479,#8480,#8504,#8526));
#8479 = ORIENTED_EDGE('',*,*,#6904,.F.);
#8480 = ORIENTED_EDGE('',*,*,#8481,.T.);
#8481 = EDGE_CURVE('',#6882,#8482,#8484,.T.);
#8482 = VERTEX_POINT('',#8483);
#8483 = CARTESIAN_POINT('',(65.,-79.8,-2.));
#8484 = SURFACE_CURVE('',#8485,(#8490,#8497),.PCURVE_S1.);
#8485 = CIRCLE('',#8486,0.2);
#8486 = AXIS2_PLACEMENT_3D('',#8487,#8488,#8489);
#8487 = CARTESIAN_POINT('',(65.,-79.8,-1.8));
#8488 = DIRECTION('',(1.,0.,0.));
#8489 = DIRECTION('',(0.,-1.,0.));
#8490 = PCURVE('',#6919,#8491);
#8491 = DEFINITIONAL_REPRESENTATION('',(#8492),#8496);
#8492 = LINE('',#8493,#8494);
#8493 = CARTESIAN_POINT('',(4.712388838415,0.));
#8494 = VECTOR('',#8495,1.);
#8495 = DIRECTION('',(-6.455777371478E-09,1.));
#8496 = ( GEOMETRIC_REPRESENTATION_CONTEXT(2) 
PARAMETRIC_REPRESENTATION_CONTEXT() REPRESENTATION_CONTEXT('2D SPACE',''
  ) );
#8497 = PCURVE('',#6954,#8498);
#8498 = DEFINITIONAL_REPRESENTATION('',(#8499),#8503);
#8499 = LINE('',#8500,#8501);
#8500 = CARTESIAN_POINT('',(7.068583470577,-27.74999994676));
#8501 = VECTOR('',#8502,1.);
#8502 = DIRECTION('',(-1.,0.));
#8503 = ( GEOMETRIC_REPRESENTATION_CONTEXT(2) 
PARAMETRIC_REPRESENTATION_CONTEXT() REPRESENTATION_CONTEXT('2D SPACE',''
  ) );
#8504 = ORIENTED_EDGE('',*,*,#8505,.F.);
#8505 = EDGE_CURVE('',#8432,#8482,#8506,.T.);
#8506 = SURFACE_CURVE('',#8507,(#8512,#8519),.PCURVE_S1.);
#8507 = CIRCLE('',#8508,2.80000042591);
#8508 = AXIS2_PLACEMENT_3D('',#8509,#8510,#8511);
#8509 = CARTESIAN_POINT('',(64.99999957409,-76.99999957409,-2.));
#8510 = DIRECTION('',(0.,0.,-1.));
#8511 = DIRECTION('',(0.707106793735,-0.707106768638,0.));
#8512 = PCURVE('',#6919,#8513);
#8513 = DEFINITIONAL_REPRESENTATION('',(#8514),#8518);
#8514 = LINE('',#8515,#8516);
#8515 = CARTESIAN_POINT('',(-2.356194507939,1.570796326795));
#8516 = VECTOR('',#8517,1.);
#8517 = DIRECTION('',(1.,-7.067900455675E-15));
#8518 = ( GEOMETRIC_REPRESENTATION_CONTEXT(2) 
PARAMETRIC_REPRESENTATION_CONTEXT() REPRESENTATION_CONTEXT('2D SPACE',''
  ) );
#8519 = PCURVE('',#7255,#8520);
#8520 = DEFINITIONAL_REPRESENTATION('',(#8521),#8525);
#8521 = CIRCLE('',#8522,2.80000042591);
#8522 = AXIS2_PLACEMENT_2D('',#8523,#8524);
#8523 = CARTESIAN_POINT('',(18.49999957409,18.49999957409));
#8524 = DIRECTION('',(0.707106793735,0.707106768638));
#8525 = ( GEOMETRIC_REPRESENTATION_CONTEXT(2) 
PARAMETRIC_REPRESENTATION_CONTEXT() REPRESENTATION_CONTEXT('2D SPACE',''
  ) );
#8526 = ORIENTED_EDGE('',*,*,#8431,.F.);
#8527 = ADVANCED_FACE('',(#8528),#6954,.F.);
#8528 = FACE_BOUND('',#8529,.F.);
#8529 = EDGE_LOOP('',(#8530,#8531,#8555,#8576));
#8530 = ORIENTED_EDGE('',*,*,#6938,.F.);
#8531 = ORIENTED_EDGE('',*,*,#8532,.T.);
#8532 = EDGE_CURVE('',#6939,#8533,#8535,.T.);
#8533 = VERTEX_POINT('',#8534);
#8534 = CARTESIAN_POINT('',(32.031128874149,-79.8,-2.));
#8535 = SURFACE_CURVE('',#8536,(#8541,#8548),.PCURVE_S1.);
#8536 = CIRCLE('',#8537,0.2);
#8537 = AXIS2_PLACEMENT_3D('',#8538,#8539,#8540);
#8538 = CARTESIAN_POINT('',(32.031128874149,-79.8,-1.8));
#8539 = DIRECTION('',(1.,0.,0.));
#8540 = DIRECTION('',(0.,-1.,0.));
#8541 = PCURVE('',#6954,#8542);
#8542 = DEFINITIONAL_REPRESENTATION('',(#8543),#8547);
#8543 = LINE('',#8544,#8545);
#8544 = CARTESIAN_POINT('',(7.068583470577,5.218871179089));
#8545 = VECTOR('',#8546,1.);
#8546 = DIRECTION('',(-1.,0.));
#8547 = ( GEOMETRIC_REPRESENTATION_CONTEXT(2) 
PARAMETRIC_REPRESENTATION_CONTEXT() REPRESENTATION_CONTEXT('2D SPACE',''
  ) );
#8548 = PCURVE('',#7028,#8549);
#8549 = DEFINITIONAL_REPRESENTATION('',(#8550),#8554);
#8550 = LINE('',#8551,#8552);
#8551 = CARTESIAN_POINT('',(7.298860466418,6.28318530718));
#8552 = VECTOR('',#8553,1.);
#8553 = DIRECTION('',(-7.067899292141E-16,-1.));
#8554 = ( GEOMETRIC_REPRESENTATION_CONTEXT(2) 
PARAMETRIC_REPRESENTATION_CONTEXT() REPRESENTATION_CONTEXT('2D SPACE',''
  ) );
#8555 = ORIENTED_EDGE('',*,*,#8556,.F.);
#8556 = EDGE_CURVE('',#8482,#8533,#8557,.T.);
#8557 = SURFACE_CURVE('',#8558,(#8562,#8569),.PCURVE_S1.);
#8558 = LINE('',#8559,#8560);
#8559 = CARTESIAN_POINT('',(37.250000053239,-79.8,-2.));
#8560 = VECTOR('',#8561,1.);
#8561 = DIRECTION('',(-1.,-2.400482222314E-16,0.));
#8562 = PCURVE('',#6954,#8563);
#8563 = DEFINITIONAL_REPRESENTATION('',(#8564),#8568);
#8564 = LINE('',#8565,#8566);
#8565 = CARTESIAN_POINT('',(5.497787143783,-7.105427357601E-15));
#8566 = VECTOR('',#8567,1.);
#8567 = DIRECTION('',(-7.812573889164E-16,1.));
#8568 = ( GEOMETRIC_REPRESENTATION_CONTEXT(2) 
PARAMETRIC_REPRESENTATION_CONTEXT() REPRESENTATION_CONTEXT('2D SPACE',''
  ) );
#8569 = PCURVE('',#7255,#8570);
#8570 = DEFINITIONAL_REPRESENTATION('',(#8571),#8575);
#8571 = LINE('',#8572,#8573);
#8572 = CARTESIAN_POINT('',(-9.249999946761,21.3));
#8573 = VECTOR('',#8574,1.);
#8574 = DIRECTION('',(-1.,2.400482222314E-16));
#8575 = ( GEOMETRIC_REPRESENTATION_CONTEXT(2) 
PARAMETRIC_REPRESENTATION_CONTEXT() REPRESENTATION_CONTEXT('2D SPACE',''
  ) );
#8576 = ORIENTED_EDGE('',*,*,#8481,.F.);
#8577 = ADVANCED_FACE('',(#8578),#7028,.F.);
#8578 = FACE_BOUND('',#8579,.F.);
#8579 = EDGE_LOOP('',(#8580,#8604,#8605,#8606));
#8580 = ORIENTED_EDGE('',*,*,#8581,.F.);
#8581 = EDGE_CURVE('',#8533,#8582,#8584,.T.);
#8582 = VERTEX_POINT('',#8583);
#8583 = CARTESIAN_POINT('',(31.314483740967,-78.64444444444,-2.));
#8584 = SURFACE_CURVE('',#8585,(#8590,#8597),.PCURVE_S1.);
#8585 = CIRCLE('',#8586,0.8);
#8586 = AXIS2_PLACEMENT_3D('',#8587,#8588,#8589);
#8587 = CARTESIAN_POINT('',(32.031128874149,-79.,-2.));
#8588 = DIRECTION('',(0.,0.,-1.));
#8589 = DIRECTION('',(-0.849836585599,-0.527046276695,-0.));
#8590 = PCURVE('',#7028,#8591);
#8591 = DEFINITIONAL_REPRESENTATION('',(#8592),#8596);
#8592 = LINE('',#8593,#8594);
#8593 = CARTESIAN_POINT('',(12.566370614359,4.712388980384));
#8594 = VECTOR('',#8595,1.);
#8595 = DIRECTION('',(-1.,3.235542508835E-14));
#8596 = ( GEOMETRIC_REPRESENTATION_CONTEXT(2) 
PARAMETRIC_REPRESENTATION_CONTEXT() REPRESENTATION_CONTEXT('2D SPACE',''
  ) );
#8597 = PCURVE('',#7255,#8598);
#8598 = DEFINITIONAL_REPRESENTATION('',(#8599),#8603);
#8599 = CIRCLE('',#8600,0.8);
#8600 = AXIS2_PLACEMENT_2D('',#8601,#8602);
#8601 = CARTESIAN_POINT('',(-14.46887112585,20.5));
#8602 = DIRECTION('',(-0.849836585599,0.527046276695));
#8603 = ( GEOMETRIC_REPRESENTATION_CONTEXT(2) 
PARAMETRIC_REPRESENTATION_CONTEXT() REPRESENTATION_CONTEXT('2D SPACE',''
  ) );
#8604 = ORIENTED_EDGE('',*,*,#8532,.F.);
#8605 = ORIENTED_EDGE('',*,*,#7013,.F.);
#8606 = ORIENTED_EDGE('',*,*,#8607,.F.);
#8607 = EDGE_CURVE('',#8582,#6991,#8608,.T.);
#8608 = SURFACE_CURVE('',#8609,(#8614,#8621),.PCURVE_S1.);
#8609 = CIRCLE('',#8610,0.2);
#8610 = AXIS2_PLACEMENT_3D('',#8611,#8612,#8613);
#8611 = CARTESIAN_POINT('',(31.314483740967,-78.64444444444,-1.8));
#8612 = DIRECTION('',(0.444444444444,0.895806416478,0.));
#8613 = DIRECTION('',(0.,0.,-1.));
#8614 = PCURVE('',#7028,#8615);
#8615 = DEFINITIONAL_REPRESENTATION('',(#8616),#8620);
#8616 = LINE('',#8617,#8618);
#8617 = CARTESIAN_POINT('',(5.267510147936,4.712388980394));
#8618 = VECTOR('',#8619,1.);
#8619 = DIRECTION('',(7.175331361425E-13,1.));
#8620 = ( GEOMETRIC_REPRESENTATION_CONTEXT(2) 
PARAMETRIC_REPRESENTATION_CONTEXT() REPRESENTATION_CONTEXT('2D SPACE',''
  ) );
#8621 = PCURVE('',#7064,#8622);
#8622 = DEFINITIONAL_REPRESENTATION('',(#8623),#8627);
#8623 = LINE('',#8624,#8625);
#8624 = CARTESIAN_POINT('',(1.245952155079,1.570796326795));
#8625 = VECTOR('',#8626,1.);
#8626 = DIRECTION('',(1.130863886743E-15,1.));
#8627 = ( GEOMETRIC_REPRESENTATION_CONTEXT(2) 
PARAMETRIC_REPRESENTATION_CONTEXT() REPRESENTATION_CONTEXT('2D SPACE',''
  ) );
#8628 = ADVANCED_FACE('',(#8629),#7064,.F.);
#8629 = FACE_BOUND('',#8630,.F.);
#8630 = EDGE_LOOP('',(#8631,#8632,#8656,#8682));
#8631 = ORIENTED_EDGE('',*,*,#7047,.F.);
#8632 = ORIENTED_EDGE('',*,*,#8633,.T.);
#8633 = EDGE_CURVE('',#7048,#8634,#8636,.T.);
#8634 = VERTEX_POINT('',#8635);
#8635 = CARTESIAN_POINT('',(26.355555555556,-73.68551625903,-2.));
#8636 = SURFACE_CURVE('',#8637,(#8642,#8649),.PCURVE_S1.);
#8637 = CIRCLE('',#8638,0.2);
#8638 = AXIS2_PLACEMENT_3D('',#8639,#8640,#8641);
#8639 = CARTESIAN_POINT('',(26.355555555556,-73.68551625903,-1.8));
#8640 = DIRECTION('',(0.895806416478,0.444444444444,0.));
#8641 = DIRECTION('',(0.444444444444,-0.895806416478,0.));
#8642 = PCURVE('',#7064,#8643);
#8643 = DEFINITIONAL_REPRESENTATION('',(#8644),#8648);
#8644 = LINE('',#8645,#8646);
#8645 = CARTESIAN_POINT('',(-1.245952155078,3.14159265359));
#8646 = VECTOR('',#8647,1.);
#8647 = DIRECTION('',(4.523455546937E-15,-1.));
#8648 = ( GEOMETRIC_REPRESENTATION_CONTEXT(2) 
PARAMETRIC_REPRESENTATION_CONTEXT() REPRESENTATION_CONTEXT('2D SPACE',''
  ) );
#8649 = PCURVE('',#7138,#8650);
#8650 = DEFINITIONAL_REPRESENTATION('',(#8651),#8655);
#8651 = LINE('',#8652,#8653);
#8652 = CARTESIAN_POINT('',(5.172942972066,6.28318530718));
#8653 = VECTOR('',#8654,1.);
#8654 = DIRECTION('',(5.654319433713E-15,-1.));
#8655 = ( GEOMETRIC_REPRESENTATION_CONTEXT(2) 
PARAMETRIC_REPRESENTATION_CONTEXT() REPRESENTATION_CONTEXT('2D SPACE',''
  ) );
#8656 = ORIENTED_EDGE('',*,*,#8657,.F.);
#8657 = EDGE_CURVE('',#8582,#8634,#8658,.T.);
#8658 = SURFACE_CURVE('',#8659,(#8664,#8671),.PCURVE_S1.);
#8659 = CIRCLE('',#8660,3.7);
#8660 = AXIS2_PLACEMENT_3D('',#8661,#8662,#8663);
#8661 = CARTESIAN_POINT('',(28.,-77.,-2.));
#8662 = DIRECTION('',(0.,-0.,1.));
#8663 = DIRECTION('',(0.707106781187,0.707106781187,0.));
#8664 = PCURVE('',#7064,#8665);
#8665 = DEFINITIONAL_REPRESENTATION('',(#8666),#8670);
#8666 = LINE('',#8667,#8668);
#8667 = CARTESIAN_POINT('',(6.28318530718,1.570796326795));
#8668 = VECTOR('',#8669,1.);
#8669 = DIRECTION('',(-1.,-7.752256196093E-15));
#8670 = ( GEOMETRIC_REPRESENTATION_CONTEXT(2) 
PARAMETRIC_REPRESENTATION_CONTEXT() REPRESENTATION_CONTEXT('2D SPACE',''
  ) );
#8671 = PCURVE('',#7255,#8672);
#8672 = DEFINITIONAL_REPRESENTATION('',(#8673),#8681);
#8673 = ( BOUNDED_CURVE() B_SPLINE_CURVE(2,(#8674,#8675,#8676,#8677,
#8678,#8679,#8680),.UNSPECIFIED.,.T.,.F.) B_SPLINE_CURVE_WITH_KNOTS((1,2
    ,2,2,2,1),(-2.094395102393,0.,2.094395102393,4.188790204786,
6.28318530718,8.377580409573),.UNSPECIFIED.) CURVE() 
GEOMETRIC_REPRESENTATION_ITEM() RATIONAL_B_SPLINE_CURVE((1.,0.5,1.,0.5,
1.,0.5,1.)) REPRESENTATION_ITEM('') );
#8674 = CARTESIAN_POINT('',(-15.88370490961,15.88370490961));
#8675 = CARTESIAN_POINT('',(-20.41526093375,11.352148885461));
#8676 = CARTESIAN_POINT('',(-22.07392555727,17.542369533121));
#8677 = CARTESIAN_POINT('',(-23.73259018078,23.73259018078));
#8678 = CARTESIAN_POINT('',(-17.54236953312,22.07392555727));
#8679 = CARTESIAN_POINT('',(-11.35214888546,20.415260933759));
#8680 = CARTESIAN_POINT('',(-15.88370490961,15.88370490961));
#8681 = ( GEOMETRIC_REPRESENTATION_CONTEXT(2) 
PARAMETRIC_REPRESENTATION_CONTEXT() REPRESENTATION_CONTEXT('2D SPACE',''
  ) );
#8682 = ORIENTED_EDGE('',*,*,#8607,.T.);
#8683 = ADVANCED_FACE('',(#8684),#7138,.F.);
#8684 = FACE_BOUND('',#8685,.F.);
#8685 = EDGE_LOOP('',(#8686,#8687,#8711,#8733));
#8686 = ORIENTED_EDGE('',*,*,#7123,.F.);
#8687 = ORIENTED_EDGE('',*,*,#8688,.T.);
#8688 = EDGE_CURVE('',#7101,#8689,#8691,.T.);
#8689 = VERTEX_POINT('',#8690);
#8690 = CARTESIAN_POINT('',(25.2,-72.96887112585,-2.));
#8691 = SURFACE_CURVE('',#8692,(#8697,#8704),.PCURVE_S1.);
#8692 = CIRCLE('',#8693,0.2);
#8693 = AXIS2_PLACEMENT_3D('',#8694,#8695,#8696);
#8694 = CARTESIAN_POINT('',(25.2,-72.96887112585,-1.8));
#8695 = DIRECTION('',(0.,-1.,0.));
#8696 = DIRECTION('',(-1.,0.,0.));
#8697 = PCURVE('',#7138,#8698);
#8698 = DEFINITIONAL_REPRESENTATION('',(#8699),#8703);
#8699 = LINE('',#8700,#8701);
#8700 = CARTESIAN_POINT('',(3.14159265359,6.28318530718));
#8701 = VECTOR('',#8702,1.);
#8702 = DIRECTION('',(0.,-1.));
#8703 = ( GEOMETRIC_REPRESENTATION_CONTEXT(2) 
PARAMETRIC_REPRESENTATION_CONTEXT() REPRESENTATION_CONTEXT('2D SPACE',''
  ) );
#8704 = PCURVE('',#7194,#8705);
#8705 = DEFINITIONAL_REPRESENTATION('',(#8706),#8710);
#8706 = LINE('',#8707,#8708);
#8707 = CARTESIAN_POINT('',(7.068583470577,-23.71887107261));
#8708 = VECTOR('',#8709,1.);
#8709 = DIRECTION('',(-1.,0.));
#8710 = ( GEOMETRIC_REPRESENTATION_CONTEXT(2) 
PARAMETRIC_REPRESENTATION_CONTEXT() REPRESENTATION_CONTEXT('2D SPACE',''
  ) );
#8711 = ORIENTED_EDGE('',*,*,#8712,.F.);
#8712 = EDGE_CURVE('',#8634,#8689,#8713,.T.);
#8713 = SURFACE_CURVE('',#8714,(#8719,#8726),.PCURVE_S1.);
#8714 = CIRCLE('',#8715,0.8);
#8715 = AXIS2_PLACEMENT_3D('',#8716,#8717,#8718);
#8716 = CARTESIAN_POINT('',(26.,-72.96887112585,-2.));
#8717 = DIRECTION('',(0.,0.,-1.));
#8718 = DIRECTION('',(-0.527046276695,-0.849836585599,-0.));
#8719 = PCURVE('',#7138,#8720);
#8720 = DEFINITIONAL_REPRESENTATION('',(#8721),#8725);
#8721 = LINE('',#8722,#8723);
#8722 = CARTESIAN_POINT('',(10.440453120007,4.712388980385));
#8723 = VECTOR('',#8724,1.);
#8724 = DIRECTION('',(-1.,1.661494801838E-14));
#8725 = ( GEOMETRIC_REPRESENTATION_CONTEXT(2) 
PARAMETRIC_REPRESENTATION_CONTEXT() REPRESENTATION_CONTEXT('2D SPACE',''
  ) );
#8726 = PCURVE('',#7255,#8727);
#8727 = DEFINITIONAL_REPRESENTATION('',(#8728),#8732);
#8728 = CIRCLE('',#8729,0.8);
#8729 = AXIS2_PLACEMENT_2D('',#8730,#8731);
#8730 = CARTESIAN_POINT('',(-20.5,14.46887112585));
#8731 = DIRECTION('',(-0.527046276695,0.849836585599));
#8732 = ( GEOMETRIC_REPRESENTATION_CONTEXT(2) 
PARAMETRIC_REPRESENTATION_CONTEXT() REPRESENTATION_CONTEXT('2D SPACE',''
  ) );
#8733 = ORIENTED_EDGE('',*,*,#8633,.F.);
#8734 = ADVANCED_FACE('',(#8735),#7194,.F.);
#8735 = FACE_BOUND('',#8736,.F.);
#8736 = EDGE_LOOP('',(#8737,#8758,#8759,#8760));
#8737 = ORIENTED_EDGE('',*,*,#8738,.F.);
#8738 = EDGE_CURVE('',#8689,#7212,#8739,.T.);
#8739 = SURFACE_CURVE('',#8740,(#8744,#8751),.PCURVE_S1.);
#8740 = LINE('',#8741,#8742);
#8741 = CARTESIAN_POINT('',(25.2,-49.25000005323,-2.));
#8742 = VECTOR('',#8743,1.);
#8743 = DIRECTION('',(-1.200241111157E-16,1.,0.));
#8744 = PCURVE('',#7194,#8745);
#8745 = DEFINITIONAL_REPRESENTATION('',(#8746),#8750);
#8746 = LINE('',#8747,#8748);
#8747 = CARTESIAN_POINT('',(5.497787143783,0.));
#8748 = VECTOR('',#8749,1.);
#8749 = DIRECTION('',(-5.660053362707E-16,1.));
#8750 = ( GEOMETRIC_REPRESENTATION_CONTEXT(2) 
PARAMETRIC_REPRESENTATION_CONTEXT() REPRESENTATION_CONTEXT('2D SPACE',''
  ) );
#8751 = PCURVE('',#7255,#8752);
#8752 = DEFINITIONAL_REPRESENTATION('',(#8753),#8757);
#8753 = LINE('',#8754,#8755);
#8754 = CARTESIAN_POINT('',(-21.3,-9.24999994677));
#8755 = VECTOR('',#8756,1.);
#8756 = DIRECTION('',(-1.200241111157E-16,-1.));
#8757 = ( GEOMETRIC_REPRESENTATION_CONTEXT(2) 
PARAMETRIC_REPRESENTATION_CONTEXT() REPRESENTATION_CONTEXT('2D SPACE',''
  ) );
#8758 = ORIENTED_EDGE('',*,*,#8688,.F.);
#8759 = ORIENTED_EDGE('',*,*,#7180,.F.);
#8760 = ORIENTED_EDGE('',*,*,#7211,.F.);
#8761 = ADVANCED_FACE('',(#8762),#7255,.F.);
#8762 = FACE_BOUND('',#8763,.T.);
#8763 = EDGE_LOOP('',(#8764,#8765,#8766,#8767,#8768,#8769,#8770,#8771,
    #8772,#8773,#8774,#8775));
#8764 = ORIENTED_EDGE('',*,*,#7239,.T.);
#8765 = ORIENTED_EDGE('',*,*,#8738,.F.);
#8766 = ORIENTED_EDGE('',*,*,#8712,.F.);
#8767 = ORIENTED_EDGE('',*,*,#8657,.F.);
#8768 = ORIENTED_EDGE('',*,*,#8581,.F.);
#8769 = ORIENTED_EDGE('',*,*,#8556,.F.);
#8770 = ORIENTED_EDGE('',*,*,#8505,.F.);
#8771 = ORIENTED_EDGE('',*,*,#8455,.F.);
#8772 = ORIENTED_EDGE('',*,*,#8404,.F.);
#8773 = ORIENTED_EDGE('',*,*,#8349,.F.);
#8774 = ORIENTED_EDGE('',*,*,#8298,.F.);
#8775 = ORIENTED_EDGE('',*,*,#8248,.F.);
#8776 = ADVANCED_FACE('',(#8777),#7359,.F.);
#8777 = FACE_BOUND('',#8778,.F.);
#8778 = EDGE_LOOP('',(#8779,#8807,#8829,#8830));
#8779 = ORIENTED_EDGE('',*,*,#8780,.F.);
#8780 = EDGE_CURVE('',#8781,#7377,#8783,.T.);
#8781 = VERTEX_POINT('',#8782);
#8782 = CARTESIAN_POINT('',(43.185516259033,-38.35555555555,-2.));
#8783 = SURFACE_CURVE('',#8784,(#8789,#8796),.PCURVE_S1.);
#8784 = CIRCLE('',#8785,3.7);
#8785 = AXIS2_PLACEMENT_3D('',#8786,#8787,#8788);
#8786 = CARTESIAN_POINT('',(46.5,-40.,-2.));
#8787 = DIRECTION('',(-0.,0.,1.));
#8788 = DIRECTION('',(0.,-1.,0.));
#8789 = PCURVE('',#7359,#8790);
#8790 = DEFINITIONAL_REPRESENTATION('',(#8791),#8795);
#8791 = LINE('',#8792,#8793);
#8792 = CARTESIAN_POINT('',(10.995574287564,1.570796326795));
#8793 = VECTOR('',#8794,1.);
#8794 = DIRECTION('',(-1.,-8.590335483341E-15));
#8795 = ( GEOMETRIC_REPRESENTATION_CONTEXT(2) 
PARAMETRIC_REPRESENTATION_CONTEXT() REPRESENTATION_CONTEXT('2D SPACE',''
  ) );
#8796 = PCURVE('',#7451,#8797);
#8797 = DEFINITIONAL_REPRESENTATION('',(#8798),#8806);
#8798 = ( BOUNDED_CURVE() B_SPLINE_CURVE(2,(#8799,#8800,#8801,#8802,
#8803,#8804,#8805),.UNSPECIFIED.,.T.,.F.) B_SPLINE_CURVE_WITH_KNOTS((1,2
    ,2,2,2,1),(-2.094395102393,0.,2.094395102393,4.188790204786,
6.28318530718,8.377580409573),.UNSPECIFIED.) CURVE() 
GEOMETRIC_REPRESENTATION_ITEM() RATIONAL_B_SPLINE_CURVE((1.,0.5,1.,0.5,
1.,0.5,1.)) REPRESENTATION_ITEM('') );
#8799 = CARTESIAN_POINT('',(0.,-14.8));
#8800 = CARTESIAN_POINT('',(6.408587988005,-14.8));
#8801 = CARTESIAN_POINT('',(3.204293994002,-20.35));
#8802 = CARTESIAN_POINT('',(9.06238631369E-16,-25.9));
#8803 = CARTESIAN_POINT('',(-3.204293994002,-20.35));
#8804 = CARTESIAN_POINT('',(-6.408587988005,-14.8));
#8805 = CARTESIAN_POINT('',(0.,-14.8));
#8806 = ( GEOMETRIC_REPRESENTATION_CONTEXT(2) 
PARAMETRIC_REPRESENTATION_CONTEXT() REPRESENTATION_CONTEXT('2D SPACE',''
  ) );
#8807 = ORIENTED_EDGE('',*,*,#8808,.F.);
#8808 = EDGE_CURVE('',#7322,#8781,#8809,.T.);
#8809 = SURFACE_CURVE('',#8810,(#8815,#8822),.PCURVE_S1.);
#8810 = CIRCLE('',#8811,0.2);
#8811 = AXIS2_PLACEMENT_3D('',#8812,#8813,#8814);
#8812 = CARTESIAN_POINT('',(43.185516259033,-38.35555555555,-1.8));
#8813 = DIRECTION('',(0.444444444444,0.895806416478,0.));
#8814 = DIRECTION('',(0.895806416478,-0.444444444444,0.));
#8815 = PCURVE('',#7359,#8816);
#8816 = DEFINITIONAL_REPRESENTATION('',(#8817),#8821);
#8817 = LINE('',#8818,#8819);
#8818 = CARTESIAN_POINT('',(6.743739298861,3.14159265359));
#8819 = VECTOR('',#8820,1.);
#8820 = DIRECTION('',(-3.180554681463E-16,-1.));
#8821 = ( GEOMETRIC_REPRESENTATION_CONTEXT(2) 
PARAMETRIC_REPRESENTATION_CONTEXT() REPRESENTATION_CONTEXT('2D SPACE',''
  ) );
#8822 = PCURVE('',#7743,#8823);
#8823 = DEFINITIONAL_REPRESENTATION('',(#8824),#8828);
#8824 = LINE('',#8825,#8826);
#8825 = CARTESIAN_POINT('',(-0.460553991681,6.28318530718));
#8826 = VECTOR('',#8827,1.);
#8827 = DIRECTION('',(9.612343037311E-15,-1.));
#8828 = ( GEOMETRIC_REPRESENTATION_CONTEXT(2) 
PARAMETRIC_REPRESENTATION_CONTEXT() REPRESENTATION_CONTEXT('2D SPACE',''
  ) );
#8829 = ORIENTED_EDGE('',*,*,#7344,.F.);
#8830 = ORIENTED_EDGE('',*,*,#7376,.F.);
#8831 = ADVANCED_FACE('',(#8832),#7451,.F.);
#8832 = FACE_BOUND('',#8833,.T.);
#8833 = EDGE_LOOP('',(#8834,#8835,#8836,#8837,#8861,#8884,#8908));
#8834 = ORIENTED_EDGE('',*,*,#7489,.T.);
#8835 = ORIENTED_EDGE('',*,*,#7435,.T.);
#8836 = ORIENTED_EDGE('',*,*,#8780,.F.);
#8837 = ORIENTED_EDGE('',*,*,#8838,.F.);
#8838 = EDGE_CURVE('',#8839,#8781,#8841,.T.);
#8839 = VERTEX_POINT('',#8840);
#8840 = CARTESIAN_POINT('',(42.468871125851,-37.2,-2.));
#8841 = SURFACE_CURVE('',#8842,(#8847,#8854),.PCURVE_S1.);
#8842 = CIRCLE('',#8843,0.8);
#8843 = AXIS2_PLACEMENT_3D('',#8844,#8845,#8846);
#8844 = CARTESIAN_POINT('',(42.468871125851,-38.,-2.));
#8845 = DIRECTION('',(0.,0.,-1.));
#8846 = DIRECTION('',(0.849836585599,0.527046276695,0.));
#8847 = PCURVE('',#7451,#8848);
#8848 = DEFINITIONAL_REPRESENTATION('',(#8849),#8853);
#8849 = CIRCLE('',#8850,0.8);
#8850 = AXIS2_PLACEMENT_2D('',#8851,#8852);
#8851 = CARTESIAN_POINT('',(-4.031128874149,-20.5));
#8852 = DIRECTION('',(0.849836585599,-0.527046276695));
#8853 = ( GEOMETRIC_REPRESENTATION_CONTEXT(2) 
PARAMETRIC_REPRESENTATION_CONTEXT() REPRESENTATION_CONTEXT('2D SPACE',''
  ) );
#8854 = PCURVE('',#7743,#8855);
#8855 = DEFINITIONAL_REPRESENTATION('',(#8856),#8860);
#8856 = LINE('',#8857,#8858);
#8857 = CARTESIAN_POINT('',(6.838306474736,4.712388980385));
#8858 = VECTOR('',#8859,1.);
#8859 = DIRECTION('',(-1.,6.558532112539E-15));
#8860 = ( GEOMETRIC_REPRESENTATION_CONTEXT(2) 
PARAMETRIC_REPRESENTATION_CONTEXT() REPRESENTATION_CONTEXT('2D SPACE',''
  ) );
#8861 = ORIENTED_EDGE('',*,*,#8862,.F.);
#8862 = EDGE_CURVE('',#8863,#8839,#8865,.T.);
#8863 = VERTEX_POINT('',#8864);
#8864 = CARTESIAN_POINT('',(28.,-37.2,-2.));
#8865 = SURFACE_CURVE('',#8866,(#8870,#8877),.PCURVE_S1.);
#8866 = LINE('',#8867,#8868);
#8867 = CARTESIAN_POINT('',(55.749999946761,-37.2,-2.));
#8868 = VECTOR('',#8869,1.);
#8869 = DIRECTION('',(1.,-6.001205555784E-16,0.));
#8870 = PCURVE('',#7451,#8871);
#8871 = DEFINITIONAL_REPRESENTATION('',(#8872),#8876);
#8872 = LINE('',#8873,#8874);
#8873 = CARTESIAN_POINT('',(9.249999946761,-21.3));
#8874 = VECTOR('',#8875,1.);
#8875 = DIRECTION('',(1.,6.001205555784E-16));
#8876 = ( GEOMETRIC_REPRESENTATION_CONTEXT(2) 
PARAMETRIC_REPRESENTATION_CONTEXT() REPRESENTATION_CONTEXT('2D SPACE',''
  ) );
#8877 = PCURVE('',#7691,#8878);
#8878 = DEFINITIONAL_REPRESENTATION('',(#8879),#8883);
#8879 = LINE('',#8880,#8881);
#8880 = CARTESIAN_POINT('',(5.497787143783,0.));
#8881 = VECTOR('',#8882,1.);
#8882 = DIRECTION('',(1.718793092792E-15,1.));
#8883 = ( GEOMETRIC_REPRESENTATION_CONTEXT(2) 
PARAMETRIC_REPRESENTATION_CONTEXT() REPRESENTATION_CONTEXT('2D SPACE',''
  ) );
#8884 = ORIENTED_EDGE('',*,*,#8885,.F.);
#8885 = EDGE_CURVE('',#8886,#8863,#8888,.T.);
#8886 = VERTEX_POINT('',#8887);
#8887 = CARTESIAN_POINT('',(25.2,-40.00000012777,-2.));
#8888 = SURFACE_CURVE('',#8889,(#8894,#8901),.PCURVE_S1.);
#8889 = CIRCLE('',#8890,2.80000042591);
#8890 = AXIS2_PLACEMENT_3D('',#8891,#8892,#8893);
#8891 = CARTESIAN_POINT('',(28.00000042591,-40.00000042591,-2.));
#8892 = DIRECTION('',(0.,0.,-1.));
#8893 = DIRECTION('',(-0.707106793735,0.707106768638,0.));
#8894 = PCURVE('',#7451,#8895);
#8895 = DEFINITIONAL_REPRESENTATION('',(#8896),#8900);
#8896 = CIRCLE('',#8897,2.80000042591);
#8897 = AXIS2_PLACEMENT_2D('',#8898,#8899);
#8898 = CARTESIAN_POINT('',(-18.49999957409,-18.49999957409));
#8899 = DIRECTION('',(-0.707106793735,-0.707106768638));
#8900 = ( GEOMETRIC_REPRESENTATION_CONTEXT(2) 
PARAMETRIC_REPRESENTATION_CONTEXT() REPRESENTATION_CONTEXT('2D SPACE',''
  ) );
#8901 = PCURVE('',#7656,#8902);
#8902 = DEFINITIONAL_REPRESENTATION('',(#8903),#8907);
#8903 = LINE('',#8904,#8905);
#8904 = CARTESIAN_POINT('',(-5.497787161528,1.570796326795));
#8905 = VECTOR('',#8906,1.);
#8906 = DIRECTION('',(1.,4.240740273405E-15));
#8907 = ( GEOMETRIC_REPRESENTATION_CONTEXT(2) 
PARAMETRIC_REPRESENTATION_CONTEXT() REPRESENTATION_CONTEXT('2D SPACE',''
  ) );
#8908 = ORIENTED_EDGE('',*,*,#8909,.F.);
#8909 = EDGE_CURVE('',#7490,#8886,#8910,.T.);
#8910 = SURFACE_CURVE('',#8911,(#8915,#8922),.PCURVE_S1.);
#8911 = LINE('',#8912,#8913);
#8912 = CARTESIAN_POINT('',(25.2,-49.25000005323,-2.));
#8913 = VECTOR('',#8914,1.);
#8914 = DIRECTION('',(-1.200241111157E-16,1.,0.));
#8915 = PCURVE('',#7451,#8916);
#8916 = DEFINITIONAL_REPRESENTATION('',(#8917),#8921);
#8917 = LINE('',#8918,#8919);
#8918 = CARTESIAN_POINT('',(-21.3,-9.24999994677));
#8919 = VECTOR('',#8920,1.);
#8920 = DIRECTION('',(-1.200241111157E-16,-1.));
#8921 = ( GEOMETRIC_REPRESENTATION_CONTEXT(2) 
PARAMETRIC_REPRESENTATION_CONTEXT() REPRESENTATION_CONTEXT('2D SPACE',''
  ) );
#8922 = PCURVE('',#7533,#8923);
#8923 = DEFINITIONAL_REPRESENTATION('',(#8924),#8928);
#8924 = LINE('',#8925,#8926);
#8925 = CARTESIAN_POINT('',(5.497787143783,0.));
#8926 = VECTOR('',#8927,1.);
#8927 = DIRECTION('',(0.,1.));
#8928 = ( GEOMETRIC_REPRESENTATION_CONTEXT(2) 
PARAMETRIC_REPRESENTATION_CONTEXT() REPRESENTATION_CONTEXT('2D SPACE',''
  ) );
#8929 = ADVANCED_FACE('',(#8930),#7533,.F.);
#8930 = FACE_BOUND('',#8931,.F.);
#8931 = EDGE_LOOP('',(#8932,#8933,#8955,#8956));
#8932 = ORIENTED_EDGE('',*,*,#7570,.F.);
#8933 = ORIENTED_EDGE('',*,*,#8934,.T.);
#8934 = EDGE_CURVE('',#7571,#8886,#8935,.T.);
#8935 = SURFACE_CURVE('',#8936,(#8941,#8948),.PCURVE_S1.);
#8936 = CIRCLE('',#8937,0.2);
#8937 = AXIS2_PLACEMENT_3D('',#8938,#8939,#8940);
#8938 = CARTESIAN_POINT('',(25.2,-40.00000012777,-1.8));
#8939 = DIRECTION('',(-1.064774934889E-07,-1.,-0.));
#8940 = DIRECTION('',(-1.,1.064774934889E-07,0.));
#8941 = PCURVE('',#7533,#8942);
#8942 = DEFINITIONAL_REPRESENTATION('',(#8943),#8947);
#8943 = LINE('',#8944,#8945);
#8944 = CARTESIAN_POINT('',(7.068583470577,9.249999946756));
#8945 = VECTOR('',#8946,1.);
#8946 = DIRECTION('',(-1.,-1.355713553344E-08));
#8947 = ( GEOMETRIC_REPRESENTATION_CONTEXT(2) 
PARAMETRIC_REPRESENTATION_CONTEXT() REPRESENTATION_CONTEXT('2D SPACE',''
  ) );
#8948 = PCURVE('',#7656,#8949);
#8949 = DEFINITIONAL_REPRESENTATION('',(#8950),#8954);
#8950 = LINE('',#8951,#8952);
#8951 = CARTESIAN_POINT('',(1.064774854777E-07,0.));
#8952 = VECTOR('',#8953,1.);
#8953 = DIRECTION('',(-3.642912104888E-16,1.));
#8954 = ( GEOMETRIC_REPRESENTATION_CONTEXT(2) 
PARAMETRIC_REPRESENTATION_CONTEXT() REPRESENTATION_CONTEXT('2D SPACE',''
  ) );
#8955 = ORIENTED_EDGE('',*,*,#8909,.F.);
#8956 = ORIENTED_EDGE('',*,*,#7512,.F.);
#8957 = ADVANCED_FACE('',(#8958),#7656,.F.);
#8958 = FACE_BOUND('',#8959,.F.);
#8959 = EDGE_LOOP('',(#8960,#8961,#8983,#8984));
#8960 = ORIENTED_EDGE('',*,*,#7641,.F.);
#8961 = ORIENTED_EDGE('',*,*,#8962,.T.);
#8962 = EDGE_CURVE('',#7619,#8863,#8963,.T.);
#8963 = SURFACE_CURVE('',#8964,(#8969,#8976),.PCURVE_S1.);
#8964 = CIRCLE('',#8965,0.2);
#8965 = AXIS2_PLACEMENT_3D('',#8966,#8967,#8968);
#8966 = CARTESIAN_POINT('',(28.,-37.2,-1.8));
#8967 = DIRECTION('',(-1.,0.,0.));
#8968 = DIRECTION('',(0.,1.,0.));
#8969 = PCURVE('',#7656,#8970);
#8970 = DEFINITIONAL_REPRESENTATION('',(#8971),#8975);
#8971 = LINE('',#8972,#8973);
#8972 = CARTESIAN_POINT('',(1.570796184825,0.));
#8973 = VECTOR('',#8974,1.);
#8974 = DIRECTION('',(-6.455777371478E-09,1.));
#8975 = ( GEOMETRIC_REPRESENTATION_CONTEXT(2) 
PARAMETRIC_REPRESENTATION_CONTEXT() REPRESENTATION_CONTEXT('2D SPACE',''
  ) );
#8976 = PCURVE('',#7691,#8977);
#8977 = DEFINITIONAL_REPRESENTATION('',(#8978),#8982);
#8978 = LINE('',#8979,#8980);
#8979 = CARTESIAN_POINT('',(7.068583470577,-27.74999994676));
#8980 = VECTOR('',#8981,1.);
#8981 = DIRECTION('',(-1.,0.));
#8982 = ( GEOMETRIC_REPRESENTATION_CONTEXT(2) 
PARAMETRIC_REPRESENTATION_CONTEXT() REPRESENTATION_CONTEXT('2D SPACE',''
  ) );
#8983 = ORIENTED_EDGE('',*,*,#8885,.F.);
#8984 = ORIENTED_EDGE('',*,*,#8934,.F.);
#8985 = ADVANCED_FACE('',(#8986),#7691,.F.);
#8986 = FACE_BOUND('',#8987,.F.);
#8987 = EDGE_LOOP('',(#8988,#8989,#9011,#9012));
#8988 = ORIENTED_EDGE('',*,*,#7675,.F.);
#8989 = ORIENTED_EDGE('',*,*,#8990,.T.);
#8990 = EDGE_CURVE('',#7676,#8839,#8991,.T.);
#8991 = SURFACE_CURVE('',#8992,(#8997,#9004),.PCURVE_S1.);
#8992 = CIRCLE('',#8993,0.2);
#8993 = AXIS2_PLACEMENT_3D('',#8994,#8995,#8996);
#8994 = CARTESIAN_POINT('',(42.468871125851,-37.2,-1.8));
#8995 = DIRECTION('',(-1.,0.,0.));
#8996 = DIRECTION('',(0.,1.,0.));
#8997 = PCURVE('',#7691,#8998);
#8998 = DEFINITIONAL_REPRESENTATION('',(#8999),#9003);
#8999 = LINE('',#9000,#9001);
#9000 = CARTESIAN_POINT('',(7.068583470577,-13.28112882091));
#9001 = VECTOR('',#9002,1.);
#9002 = DIRECTION('',(-1.,0.));
#9003 = ( GEOMETRIC_REPRESENTATION_CONTEXT(2) 
PARAMETRIC_REPRESENTATION_CONTEXT() REPRESENTATION_CONTEXT('2D SPACE',''
  ) );
#9004 = PCURVE('',#7743,#9005);
#9005 = DEFINITIONAL_REPRESENTATION('',(#9006),#9010);
#9006 = LINE('',#9007,#9008);
#9007 = CARTESIAN_POINT('',(1.570796326795,6.28318530718));
#9008 = VECTOR('',#9009,1.);
#9009 = DIRECTION('',(0.,-1.));
#9010 = ( GEOMETRIC_REPRESENTATION_CONTEXT(2) 
PARAMETRIC_REPRESENTATION_CONTEXT() REPRESENTATION_CONTEXT('2D SPACE',''
  ) );
#9011 = ORIENTED_EDGE('',*,*,#8862,.F.);
#9012 = ORIENTED_EDGE('',*,*,#8962,.F.);
#9013 = ADVANCED_FACE('',(#9014),#7743,.F.);
#9014 = FACE_BOUND('',#9015,.F.);
#9015 = EDGE_LOOP('',(#9016,#9017,#9018,#9019));
#9016 = ORIENTED_EDGE('',*,*,#7728,.F.);
#9017 = ORIENTED_EDGE('',*,*,#8808,.T.);
#9018 = ORIENTED_EDGE('',*,*,#8838,.F.);
#9019 = ORIENTED_EDGE('',*,*,#8990,.F.);
#9020 = ADVANCED_FACE('',(#9021),#7821,.F.);
#9021 = FACE_BOUND('',#9022,.F.);
#9022 = EDGE_LOOP('',(#9023,#9046,#9068,#9069));
#9023 = ORIENTED_EDGE('',*,*,#9024,.F.);
#9024 = EDGE_CURVE('',#9025,#7839,#9027,.T.);
#9025 = VERTEX_POINT('',#9026);
#9026 = CARTESIAN_POINT('',(67.8,-40.,-2.));
#9027 = SURFACE_CURVE('',#9028,(#9032,#9039),.PCURVE_S1.);
#9028 = LINE('',#9029,#9030);
#9029 = CARTESIAN_POINT('',(67.8,-67.74999994676,-2.));
#9030 = VECTOR('',#9031,1.);
#9031 = DIRECTION('',(2.400482222314E-16,-1.,0.));
#9032 = PCURVE('',#7821,#9033);
#9033 = DEFINITIONAL_REPRESENTATION('',(#9034),#9038);
#9034 = LINE('',#9035,#9036);
#9035 = CARTESIAN_POINT('',(5.497787143783,0.));
#9036 = VECTOR('',#9037,1.);
#9037 = DIRECTION('',(0.,1.));
#9038 = ( GEOMETRIC_REPRESENTATION_CONTEXT(2) 
PARAMETRIC_REPRESENTATION_CONTEXT() REPRESENTATION_CONTEXT('2D SPACE',''
  ) );
#9039 = PCURVE('',#7882,#9040);
#9040 = DEFINITIONAL_REPRESENTATION('',(#9041),#9045);
#9041 = LINE('',#9042,#9043);
#9042 = CARTESIAN_POINT('',(21.3,9.24999994676));
#9043 = VECTOR('',#9044,1.);
#9044 = DIRECTION('',(2.400482222314E-16,1.));
#9045 = ( GEOMETRIC_REPRESENTATION_CONTEXT(2) 
PARAMETRIC_REPRESENTATION_CONTEXT() REPRESENTATION_CONTEXT('2D SPACE',''
  ) );
#9046 = ORIENTED_EDGE('',*,*,#9047,.F.);
#9047 = EDGE_CURVE('',#7785,#9025,#9048,.T.);
#9048 = SURFACE_CURVE('',#9049,(#9054,#9061),.PCURVE_S1.);
#9049 = CIRCLE('',#9050,0.2);
#9050 = AXIS2_PLACEMENT_3D('',#9051,#9052,#9053);
#9051 = CARTESIAN_POINT('',(67.8,-40.,-1.8));
#9052 = DIRECTION('',(-0.,1.,0.));
#9053 = DIRECTION('',(1.,0.,0.));
#9054 = PCURVE('',#7821,#9055);
#9055 = DEFINITIONAL_REPRESENTATION('',(#9056),#9060);
#9056 = LINE('',#9057,#9058);
#9057 = CARTESIAN_POINT('',(7.068583470577,-27.74999994676));
#9058 = VECTOR('',#9059,1.);
#9059 = DIRECTION('',(-1.,0.));
#9060 = ( GEOMETRIC_REPRESENTATION_CONTEXT(2) 
PARAMETRIC_REPRESENTATION_CONTEXT() REPRESENTATION_CONTEXT('2D SPACE',''
  ) );
#9061 = PCURVE('',#8206,#9062);
#9062 = DEFINITIONAL_REPRESENTATION('',(#9063),#9067);
#9063 = LINE('',#9064,#9065);
#9064 = CARTESIAN_POINT('',(3.14159251162,0.));
#9065 = VECTOR('',#9066,1.);
#9066 = DIRECTION('',(-6.455777371479E-09,1.));
#9067 = ( GEOMETRIC_REPRESENTATION_CONTEXT(2) 
PARAMETRIC_REPRESENTATION_CONTEXT() REPRESENTATION_CONTEXT('2D SPACE',''
  ) );
#9068 = ORIENTED_EDGE('',*,*,#7807,.F.);
#9069 = ORIENTED_EDGE('',*,*,#7838,.F.);
#9070 = ADVANCED_FACE('',(#9071),#7882,.F.);
#9071 = FACE_BOUND('',#9072,.T.);
#9072 = EDGE_LOOP('',(#9073,#9074,#9075,#9099,#9122,#9146,#9172));
#9073 = ORIENTED_EDGE('',*,*,#7866,.T.);
#9074 = ORIENTED_EDGE('',*,*,#9024,.F.);
#9075 = ORIENTED_EDGE('',*,*,#9076,.F.);
#9076 = EDGE_CURVE('',#9077,#9025,#9079,.T.);
#9077 = VERTEX_POINT('',#9078);
#9078 = CARTESIAN_POINT('',(64.999999872227,-37.2,-2.));
#9079 = SURFACE_CURVE('',#9080,(#9085,#9092),.PCURVE_S1.);
#9080 = CIRCLE('',#9081,2.80000042591);
#9081 = AXIS2_PLACEMENT_3D('',#9082,#9083,#9084);
#9082 = CARTESIAN_POINT('',(64.99999957409,-40.00000042591,-2.));
#9083 = DIRECTION('',(0.,0.,-1.));
#9084 = DIRECTION('',(0.707106768638,0.707106793735,0.));
#9085 = PCURVE('',#7882,#9086);
#9086 = DEFINITIONAL_REPRESENTATION('',(#9087),#9091);
#9087 = CIRCLE('',#9088,2.80000042591);
#9088 = AXIS2_PLACEMENT_2D('',#9089,#9090);
#9089 = CARTESIAN_POINT('',(18.49999957409,-18.49999957409));
#9090 = DIRECTION('',(0.707106768638,-0.707106793735));
#9091 = ( GEOMETRIC_REPRESENTATION_CONTEXT(2) 
PARAMETRIC_REPRESENTATION_CONTEXT() REPRESENTATION_CONTEXT('2D SPACE',''
  ) );
#9092 = PCURVE('',#8206,#9093);
#9093 = DEFINITIONAL_REPRESENTATION('',(#9094),#9098);
#9094 = LINE('',#9095,#9096);
#9095 = CARTESIAN_POINT('',(-3.926990834733,1.570796326795));
#9096 = VECTOR('',#9097,1.);
#9097 = DIRECTION('',(1.,-7.067900455675E-15));
#9098 = ( GEOMETRIC_REPRESENTATION_CONTEXT(2) 
PARAMETRIC_REPRESENTATION_CONTEXT() REPRESENTATION_CONTEXT('2D SPACE',''
  ) );
#9099 = ORIENTED_EDGE('',*,*,#9100,.F.);
#9100 = EDGE_CURVE('',#9101,#9077,#9103,.T.);
#9101 = VERTEX_POINT('',#9102);
#9102 = CARTESIAN_POINT('',(50.531128874149,-37.2,-2.));
#9103 = SURFACE_CURVE('',#9104,(#9108,#9115),.PCURVE_S1.);
#9104 = LINE('',#9105,#9106);
#9105 = CARTESIAN_POINT('',(55.749999946761,-37.2,-2.));
#9106 = VECTOR('',#9107,1.);
#9107 = DIRECTION('',(1.,-6.001205555784E-16,0.));
#9108 = PCURVE('',#7882,#9109);
#9109 = DEFINITIONAL_REPRESENTATION('',(#9110),#9114);
#9110 = LINE('',#9111,#9112);
#9111 = CARTESIAN_POINT('',(9.249999946761,-21.3));
#9112 = VECTOR('',#9113,1.);
#9113 = DIRECTION('',(1.,6.001205555784E-16));
#9114 = ( GEOMETRIC_REPRESENTATION_CONTEXT(2) 
PARAMETRIC_REPRESENTATION_CONTEXT() REPRESENTATION_CONTEXT('2D SPACE',''
  ) );
#9115 = PCURVE('',#8154,#9116);
#9116 = DEFINITIONAL_REPRESENTATION('',(#9117),#9121);
#9117 = LINE('',#9118,#9119);
#9118 = CARTESIAN_POINT('',(5.497787143783,0.));
#9119 = VECTOR('',#9120,1.);
#9120 = DIRECTION('',(1.71879310797E-15,1.));
#9121 = ( GEOMETRIC_REPRESENTATION_CONTEXT(2) 
PARAMETRIC_REPRESENTATION_CONTEXT() REPRESENTATION_CONTEXT('2D SPACE',''
  ) );
#9122 = ORIENTED_EDGE('',*,*,#9123,.F.);
#9123 = EDGE_CURVE('',#9124,#9101,#9126,.T.);
#9124 = VERTEX_POINT('',#9125);
#9125 = CARTESIAN_POINT('',(49.814483740967,-38.35555555555,-2.));
#9126 = SURFACE_CURVE('',#9127,(#9132,#9139),.PCURVE_S1.);
#9127 = CIRCLE('',#9128,0.8);
#9128 = AXIS2_PLACEMENT_3D('',#9129,#9130,#9131);
#9129 = CARTESIAN_POINT('',(50.531128874149,-38.,-2.));
#9130 = DIRECTION('',(0.,0.,-1.));
#9131 = DIRECTION('',(-0.849836585599,0.527046276695,0.));
#9132 = PCURVE('',#7882,#9133);
#9133 = DEFINITIONAL_REPRESENTATION('',(#9134),#9138);
#9134 = CIRCLE('',#9135,0.8);
#9135 = AXIS2_PLACEMENT_2D('',#9136,#9137);
#9136 = CARTESIAN_POINT('',(4.031128874149,-20.5));
#9137 = DIRECTION('',(-0.849836585599,-0.527046276695));
#9138 = ( GEOMETRIC_REPRESENTATION_CONTEXT(2) 
PARAMETRIC_REPRESENTATION_CONTEXT() REPRESENTATION_CONTEXT('2D SPACE',''
  ) );
#9139 = PCURVE('',#8119,#9140);
#9140 = DEFINITIONAL_REPRESENTATION('',(#9141),#9145);
#9141 = LINE('',#9142,#9143);
#9142 = CARTESIAN_POINT('',(6.28318530718,4.712388980385));
#9143 = VECTOR('',#9144,1.);
#9144 = DIRECTION('',(-1.,1.530324159592E-14));
#9145 = ( GEOMETRIC_REPRESENTATION_CONTEXT(2) 
PARAMETRIC_REPRESENTATION_CONTEXT() REPRESENTATION_CONTEXT('2D SPACE',''
  ) );
#9146 = ORIENTED_EDGE('',*,*,#9147,.F.);
#9147 = EDGE_CURVE('',#7921,#9124,#9148,.T.);
#9148 = SURFACE_CURVE('',#9149,(#9154,#9165),.PCURVE_S1.);
#9149 = CIRCLE('',#9150,3.7);
#9150 = AXIS2_PLACEMENT_3D('',#9151,#9152,#9153);
#9151 = CARTESIAN_POINT('',(46.5,-40.,-2.));
#9152 = DIRECTION('',(-0.,0.,1.));
#9153 = DIRECTION('',(0.,-1.,0.));
#9154 = PCURVE('',#7882,#9155);
#9155 = DEFINITIONAL_REPRESENTATION('',(#9156),#9164);
#9156 = ( BOUNDED_CURVE() B_SPLINE_CURVE(2,(#9157,#9158,#9159,#9160,
#9161,#9162,#9163),.UNSPECIFIED.,.T.,.F.) B_SPLINE_CURVE_WITH_KNOTS((1,2
    ,2,2,2,1),(-2.094395102393,0.,2.094395102393,4.188790204786,
6.28318530718,8.377580409573),.UNSPECIFIED.) CURVE() 
GEOMETRIC_REPRESENTATION_ITEM() RATIONAL_B_SPLINE_CURVE((1.,0.5,1.,0.5,
1.,0.5,1.)) REPRESENTATION_ITEM('') );
#9157 = CARTESIAN_POINT('',(0.,-14.8));
#9158 = CARTESIAN_POINT('',(6.408587988005,-14.8));
#9159 = CARTESIAN_POINT('',(3.204293994002,-20.35));
#9160 = CARTESIAN_POINT('',(9.06238631369E-16,-25.9));
#9161 = CARTESIAN_POINT('',(-3.204293994002,-20.35));
#9162 = CARTESIAN_POINT('',(-6.408587988005,-14.8));
#9163 = CARTESIAN_POINT('',(0.,-14.8));
#9164 = ( GEOMETRIC_REPRESENTATION_CONTEXT(2) 
PARAMETRIC_REPRESENTATION_CONTEXT() REPRESENTATION_CONTEXT('2D SPACE',''
  ) );
#9165 = PCURVE('',#7973,#9166);
#9166 = DEFINITIONAL_REPRESENTATION('',(#9167),#9171);
#9167 = LINE('',#9168,#9169);
#9168 = CARTESIAN_POINT('',(7.435697434624,1.570796326795));
#9169 = VECTOR('',#9170,1.);
#9170 = DIRECTION('',(-1.,-9.979950785061E-15));
#9171 = ( GEOMETRIC_REPRESENTATION_CONTEXT(2) 
PARAMETRIC_REPRESENTATION_CONTEXT() REPRESENTATION_CONTEXT('2D SPACE',''
  ) );
#9172 = ORIENTED_EDGE('',*,*,#7920,.T.);
#9173 = ADVANCED_FACE('',(#9174),#7973,.F.);
#9174 = FACE_BOUND('',#9175,.F.);
#9175 = EDGE_LOOP('',(#9176,#9177,#9199,#9200));
#9176 = ORIENTED_EDGE('',*,*,#8032,.F.);
#9177 = ORIENTED_EDGE('',*,*,#9178,.T.);
#9178 = EDGE_CURVE('',#8033,#9124,#9179,.T.);
#9179 = SURFACE_CURVE('',#9180,(#9185,#9192),.PCURVE_S1.);
#9180 = CIRCLE('',#9181,0.2);
#9181 = AXIS2_PLACEMENT_3D('',#9182,#9183,#9184);
#9182 = CARTESIAN_POINT('',(49.814483740967,-38.35555555555,-1.8));
#9183 = DIRECTION('',(0.444444444444,-0.895806416478,0.));
#9184 = DIRECTION('',(-0.895806416478,-0.444444444444,0.));
#9185 = PCURVE('',#7973,#9186);
#9186 = DEFINITIONAL_REPRESENTATION('',(#9187),#9191);
#9187 = LINE('',#9188,#9189);
#9188 = CARTESIAN_POINT('',(5.404347116147,3.14159265359));
#9189 = VECTOR('',#9190,1.);
#9190 = DIRECTION('',(-5.654319433713E-16,-1.));
#9191 = ( GEOMETRIC_REPRESENTATION_CONTEXT(2) 
PARAMETRIC_REPRESENTATION_CONTEXT() REPRESENTATION_CONTEXT('2D SPACE',''
  ) );
#9192 = PCURVE('',#8119,#9193);
#9193 = DEFINITIONAL_REPRESENTATION('',(#9194),#9198);
#9194 = LINE('',#9195,#9196);
#9195 = CARTESIAN_POINT('',(1.015675159238,6.28318530718));
#9196 = VECTOR('',#9197,1.);
#9197 = DIRECTION('',(2.261727773485E-15,-1.));
#9198 = ( GEOMETRIC_REPRESENTATION_CONTEXT(2) 
PARAMETRIC_REPRESENTATION_CONTEXT() REPRESENTATION_CONTEXT('2D SPACE',''
  ) );
#9199 = ORIENTED_EDGE('',*,*,#9147,.F.);
#9200 = ORIENTED_EDGE('',*,*,#7943,.F.);
#9201 = ADVANCED_FACE('',(#9202),#8119,.F.);
#9202 = FACE_BOUND('',#9203,.F.);
#9203 = EDGE_LOOP('',(#9204,#9205,#9227,#9228));
#9204 = ORIENTED_EDGE('',*,*,#8104,.F.);
#9205 = ORIENTED_EDGE('',*,*,#9206,.T.);
#9206 = EDGE_CURVE('',#8082,#9101,#9207,.T.);
#9207 = SURFACE_CURVE('',#9208,(#9213,#9220),.PCURVE_S1.);
#9208 = CIRCLE('',#9209,0.2);
#9209 = AXIS2_PLACEMENT_3D('',#9210,#9211,#9212);
#9210 = CARTESIAN_POINT('',(50.531128874149,-37.2,-1.8));
#9211 = DIRECTION('',(-1.,0.,0.));
#9212 = DIRECTION('',(0.,1.,0.));
#9213 = PCURVE('',#8119,#9214);
#9214 = DEFINITIONAL_REPRESENTATION('',(#9215),#9219);
#9215 = LINE('',#9216,#9217);
#9216 = CARTESIAN_POINT('',(-1.015675159238,6.28318530718));
#9217 = VECTOR('',#9218,1.);
#9218 = DIRECTION('',(5.654319433713E-16,-1.));
#9219 = ( GEOMETRIC_REPRESENTATION_CONTEXT(2) 
PARAMETRIC_REPRESENTATION_CONTEXT() REPRESENTATION_CONTEXT('2D SPACE',''
  ) );
#9220 = PCURVE('',#8154,#9221);
#9221 = DEFINITIONAL_REPRESENTATION('',(#9222),#9226);
#9222 = LINE('',#9223,#9224);
#9223 = CARTESIAN_POINT('',(7.068583470577,-5.218871072612));
#9224 = VECTOR('',#9225,1.);
#9225 = DIRECTION('',(-1.,0.));
#9226 = ( GEOMETRIC_REPRESENTATION_CONTEXT(2) 
PARAMETRIC_REPRESENTATION_CONTEXT() REPRESENTATION_CONTEXT('2D SPACE',''
  ) );
#9227 = ORIENTED_EDGE('',*,*,#9123,.F.);
#9228 = ORIENTED_EDGE('',*,*,#9178,.F.);
#9229 = ADVANCED_FACE('',(#9230),#8154,.F.);
#9230 = FACE_BOUND('',#9231,.F.);
#9231 = EDGE_LOOP('',(#9232,#9233,#9255,#9256));
#9232 = ORIENTED_EDGE('',*,*,#8138,.F.);
#9233 = ORIENTED_EDGE('',*,*,#9234,.T.);
#9234 = EDGE_CURVE('',#8139,#9077,#9235,.T.);
#9235 = SURFACE_CURVE('',#9236,(#9241,#9248),.PCURVE_S1.);
#9236 = CIRCLE('',#9237,0.2);
#9237 = AXIS2_PLACEMENT_3D('',#9238,#9239,#9240);
#9238 = CARTESIAN_POINT('',(64.999999872227,-37.2,-1.8));
#9239 = DIRECTION('',(-1.,1.064774934889E-07,0.));
#9240 = DIRECTION('',(1.064774934889E-07,1.,0.));
#9241 = PCURVE('',#8154,#9242);
#9242 = DEFINITIONAL_REPRESENTATION('',(#9243),#9247);
#9243 = LINE('',#9244,#9245);
#9244 = CARTESIAN_POINT('',(7.068583470577,9.249999946761));
#9245 = VECTOR('',#9246,1.);
#9246 = DIRECTION('',(-1.,-1.355713100998E-08));
#9247 = ( GEOMETRIC_REPRESENTATION_CONTEXT(2) 
PARAMETRIC_REPRESENTATION_CONTEXT() REPRESENTATION_CONTEXT('2D SPACE',''
  ) );
#9248 = PCURVE('',#8206,#9249);
#9249 = DEFINITIONAL_REPRESENTATION('',(#9250),#9254);
#9250 = LINE('',#9251,#9252);
#9251 = CARTESIAN_POINT('',(1.570796433272,0.));
#9252 = VECTOR('',#9253,1.);
#9253 = DIRECTION('',(-1.9790118018E-15,1.));
#9254 = ( GEOMETRIC_REPRESENTATION_CONTEXT(2) 
PARAMETRIC_REPRESENTATION_CONTEXT() REPRESENTATION_CONTEXT('2D SPACE',''
  ) );
#9255 = ORIENTED_EDGE('',*,*,#9100,.F.);
#9256 = ORIENTED_EDGE('',*,*,#9206,.F.);
#9257 = ADVANCED_FACE('',(#9258),#8206,.F.);
#9258 = FACE_BOUND('',#9259,.F.);
#9259 = EDGE_LOOP('',(#9260,#9261,#9262,#9263));
#9260 = ORIENTED_EDGE('',*,*,#8191,.F.);
#9261 = ORIENTED_EDGE('',*,*,#9047,.T.);
#9262 = ORIENTED_EDGE('',*,*,#9076,.F.);
#9263 = ORIENTED_EDGE('',*,*,#9234,.F.);
#9264 = ( GEOMETRIC_REPRESENTATION_CONTEXT(3) 
GLOBAL_UNCERTAINTY_ASSIGNED_CONTEXT((#9268)) 
GLOBAL_UNIT_ASSIGNED_CONTEXT((#9265,#9266,#9267)) REPRESENTATION_CONTEXT
('Context #1','3D Context with UNIT and UNCERTAINTY') );
#9265 = ( LENGTH_UNIT() NAMED_UNIT(*) SI_UNIT(.MILLI.,.METRE.) );
#9266 = ( NAMED_UNIT(*) PLANE_ANGLE_UNIT() SI_UNIT($,.RADIAN.) );
#9267 = ( NAMED_UNIT(*) SI_UNIT($,.STERADIAN.) SOLID_ANGLE_UNIT() );
#9268 = UNCERTAINTY_MEASURE_WITH_UNIT(LENGTH_MEASURE(5.E-06),#9265,
  'distance_accuracy_value','confusion accuracy');
#9269 = PRODUCT_RELATED_PRODUCT_CATEGORY('part',$,(#7));
#9270 = MECHANICAL_DESIGN_GEOMETRIC_PRESENTATION_REPRESENTATION('',(
    #9271),#9264);
#9271 = STYLED_ITEM('color',(#9272),#15);
#9272 = PRESENTATION_STYLE_ASSIGNMENT((#9273,#9279));
#9273 = SURFACE_STYLE_USAGE(.BOTH.,#9274);
#9274 = SURFACE_SIDE_STYLE('',(#9275));
#9275 = SURFACE_STYLE_FILL_AREA(#9276);
#9276 = FILL_AREA_STYLE('',(#9277));
#9277 = FILL_AREA_STYLE_COLOUR('',#9278);
#9278 = COLOUR_RGB('',0.447058818107,0.474509808674,0.501960817233);
#9279 = CURVE_STYLE('',#9280,POSITIVE_LENGTH_MEASURE(0.1),#9278);
#9280 = DRAUGHTING_PRE_DEFINED_CURVE_FONT('continuous');
ENDSEC;
END-ISO-10303-21;
